ISO-10303-21;
HEADER;
FILE_DESCRIPTION(('Created by Aspose.CAD'),'2;1');
FILE_NAME('Aspose.CAD','2025-01-25T11:46:20',('Aspose'),('Aspose'),'','','');
FILE_SCHEMA(('IFC2X3'));
ENDSEC;
DATA;
#1 = IFCSIUNIT($, .LENGTHUNIT., $, .METRE.);
#2 = IFCSIUNIT($, .AREAUNIT., $, .SQUARE_METRE.);
#3 = IFCSIUNIT($, .PLANEANGLEUNIT., $, .RADIAN.);
#4 = IFCUNITASSIGNMENT((#1,#2,#3));
#5 = IFCDIRECTION((1.,0.,0.));
#6 = IFCDIRECTION((0.,0.,1.));
#7 = IFCCARTESIANPOINT((0.,0.,0.));
#8 = IFCAXIS2PLACEMENT3D(#7, #6, #5);
#9 = IFCDIRECTION((0.,1.));
#10 = IFCGEOMETRICREPRESENTATIONCONTEXT($, 'Model', 3, 1E-05, #8, #9);
#11 = IFCPROJECT('c266ff9c47654d4888259a60005972ff', $, $, $, $, $, $, (#10), #4);
#12 = IFCSITE('8e72efb9c8724335b1b054bd47227932', $, $, $, $, $, $, $, .ELEMENT., $, $, $, $, $);
#13 = IFCRELAGGREGATES($, $, $, $, #11, (#12));
#14 = IFCLOCALPLACEMENT($, #8);
#15 = IFCSHAPEREPRESENTATION(#10, 'Model', 'Model', (#19,#25,#31,#34,#37,#43,#46,#49,#63,#70,#80,#83,#93,#100,#103,#113,#116,#126,#129,#139,#142,#152,#155,#165,#168,#178,#181,#191,#194,#204,#207,#217,#220,#230,#233,#243,#246,#256,#259,#269,#272,#282,#287,#297,#300,#310,#313,#323,#326,#336,#339,#349,#352,#362,#365,#375,#380,#390,#393,#403,#408,#418,#428,#431,#441,#444,#454,#457,#467,#470,#480,#483,#493,#496,#506,#509,#519,#522,#532,#536,#542,#547,#557,#560,#570,#573,#583,#586,#596,#599,#609,#616,#626,#629,#639,#642,#652,#655,#665,#668,#678,#681,#691,#698,#701,#711,#714,#724,#727,#737,#740,#750,#753,#763,#766,#776,#779,#789,#792,#802,#805,#815,#818,#828,#831,#841,#844,#854,#857,#867,#870,#880,#885,#895,#898,#908,#911,#921,#924,#934,#937,#947,#950,#960,#963,#973,#978,#988,#991,#1001,#1006,#1016,#1026,#1029,#1039,#1042,#1052,#1055,#1065,#1068,#1078,#1081,#1091,#1094,#1104,#1107,#1117,#1120,#1130,#1134,#1139,#1149,#1152,#1162,#1165,#1175,#1178,#1188,#1203,#1213,#1216,#1226,#1229,#1239,#1242,#1252,#1258,#1264,#1267,#1277,#1280,#1290,#1293,#1303,#1306,#1316,#1319,#1329,#1332,#1342,#1345,#1355,#1358,#1368,#1371,#1381,#1391,#1394,#1404,#1407,#1417,#1420,#1430,#1433,#1443,#1446,#1456,#1459,#1469,#1472,#1482,#1489,#1499,#1502,#1512,#1515,#1525,#1528,#1538,#1541,#1551,#1558,#1568,#1571,#1581,#1584,#1594,#1597,#1607,#1610,#1620,#1625,#1628,#1638,#1641,#1651,#1654,#1664,#1667,#1677,#1680,#1690,#1693,#1703,#1706,#1716,#1719,#1729,#1732,#1742,#1752,#1755,#1765,#1768,#1778,#1781,#1791,#1794,#1804,#1807,#1817,#1820,#1830,#1833,#1843,#1850,#1860,#1863,#1873,#1876,#1886,#1889,#1899,#1902,#1912,#1919,#1929,#1932,#1942,#1945,#1955,#1958,#1968,#1971,#1981,#1986,#1992,#1997,#2007,#2010,#2020,#2023,#2033,#2036,#2046,#2049,#2059,#2066,#2076,#2079,#2089,#2096,#2106,#2109,#2119,#2122,#2132,#2135,#2145,#2151,#2156,#2166,#2169,#2179,#2182,#2192,#2195,#2205,#2208,#2218,#2221,#2231,#2234,#2244,#2247,#2257,#2260,#2270,#2273,#2283,#2288,#2298,#2301,#2311,#2314,#2324,#2327,#2337,#2340,#2350,#2353,#2363,#2366,#2376,#2379,#2389,#2392,#2402,#2405,#2415,#2422,#2432,#2435,#2445,#2448,#2458,#2463,#2473,#2476,#2486,#2489,#2499,#2502,#2512,#2517,#2522,#2532,#2535,#2545,#2548,#2558,#2561,#2571,#2574,#2584,#2587,#2597,#2600,#2610,#2613,#2623,#2626,#2636,#2641,#2651,#2654,#2664,#2667,#2677,#2680,#2690,#2693,#2703,#2706,#2716,#2719,#2729,#2732,#2742,#2745,#2755,#2758,#2768,#2771,#2781,#2784,#2794,#2797,#2807,#2810,#2820,#2823,#2833,#2836,#2846,#2849,#2859,#2862,#2872,#2875,#2885,#2888,#2898,#2901,#2911,#2914,#2924,#2929,#2939,#2942,#2952,#2955,#2965,#2968,#2978,#2981,#2991,#2994,#3004,#3007,#3017,#3022,#3032,#3035,#3045,#3050,#3060,#3070,#3073,#3083,#3086,#3096,#3099,#3109,#3112,#3122,#3125,#3135,#3138,#3148,#3151,#3161,#3164,#3174,#3178,#3183,#3193,#3196,#3206,#3209,#3219,#3222,#3232,#3247,#3257,#3260,#3270,#3273,#3283,#3286,#3296,#3301,#3311,#3314,#3324,#3327,#3337,#3340,#3350,#3353,#3363,#3366,#3376,#3379,#3389,#3392,#3402,#3405,#3415,#3420,#3430,#3433,#3443,#3446,#3456,#3459,#3469,#3472,#3482,#3485,#3495,#3498,#3508,#3511,#3521,#3526,#3536,#3539,#3549,#3552,#3562,#3565,#3575,#3578,#3588,#3591,#3601,#3604,#3614,#3617,#3627,#3630,#3640,#3647,#3657,#3660,#3670,#3673,#3683,#3686,#3696,#3699,#3709,#3712,#3722,#3725,#3735,#3738,#3748,#3756,#3766,#3782,#3788,#3794,#3799,#3809,#3812,#3822,#3825,#3835,#3838,#3848,#3863,#3873,#3876,#3886,#3889,#3899,#3902,#3912,#3919,#3929,#3932,#3942,#3945,#3955,#3958,#3968,#3975,#3985,#3988,#3998,#4001,#4011,#4014,#4024,#4027,#4037,#4042,#4052,#4057,#4067,#4070,#4080,#4084,#4089,#4099,#4102,#4112,#4115,#4125,#4128,#4138,#4141,#4151,#4154,#4164,#4167,#4177,#4180,#4190,#4193,#4203,#4206,#4216,#4219,#4229,#4232,#4242,#4245,#4255,#4258,#4268,#4271,#4281,#4284,#4294,#4299,#4309,#4312,#4322,#4325,#4335,#4338,#4348,#4351,#4361,#4364,#4374,#4377,#4387,#4390,#4400,#4403,#4413,#4416,#4426,#4429,#4439,#4442,#4452,#4455,#4465,#4468,#4478,#4481,#4491,#4498,#4508,#4511,#4521,#4524,#4534,#4537,#4547,#4550,#4560,#4563,#4573,#4576,#4586,#4589,#4599,#4602,#4612,#4615,#4625,#4630,#4640,#4643,#4653,#4656,#4666,#4669,#4679,#4682,#4692,#4695,#4705,#4708,#4718,#4721,#4731,#4734,#4744,#4747,#4757,#4760,#4770,#4773,#4783,#4786,#4796,#4799,#4809,#4812,#4822,#4825,#4835,#4838,#4848,#4858,#4861,#4871,#4874,#4884,#4887,#4897,#4900,#4910,#4913,#4923,#4926,#4936,#4939,#4949,#4954,#4964,#4967,#4977,#4980,#4990,#4993,#5003,#5006,#5016,#5019,#5029,#5032,#5042,#5045,#5055,#5058,#5068,#5071,#5081,#5084,#5094,#5097,#5107,#5110,#5120,#5123,#5133,#5136,#5146,#5149,#5159,#5164,#5174,#5177,#5187,#5190,#5200,#5203,#5213,#5216,#5226,#5229,#5239,#5242,#5252,#5255,#5265,#5268,#5278,#5281,#5291,#5294,#5304,#5307,#5317,#5320,#5330,#5333,#5343,#5346,#5356,#5361,#5371,#5374,#5384,#5387,#5397,#5400,#5410,#5413,#5423,#5426,#5436,#5439,#5449,#5452,#5462,#5465,#5475,#5480,#5490,#5493,#5503,#5506,#5516,#5519,#5529,#5532,#5542,#5545,#5555,#5558,#5568,#5571,#5581,#5587,#5592,#5602,#5605,#5615,#5618,#5628,#5631,#5641,#5644,#5654,#5657,#5667,#5670,#5680,#5683,#5693,#5696,#5706,#5709,#5719,#5724,#5734,#5737,#5747,#5750,#5760,#5763,#5773,#5776,#5786,#5789,#5799,#5802,#5812,#5815,#5825,#5828,#5838,#5841,#5851,#5861,#5866,#5876,#5879,#5889,#5893,#5899,#5909,#5912,#5922,#5925,#5935,#5938,#5948,#5951,#5961,#5964,#5974,#5977,#5987,#5990,#6000,#6003,#6013,#6017,#6020,#6030,#6033,#6043,#6046,#6056,#6059,#6069,#6072,#6082,#6085,#6095,#6098,#6108,#6113,#6119,#6124,#6134,#6137,#6147,#6150,#6160,#6163,#6173,#6176,#6186,#6189,#6199,#6202,#6212,#6215,#6225,#6228,#6238,#6241,#6251,#6256,#6266,#6269,#6279,#6282,#6292,#6295,#6305,#6308,#6318,#6321,#6331,#6334,#6344,#6347,#6357,#6360,#6370,#6373,#6383,#6386,#6396,#6399,#6409,#6412,#6422,#6425,#6435,#6438,#6448,#6451,#6461,#6464,#6474,#6477,#6487,#6490,#6500,#6510,#6513,#6523,#6526,#6536,#6539,#6549,#6552,#6562,#6565,#6575,#6578,#6588,#6591,#6601,#6608,#6618,#6621,#6631,#6634,#6644,#6647,#6657,#6660,#6670,#6673,#6683,#6686,#6696,#6699,#6709,#6712,#6722,#6725,#6735,#6740,#6750,#6753,#6763,#6766,#6776,#6779,#6789,#6792,#6802,#6805,#6815,#6818,#6828,#6831,#6841,#6846,#6856,#6859,#6869,#6872,#6882,#6885,#6895,#6898,#6908,#6915,#6925,#6928,#6938,#6945,#6955,#6958,#6968,#6971,#6981,#6984,#6994,#7001,#7011,#7014,#7024,#7027,#7037,#7042,#7052,#7055,#7065,#7068,#7078,#7081,#7091,#7096,#7102,#7108,#7113,#7123,#7126,#7136,#7139,#7149,#7152,#7162,#7165,#7175,#7178,#7188,#7191,#7201,#7204,#7214,#7217,#7227,#7230,#7240,#7243,#7253,#7256,#7266,#7273,#7283,#7286,#7296,#7299,#7309,#7312,#7322,#7325,#7335,#7345,#7348,#7358,#7361,#7371,#7374,#7384,#7387,#7397,#7400,#7410,#7413,#7423,#7426,#7436,#7443,#7453,#7456,#7466,#7469,#7479,#7482,#7492,#7499,#7509,#7512,#7522,#7525,#7535,#7538,#7548,#7551,#7561,#7566,#7571,#7581,#7584,#7594,#7597,#7607,#7610,#7620,#7635,#7645,#7648,#7658,#7661,#7671,#7674,#7684,#7690,#7700,#7703,#7713,#7716,#7726,#7729,#7739,#7742,#7752,#7755,#7765,#7768,#7778,#7781,#7791,#7794,#7804,#7809,#7819,#7822,#7832,#7835,#7845,#7848,#7858,#7861,#7871,#7874,#7884,#7887,#7897,#7900,#7910,#7913,#7923,#7927,#7930,#7940,#7943,#7953,#7956,#7966,#7969,#7979,#7982,#7992,#7995,#8005,#8008,#8018,#8021,#8031,#8034,#8044,#8047,#8057,#8060,#8070,#8073,#8083,#8093,#8096,#8106,#8109,#8119,#8122,#8132,#8135,#8145,#8148,#8158,#8161,#8171,#8174,#8184,#8190,#8200,#8203,#8213,#8218,#8228,#8231,#8241,#8246,#8251,#8261,#8264,#8274,#8277,#8287,#8290,#8300,#8303,#8313,#8316,#8326,#8329,#8339,#8342,#8352,#8355,#8365,#8368,#8378,#8381,#8391,#8394,#8404,#8407,#8417,#8420,#8430,#8433,#8443,#8446,#8456,#8459,#8469,#8472,#8482,#8492,#8495,#8505,#8508,#8518,#8521,#8531,#8534,#8544,#8547,#8557,#8560,#8570,#8573,#8583,#8586,#8596,#8602,#8608,#8618,#8621,#8631,#8634,#8644,#8647,#8657,#8660,#8670,#8673,#8683,#8686,#8696,#8699,#8709,#8712,#8722,#8727,#8737,#8740,#8750,#8753,#8763,#8766,#8776,#8779,#8789,#8792,#8802,#8805,#8815,#8818,#8828,#8831,#8841,#8845,#8848,#8858,#8861,#8871,#8874,#8884,#8887,#8897,#8900,#8910,#8913,#8923,#8926,#8936,#8939,#8949,#8952,#8962,#8965,#8975,#8978,#8988,#8991,#9001,#9011,#9014,#9024,#9027,#9037,#9040,#9050,#9053,#9063,#9066,#9076,#9079,#9089,#9092,#9102,#9108,#9118,#9121,#9131,#9134,#9144,#9147,#9157,#9160,#9170,#9173,#9183,#9186,#9196,#9199,#9209,#9212,#9222,#9227,#9237,#9240,#9250,#9253,#9263,#9266,#9276,#9279,#9289,#9292,#9302,#9305,#9315,#9318,#9328,#9331,#9341,#9345,#9350,#9360,#9363,#9373,#9376,#9386,#9389,#9399,#9402,#9412,#9415,#9425,#9428,#9438,#9441,#9451,#9461,#9471,#9474,#9484,#9487,#9497,#9500,#9510,#9513,#9523,#9526,#9536,#9539,#9549,#9559,#9564,#9574,#9577,#9587,#9591,#9596,#9606,#9609,#9619,#9622,#9632,#9635,#9645,#9648,#9658,#9661,#9671,#9674,#9684,#9687,#9697,#9700,#9710,#9713,#9723,#9726,#9736,#9739,#9749,#9752,#9762,#9765,#9775,#9778,#9788,#9791,#9801,#9806,#9816,#9819,#9829,#9832,#9842,#9845,#9855,#9858,#9868,#9871,#9881,#9884,#9894,#9897,#9907,#9910,#9920,#9923,#9933,#9936,#9946,#9949,#9959,#9962,#9972,#9975,#9985,#9988,#9998,#10005,#10015,#10018,#10028,#10031,#10041,#10044,#10054,#10057,#10067,#10070,#10080,#10083,#10093,#10096,#10106,#10109,#10119,#10122,#10132,#10137,#10147,#10150,#10160,#10163,#10173,#10176,#10186,#10189,#10199,#10202,#10212,#10215,#10225,#10228,#10238,#10241,#10251,#10254,#10264,#10267,#10277,#10280,#10290,#10293,#10303,#10306,#10316,#10319,#10329,#10332,#10342,#10345,#10355,#10365,#10368,#10378,#10381,#10391,#10394,#10404,#10407,#10417,#10420,#10430,#10433,#10443,#10446,#10456,#10461,#10471,#10474,#10484,#10487,#10497,#10500,#10510,#10513,#10523,#10526,#10536,#10539,#10549,#10552,#10562,#10565,#10575,#10578,#10588,#10591,#10601,#10604,#10614,#10617,#10627,#10630,#10640,#10643,#10653,#10656,#10666,#10671,#10681,#10684,#10694,#10697,#10707,#10710,#10720,#10723,#10733,#10736,#10746,#10749,#10759,#10762,#10772,#10775,#10785,#10788,#10798,#10801,#10811,#10814,#10824,#10827,#10837,#10840,#10850,#10853,#10863,#10868,#10878,#10881,#10891,#10894,#10904,#10907,#10917,#10920,#10930,#10933,#10943,#10946,#10956,#10959,#10969,#10972,#10982,#10987,#10997,#11000,#11010,#11013,#11023,#11026,#11036,#11039,#11049,#11052,#11062,#11065,#11075,#11078,#11088,#11094,#11104,#11107,#11117,#11120,#11130,#11133,#11143,#11146,#11156,#11159,#11169,#11175,#11178,#11188,#11191,#11201,#11204,#11214,#11217,#11227,#11230,#11240,#11245,#11250,#11260,#11263,#11273,#11276,#11286,#11289,#11299,#11314,#11324,#11327,#11337,#11340,#11350,#11353,#11363,#11368,#11378,#11381,#11391,#11394,#11404,#11407,#11417,#11420,#11430,#11437,#11447,#11450,#11460,#11467,#11477,#11480,#11490,#11493,#11503,#11506,#11516,#11524,#11529,#11539,#11542,#11552,#11555,#11565,#11568,#11578,#11593,#11603,#11606,#11616,#11619,#11629,#11632,#11642,#11647,#11657,#11660,#11670,#11673,#11683,#11686,#11696,#11699,#11709,#11712,#11722,#11725,#11735,#11738,#11748,#11751,#11761,#11768,#11778,#11781,#11791,#11794,#11804,#11807,#11817,#11820,#11830,#11833,#11843,#11846,#11856,#11859,#11869));
#16 = IFCPRODUCTDEFINITIONSHAPE($, $, (#15));
#17 = IFCBUILDINGELEMENTPROXY('19c8bd4e70584e7683a5e8df88907539', $, $, $, $, #14, #16, $, $);
#18 = IFCRELCONTAINEDINSPATIALSTRUCTURE($, $, $, $, (#17), #12);
#19 = IFCPOLYLINE((#20,#21,#22,#23,#24));
#20 = IFCCARTESIANPOINT((0.,2269.1337890625,0.));
#21 = IFCCARTESIANPOINT((0.,0.,0.));
#22 = IFCCARTESIANPOINT((2269.1337890625,0.,0.));
#23 = IFCCARTESIANPOINT((2269.1337890625,2269.1337890625,0.));
#24 = IFCCARTESIANPOINT((0.,2269.1337890625,0.));
#25 = IFCPOLYLINE((#26,#27,#28,#29,#30));
#26 = IFCCARTESIANPOINT((-567.1168570696684,-94.95135680900421,0.));
#27 = IFCCARTESIANPOINT((2836.1838645695643,-94.95135680900421,0.));
#28 = IFCCARTESIANPOINT((2836.1838645695643,2363.9427446774725,0.));
#29 = IFCCARTESIANPOINT((-567.1168570696684,2363.9427446774725,0.));
#30 = IFCCARTESIANPOINT((-567.1168570696684,-94.95135680900421,0.));
#31 = IFCPOLYLINE((#32,#33));
#32 = IFCCARTESIANPOINT((0.,2269.1337890625,0.));
#33 = IFCCARTESIANPOINT((2269.1337890625,0.,0.));
#34 = IFCPOLYLINE((#35,#36));
#35 = IFCCARTESIANPOINT((0.,0.,0.));
#36 = IFCCARTESIANPOINT((2269.1337890625,2269.1337890625,0.));
#37 = IFCPOLYLINE((#38,#39,#40,#41,#42));
#38 = IFCCARTESIANPOINT((0.,2269.1337890625,0.));
#39 = IFCCARTESIANPOINT((1509.468994140625,2269.1337890625,0.));
#40 = IFCCARTESIANPOINT((1509.468994140625,1931.1273803710938,0.));
#41 = IFCCARTESIANPOINT((0.,1931.1273803710938,0.));
#42 = IFCCARTESIANPOINT((0.,2269.1337890625,0.));
#43 = IFCPOLYLINE((#44,#45));
#44 = IFCCARTESIANPOINT((0.,2269.1337890625,0.));
#45 = IFCCARTESIANPOINT((2269.1337890625,0.,0.));
#46 = IFCPOLYLINE((#47,#48));
#47 = IFCCARTESIANPOINT((0.,0.,0.));
#48 = IFCCARTESIANPOINT((2269.1337890625,2269.1337890625,0.));
#49 = IFCPOLYLINE((#50,#51,#52,#53,#54,#55,#56,#57,#58,#59,#60,#61,#62));
#50 = IFCCARTESIANPOINT((493.71393313165754,2142.381386756897,0.));
#51 = IFCCARTESIANPOINT((493.71393313165754,2196.5244557661936,0.));
#52 = IFCCARTESIANPOINT((532.8624004917219,2196.5244557661936,0.));
#53 = IFCCARTESIANPOINT((532.8624004917219,2190.1351304329,0.));
#54 = IFCCARTESIANPOINT((500.8788413088769,2190.1351304329,0.));
#55 = IFCCARTESIANPOINT((500.8788413088769,2173.552430579439,0.));
#56 = IFCCARTESIANPOINT((530.8311120909639,2173.552430579439,0.));
#57 = IFCCARTESIANPOINT((530.8311120909639,2167.2000377625227,0.));
#58 = IFCCARTESIANPOINT((500.8788413088769,2167.2000377625227,0.));
#59 = IFCCARTESIANPOINT((500.8788413088769,2148.7707120901905,0.));
#60 = IFCCARTESIANPOINT((534.1181060485542,2148.7707120901905,0.));
#61 = IFCCARTESIANPOINT((534.1181060485542,2142.381386756897,0.));
#62 = IFCCARTESIANPOINT((493.71393313165754,2142.381386756897,0.));
#63 = IFCPOLYLINE((#64,#65,#66,#67,#68,#69));
#64 = IFCCARTESIANPOINT((554.0616648923606,2142.381386756897,0.));
#65 = IFCCARTESIANPOINT((539.1409282758832,2181.603719149716,0.));
#66 = IFCCARTESIANPOINT((546.1581063875929,2181.603719149716,0.));
#67 = IFCCARTESIANPOINT((554.5787201216444,2158.1146387336776,0.));
#68 = IFCCARTESIANPOINT((554.5787201216444,2158.1146387336776,0.));
#69 = IFCCARTESIANPOINT((554.0616648923606,2142.381386756897,0.));
#70 = IFCPOLYLINE((#71,#72,#73,#74,#75,#76,#77,#78,#79));
#71 = IFCCARTESIANPOINT((554.5787201216444,2158.1146387336776,0.));
#72 = IFCCARTESIANPOINT((554.9646272315474,2157.0217377388362,0.));
#73 = IFCCARTESIANPOINT((555.3414896435617,2155.9167771468087,0.));
#74 = IFCCARTESIANPOINT((555.7093073576879,2154.7997569575978,0.));
#75 = IFCCARTESIANPOINT((556.0680803739257,2153.670677171203,0.));
#76 = IFCCARTESIANPOINT((556.4178086922751,2152.529537787623,0.));
#77 = IFCCARTESIANPOINT((556.7584923127363,2151.3763388068587,0.));
#78 = IFCCARTESIANPOINT((557.090131235309,2150.21108022891,0.));
#79 = IFCCARTESIANPOINT((554.5787201216444,2158.1146387336776,0.));
#80 = IFCPOLYLINE((#81,#82));
#81 = IFCCARTESIANPOINT((557.090131235309,2150.21108022891,0.));
#82 = IFCCARTESIANPOINT((557.090131235309,2150.21108022891,0.));
#83 = IFCPOLYLINE((#84,#85,#86,#87,#88,#89,#90,#91,#92));
#84 = IFCCARTESIANPOINT((557.090131235309,2150.21108022891,0.));
#85 = IFCCARTESIANPOINT((557.3577035478393,2151.1230872659858,0.));
#86 = IFCCARTESIANPOINT((557.6539174036826,2152.086347591094,0.));
#87 = IFCCARTESIANPOINT((557.978772802839,2153.1008612042365,0.));
#88 = IFCCARTESIANPOINT((558.3322697453087,2154.166628105414,0.));
#89 = IFCCARTESIANPOINT((558.7144082310913,2155.283648294625,0.));
#90 = IFCCARTESIANPOINT((559.1251882601872,2156.45192177187,0.));
#91 = IFCCARTESIANPOINT((559.564609832596,2157.6714485371485,0.));
#92 = IFCCARTESIANPOINT((557.090131235309,2150.21108022891,0.));
#93 = IFCPOLYLINE((#94,#95,#96,#97,#98,#99));
#94 = IFCCARTESIANPOINT((559.564609832596,2157.6714485371485,0.));
#95 = IFCCARTESIANPOINT((568.280683697667,2181.603719149716,0.));
#96 = IFCCARTESIANPOINT((575.1131992274895,2181.603719149716,0.));
#97 = IFCCARTESIANPOINT((560.266327643767,2142.381386756897,0.));
#98 = IFCCARTESIANPOINT((554.0616648923606,2142.381386756897,0.));
#99 = IFCCARTESIANPOINT((559.564609832596,2157.6714485371485,0.));
#100 = IFCPOLYLINE((#101,#102));
#101 = IFCCARTESIANPOINT((606.5797031810507,2147.219546402339,0.));
#102 = IFCCARTESIANPOINT((606.5797031810507,2147.219546402339,0.));
#103 = IFCPOLYLINE((#104,#105,#106,#107,#108,#109,#110,#111,#112));
#104 = IFCCARTESIANPOINT((606.5797031810507,2147.219546402339,0.));
#105 = IFCCARTESIANPOINT((605.5301413635906,2146.3603001029464,0.));
#106 = IFCCARTESIANPOINT((604.4918854184905,2145.5764262859557,0.));
#107 = IFCCARTESIANPOINT((603.464935345751,2144.8679249513684,0.));
#108 = IFCCARTESIANPOINT((602.4492911453721,2144.234796099184,0.));
#109 = IFCCARTESIANPOINT((601.4449528173534,2143.6770397294026,0.));
#110 = IFCCARTESIANPOINT((600.4519203616953,2143.194655842024,0.));
#111 = IFCCARTESIANPOINT((599.4701937783975,2142.7876444370486,0.));
#112 = IFCCARTESIANPOINT((606.5797031810507,2147.219546402339,0.));
#113 = IFCPOLYLINE((#114,#115));
#114 = IFCCARTESIANPOINT((599.4701937783975,2142.7876444370486,0.));
#115 = IFCCARTESIANPOINT((599.4701937783975,2142.7876444370486,0.));
#116 = IFCPOLYLINE((#117,#118,#119,#120,#121,#122,#123,#124,#125));
#117 = IFCCARTESIANPOINT((599.4701937783975,2142.7876444370486,0.));
#118 = IFCCARTESIANPOINT((598.4839448461559,2142.4446996421157,0.));
#119 = IFCCARTESIANPOINT((597.4773453436649,2142.1545155848644,0.));
#120 = IFCCARTESIANPOINT((596.4503952709254,2141.917092265295,0.));
#121 = IFCCARTESIANPOINT((595.4030946279373,2141.7324296834086,0.));
#122 = IFCCARTESIANPOINT((594.3354434147002,2141.600527839203,0.));
#123 = IFCCARTESIANPOINT((593.2474416312144,2141.52138673268,0.));
#124 = IFCCARTESIANPOINT((592.1390892774798,2141.495006363839,0.));
#125 = IFCCARTESIANPOINT((599.4701937783975,2142.7876444370486,0.));
#126 = IFCPOLYLINE((#127,#128));
#127 = IFCCARTESIANPOINT((592.1390892774798,2141.495006363839,0.));
#128 = IFCCARTESIANPOINT((592.1390892774798,2141.495006363839,0.));
#129 = IFCPOLYLINE((#130,#131,#132,#133,#134,#135,#136,#137,#138));
#130 = IFCCARTESIANPOINT((592.1390892774798,2141.495006363839,0.));
#131 = IFCCARTESIANPOINT((590.3535151693554,2141.559449836294,0.));
#132 = IFCCARTESIANPOINT((588.6900444827232,2141.7527802536565,0.));
#133 = IFCCARTESIANPOINT((587.148677217584,2142.074997615929,0.));
#134 = IFCCARTESIANPOINT((585.7294133739375,2142.526101923111,0.));
#135 = IFCCARTESIANPOINT((584.4322529517837,2143.106093175201,0.));
#136 = IFCCARTESIANPOINT((583.2571959511225,2143.8149713722,0.));
#137 = IFCCARTESIANPOINT((582.204242371954,2144.6527365141083,0.));
#138 = IFCCARTESIANPOINT((592.1390892774798,2141.495006363839,0.));
#139 = IFCPOLYLINE((#140,#141));
#140 = IFCCARTESIANPOINT((582.204242371954,2144.6527365141083,0.));
#141 = IFCCARTESIANPOINT((582.204242371954,2144.6527365141083,0.));
#142 = IFCPOLYLINE((#143,#144,#145,#146,#147,#148,#149,#150,#151));
#143 = IFCCARTESIANPOINT((582.204242371954,2144.6527365141083,0.));
#144 = IFCCARTESIANPOINT((581.2831906369908,2145.590747057613,0.));
#145 = IFCCARTESIANPOINT((580.5038391689446,2146.6003614593988,0.));
#146 = IFCCARTESIANPOINT((579.8661879678161,2147.6815797194686,0.));
#147 = IFCCARTESIANPOINT((579.3702370336052,2148.834401837821,0.));
#148 = IFCCARTESIANPOINT((579.0159863663115,2150.058827814456,0.));
#149 = IFCCARTESIANPOINT((578.8034359659354,2151.354857649374,0.));
#150 = IFCCARTESIANPOINT((578.7325858324766,2152.7224913425744,0.));
#151 = IFCCARTESIANPOINT((582.204242371954,2144.6527365141083,0.));
#152 = IFCPOLYLINE((#153,#154));
#153 = IFCCARTESIANPOINT((578.7325858324766,2152.7224913425744,0.));
#154 = IFCCARTESIANPOINT((578.7325858324766,2152.7224913425744,0.));
#155 = IFCPOLYLINE((#156,#157,#158,#159,#160,#161,#162,#163,#164));
#156 = IFCCARTESIANPOINT((578.7325858324766,2152.7224913425744,0.));
#157 = IFCCARTESIANPOINT((578.7593430637298,2153.53538356529,0.));
#158 = IFCCARTESIANPOINT((578.8396147574888,2154.3279252177563,0.));
#159 = IFCCARTESIANPOINT((578.9734009137537,2155.1001162999733,0.));
#160 = IFCCARTESIANPOINT((579.1607015325251,2155.8519568119427,0.));
#161 = IFCCARTESIANPOINT((579.4015166138023,2156.583446753663,0.));
#162 = IFCCARTESIANPOINT((579.6958461575856,2157.294586125134,0.));
#163 = IFCCARTESIANPOINT((580.043690163875,2157.9853749263566,0.));
#164 = IFCCARTESIANPOINT((578.7325858324766,2152.7224913425744,0.));
#165 = IFCPOLYLINE((#166,#167));
#166 = IFCCARTESIANPOINT((580.043690163875,2157.9853749263566,0.));
#167 = IFCCARTESIANPOINT((580.043690163875,2157.9853749263566,0.));
#168 = IFCPOLYLINE((#169,#170,#171,#172,#173,#174,#175,#176,#177));
#169 = IFCCARTESIANPOINT((580.043690163875,2157.9853749263566,0.));
#170 = IFCCARTESIANPOINT((580.4348733475462,2158.6467684594427,0.));
#171 = IFCCARTESIANPOINT((580.8592204234743,2159.269722026502,0.));
#172 = IFCCARTESIANPOINT((581.3167313916599,2159.854235627536,0.));
#173 = IFCCARTESIANPOINT((581.8074062521029,2160.4003092625453,0.));
#174 = IFCCARTESIANPOINT((582.3312450048029,2160.907942931529,0.));
#175 = IFCCARTESIANPOINT((582.8882476497604,2161.377136634487,0.));
#176 = IFCCARTESIANPOINT((583.478414186975,2161.8078903714195,0.));
#177 = IFCCARTESIANPOINT((580.043690163875,2157.9853749263566,0.));
#178 = IFCPOLYLINE((#179,#180));
#179 = IFCCARTESIANPOINT((583.478414186975,2161.8078903714195,0.));
#180 = IFCCARTESIANPOINT((583.478414186975,2161.8078903714195,0.));
#181 = IFCPOLYLINE((#182,#183,#184,#185,#186,#187,#188,#189,#190));
#182 = IFCCARTESIANPOINT((583.478414186975,2161.8078903714195,0.));
#183 = IFCCARTESIANPOINT((584.0960916802669,2162.2051033536836,0.));
#184 = IFCCARTESIANPOINT((584.7356271934553,2162.573674792633,0.));
#185 = IFCCARTESIANPOINT((585.3970207265406,2162.9136046882695,0.));
#186 = IFCCARTESIANPOINT((586.080272279523,2163.224893040594,0.));
#187 = IFCCARTESIANPOINT((586.785381852402,2163.5075398496047,0.));
#188 = IFCCARTESIANPOINT((587.5123494451781,2163.7615451153024,0.));
#189 = IFCCARTESIANPOINT((588.2611750578508,2163.986908837687,0.));
#190 = IFCCARTESIANPOINT((583.478414186975,2161.8078903714195,0.));
#191 = IFCPOLYLINE((#192,#193));
#192 = IFCCARTESIANPOINT((588.2611750578508,2163.986908837687,0.));
#193 = IFCCARTESIANPOINT((588.2611750578508,2163.986908837687,0.));
#194 = IFCPOLYLINE((#195,#196,#197,#198,#199,#200,#201,#202,#203));
#195 = IFCCARTESIANPOINT((588.2611750578508,2163.986908837687,0.));
#196 = IFCCARTESIANPOINT((588.861140017778,2164.133885178373,0.));
#197 = IFCCARTESIANPOINT((589.5425072587001,2164.27935406941,0.));
#198 = IFCCARTESIANPOINT((590.3052767806173,2164.4233155107995,0.));
#199 = IFCCARTESIANPOINT((591.1494485835299,2164.5657695025416,0.));
#200 = IFCCARTESIANPOINT((592.0750226674373,2164.706716044635,0.));
#201 = IFCCARTESIANPOINT((593.08199903234,2164.84615513708,0.));
#202 = IFCCARTESIANPOINT((594.1703776782379,2164.9840867798775,0.));
#203 = IFCCARTESIANPOINT((588.2611750578508,2163.986908837687,0.));
#204 = IFCPOLYLINE((#205,#206));
#205 = IFCCARTESIANPOINT((594.1703776782379,2164.9840867798775,0.));
#206 = IFCCARTESIANPOINT((594.1703776782379,2164.9840867798775,0.));
#207 = IFCPOLYLINE((#208,#209,#210,#211,#212,#213,#214,#215,#216));
#208 = IFCCARTESIANPOINT((594.1703776782379,2164.9840867798775,0.));
#209 = IFCCARTESIANPOINT((596.384067486411,2165.265979864065,0.));
#210 = IFCCARTESIANPOINT((598.4244005850574,2165.562947444732,0.));
#211 = IFCCARTESIANPOINT((600.291376974177,2165.8749895218793,0.));
#212 = IFCCARTESIANPOINT((601.9849966537702,2166.2021060955085,0.));
#213 = IFCCARTESIANPOINT((603.5052596238365,2166.5442971656175,0.));
#214 = IFCCARTESIANPOINT((604.8521658843764,2166.9015627322074,0.));
#215 = IFCCARTESIANPOINT((606.0257154353894,2167.2739027952775,0.));
#216 = IFCCARTESIANPOINT((594.1703776782379,2164.9840867798775,0.));
#217 = IFCPOLYLINE((#218,#219));
#218 = IFCCARTESIANPOINT((606.0257154353894,2167.2739027952775,0.));
#219 = IFCCARTESIANPOINT((606.0257154353894,2167.2739027952775,0.));
#220 = IFCPOLYLINE((#221,#222,#223,#224,#225,#226,#227,#228,#229));
#221 = IFCCARTESIANPOINT((606.0257154353894,2167.2739027952775,0.));
#222 = IFCCARTESIANPOINT((606.0355138581019,2167.643981683876,0.));
#223 = IFCCARTESIANPOINT((606.0438048311661,2167.9733594319764,0.));
#224 = IFCCARTESIANPOINT((606.0505883545823,2168.262036039579,0.));
#225 = IFCCARTESIANPOINT((606.0558644283507,2168.5100115066853,0.));
#226 = IFCCARTESIANPOINT((606.0596330524708,2168.7172858332933,0.));
#227 = IFCCARTESIANPOINT((606.0618942269429,2168.8838590194036,0.));
#228 = IFCCARTESIANPOINT((606.0626479517668,2169.0097310650162,0.));
#229 = IFCCARTESIANPOINT((606.0257154353894,2167.2739027952775,0.));
#230 = IFCPOLYLINE((#231,#232));
#231 = IFCCARTESIANPOINT((606.0626479517668,2169.0097310650162,0.));
#232 = IFCCARTESIANPOINT((606.0626479517668,2169.0097310650162,0.));
#233 = IFCPOLYLINE((#234,#235,#236,#237,#238,#239,#240,#241,#242));
#234 = IFCCARTESIANPOINT((606.0626479517668,2169.0097310650162,0.));
#235 = IFCCARTESIANPOINT((606.0242079857416,2170.1214751804596,0.));
#236 = IFCCARTESIANPOINT((605.908888087665,2171.135235068778,0.));
#237 = IFCCARTESIANPOINT((605.7166882575375,2172.051010729973,0.));
#238 = IFCCARTESIANPOINT((605.4476084953593,2172.8688021640446,0.));
#239 = IFCCARTESIANPOINT((605.1016488011298,2173.5886093709923,0.));
#240 = IFCCARTESIANPOINT((604.6788091748497,2174.210432350816,0.));
#241 = IFCCARTESIANPOINT((604.1790896165185,2174.734271103516,0.));
#242 = IFCCARTESIANPOINT((606.0626479517668,2169.0097310650162,0.));
#243 = IFCPOLYLINE((#244,#245));
#244 = IFCCARTESIANPOINT((604.1790896165185,2174.734271103516,0.));
#245 = IFCCARTESIANPOINT((604.1790896165185,2174.734271103516,0.));
#246 = IFCPOLYLINE((#247,#248,#249,#250,#251,#252,#253,#254,#255));
#247 = IFCCARTESIANPOINT((604.1790896165185,2174.734271103516,0.));
#248 = IFCCARTESIANPOINT((603.4004918732968,2175.3319748889717,0.));
#249 = IFCCARTESIANPOINT((602.5208950036548,2175.8377242458946,0.));
#250 = IFCCARTESIANPOINT((601.5402990075929,2176.2515191742864,0.));
#251 = IFCCARTESIANPOINT((600.4587038851116,2176.573359674147,0.));
#252 = IFCCARTESIANPOINT((599.2761096362101,2176.8032457454756,0.));
#253 = IFCCARTESIANPOINT((597.9925162608888,2176.941177388273,0.));
#254 = IFCCARTESIANPOINT((596.6079237591475,2176.987154602539,0.));
#255 = IFCCARTESIANPOINT((604.1790896165185,2174.734271103516,0.));
#256 = IFCPOLYLINE((#257,#258));
#257 = IFCCARTESIANPOINT((596.6079237591475,2176.987154602539,0.));
#258 = IFCCARTESIANPOINT((596.6079237591475,2176.987154602539,0.));
#259 = IFCPOLYLINE((#260,#261,#262,#263,#264,#265,#266,#267,#268));
#260 = IFCCARTESIANPOINT((596.6079237591475,2176.987154602539,0.));
#261 = IFCCARTESIANPOINT((595.3179237228221,2176.9536138478697,0.));
#262 = IFCCARTESIANPOINT((594.1281690880922,2176.8529915838617,0.));
#263 = IFCCARTESIANPOINT((593.0386598549583,2176.685287810515,0.));
#264 = IFCCARTESIANPOINT((592.0493960234204,2176.4505025278304,0.));
#265 = IFCCARTESIANPOINT((591.1603775934782,2176.1486357358067,0.));
#266 = IFCCARTESIANPOINT((590.3716045651319,2175.7796874344444,0.));
#267 = IFCCARTESIANPOINT((589.6830769383814,2175.3436576237436,0.));
#268 = IFCCARTESIANPOINT((596.6079237591475,2176.987154602539,0.));
#269 = IFCPOLYLINE((#270,#271));
#270 = IFCCARTESIANPOINT((589.6830769383814,2175.3436576237436,0.));
#271 = IFCCARTESIANPOINT((589.6830769383814,2175.3436576237436,0.));
#272 = IFCPOLYLINE((#273,#274,#275,#276,#277,#278,#279,#280,#281));
#273 = IFCCARTESIANPOINT((589.6830769383814,2175.3436576237436,0.));
#274 = IFCCARTESIANPOINT((589.0684143443859,2174.8224569079284,0.));
#275 = IFCCARTESIANPOINT((588.501236414304,2174.1979958912198,0.));
#276 = IFCCARTESIANPOINT((587.981543148136,2173.4702745736195,0.));
#277 = IFCCARTESIANPOINT((587.5093345458819,2172.639292955128,0.));
#278 = IFCCARTESIANPOINT((587.0846106075415,2171.705051035744,0.));
#279 = IFCCARTESIANPOINT((586.7073713331151,2170.667548815468,0.));
#280 = IFCCARTESIANPOINT((586.3776167226024,2169.5267862943,0.));
#281 = IFCCARTESIANPOINT((589.6830769383814,2175.3436576237436,0.));
#282 = IFCPOLYLINE((#283,#284,#285,#286));
#283 = IFCCARTESIANPOINT((586.3776167226024,2169.5267862943,0.));
#284 = IFCCARTESIANPOINT((579.8774938401766,2170.413166687358,0.));
#285 = IFCCARTESIANPOINT((579.8774938401766,2170.413166687358,0.));
#286 = IFCCARTESIANPOINT((586.3776167226024,2169.5267862943,0.));
#287 = IFCPOLYLINE((#288,#289,#290,#291,#292,#293,#294,#295,#296));
#288 = IFCCARTESIANPOINT((579.8774938401766,2170.413166687358,0.));
#289 = IFCCARTESIANPOINT((580.1541108505953,2171.5727723291275,0.));
#290 = IFCCARTESIANPOINT((580.4774588001037,2172.6668039112046,0.));
#291 = IFCCARTESIANPOINT((580.8475376887018,2173.6952614335923,0.));
#292 = IFCCARTESIANPOINT((581.26434751639,2174.6581448962893,0.));
#293 = IFCCARTESIANPOINT((581.7278882831677,2175.555454299296,0.));
#294 = IFCCARTESIANPOINT((582.2381599890354,2176.3871896426117,0.));
#295 = IFCCARTESIANPOINT((582.7951626339927,2177.153350926237,0.));
#296 = IFCCARTESIANPOINT((579.8774938401766,2170.413166687358,0.));
#297 = IFCPOLYLINE((#298,#299));
#298 = IFCCARTESIANPOINT((582.7951626339927,2177.153350926237,0.));
#299 = IFCCARTESIANPOINT((582.7951626339927,2177.153350926237,0.));
#300 = IFCPOLYLINE((#301,#302,#303,#304,#305,#306,#307,#308,#309));
#301 = IFCCARTESIANPOINT((582.7951626339927,2177.153350926237,0.));
#302 = IFCCARTESIANPOINT((583.4124632648726,2177.862605985649,0.));
#303 = IFCCARTESIANPOINT((584.1036289285071,2178.5236226563225,0.));
#304 = IFCCARTESIANPOINT((584.8686596248963,2179.136400938257,0.));
#305 = IFCCARTESIANPOINT((585.7075553540407,2179.7009408314552,0.));
#306 = IFCCARTESIANPOINT((586.6203161159398,2180.2172423359148,0.));
#307 = IFCCARTESIANPOINT((587.6069419105937,2180.685305451637,0.));
#308 = IFCCARTESIANPOINT((588.6674327380024,2181.105130178621,0.));
#309 = IFCCARTESIANPOINT((582.7951626339927,2177.153350926237,0.));
#310 = IFCPOLYLINE((#311,#312));
#311 = IFCCARTESIANPOINT((588.6674327380024,2181.105130178621,0.));
#312 = IFCCARTESIANPOINT((588.6674327380024,2181.105130178621,0.));
#313 = IFCPOLYLINE((#314,#315,#316,#317,#318,#319,#320,#321,#322));
#314 = IFCCARTESIANPOINT((588.6674327380024,2181.105130178621,0.));
#315 = IFCCARTESIANPOINT((589.7897290009817,2181.4725710303355,0.));
#316 = IFCCARTESIANPOINT((590.9617711023466,2181.783482520247,0.));
#317 = IFCCARTESIANPOINT((592.1835590420975,2182.037864648357,0.));
#318 = IFCCARTESIANPOINT((593.4550928202344,2182.2357174146646,0.));
#319 = IFCCARTESIANPOINT((594.7763724367571,2182.37704081917,0.));
#320 = IFCCARTESIANPOINT((596.1473978916658,2182.4618348618733,0.));
#321 = IFCCARTESIANPOINT((597.5681691849604,2182.4900995427743,0.));
#322 = IFCCARTESIANPOINT((588.6674327380024,2181.105130178621,0.));
#323 = IFCPOLYLINE((#324,#325));
#324 = IFCCARTESIANPOINT((597.5681691849604,2182.4900995427743,0.));
#325 = IFCCARTESIANPOINT((597.5681691849604,2182.4900995427743,0.));
#326 = IFCPOLYLINE((#327,#328,#329,#330,#331,#332,#333,#334,#335));
#327 = IFCCARTESIANPOINT((597.5681691849604,2182.4900995427743,0.));
#328 = IFCCARTESIANPOINT((598.9648212838863,2182.4659803484055,0.));
#329 = IFCCARTESIANPOINT((600.2845934507608,2182.3936227652985,0.));
#330 = IFCCARTESIANPOINT((601.5274856855846,2182.273026793454,0.));
#331 = IFCCARTESIANPOINT((602.6934979883574,2182.1041924328715,0.));
#332 = IFCCARTESIANPOINT((603.7826303590792,2181.887119683551,0.));
#333 = IFCCARTESIANPOINT((604.7948827977502,2181.621808545493,0.));
#334 = IFCCARTESIANPOINT((605.7302553043701,2181.308259018697,0.));
#335 = IFCCARTESIANPOINT((597.5681691849604,2182.4900995427743,0.));
#336 = IFCPOLYLINE((#337,#338));
#337 = IFCCARTESIANPOINT((605.7302553043701,2181.308259018697,0.));
#338 = IFCCARTESIANPOINT((605.7302553043701,2181.308259018697,0.));
#339 = IFCPOLYLINE((#340,#341,#342,#343,#344,#345,#346,#347,#348));
#340 = IFCCARTESIANPOINT((605.7302553043701,2181.308259018697,0.));
#341 = IFCCARTESIANPOINT((606.5932702278834,2180.9581538379357,0.));
#342 = IFCCARTESIANPOINT((607.3884499172337,2180.583175737981,0.));
#343 = IFCCARTESIANPOINT((608.1157943724216,2180.1833247188333,0.));
#344 = IFCCARTESIANPOINT((608.7753035934471,2179.7586007804935,0.));
#345 = IFCCARTESIANPOINT((609.3669775803098,2179.30900392296,0.));
#346 = IFCCARTESIANPOINT((609.89081633301,2178.834534146234,0.));
#347 = IFCCARTESIANPOINT((610.3468198515475,2178.3351914503146,0.));
#348 = IFCCARTESIANPOINT((605.7302553043701,2181.308259018697,0.));
#349 = IFCPOLYLINE((#350,#351));
#350 = IFCCARTESIANPOINT((610.3468198515475,2178.3351914503146,0.));
#351 = IFCCARTESIANPOINT((610.3468198515475,2178.3351914503146,0.));
#352 = IFCPOLYLINE((#353,#354,#355,#356,#357,#358,#359,#360,#361));
#353 = IFCCARTESIANPOINT((610.3468198515475,2178.3351914503146,0.));
#354 = IFCCARTESIANPOINT((610.7508163572272,2177.8041923117867,0.));
#355 = IFCCARTESIANPOINT((611.1186340713532,2177.234753207232,0.));
#356 = IFCCARTESIANPOINT((611.4502729939258,2176.6268741366525,0.));
#357 = IFCCARTESIANPOINT((611.7457331249452,2175.980555100048,0.));
#358 = IFCCARTESIANPOINT((612.0050144644113,2175.2957960974177,0.));
#359 = IFCCARTESIANPOINT((612.2281170123238,2174.572597128762,0.));
#360 = IFCCARTESIANPOINT((612.415040768683,2173.8109581940807,0.));
#361 = IFCCARTESIANPOINT((610.3468198515475,2178.3351914503146,0.));
#362 = IFCPOLYLINE((#363,#364));
#363 = IFCCARTESIANPOINT((612.415040768683,2173.8109581940807,0.));
#364 = IFCCARTESIANPOINT((612.415040768683,2173.8109581940807,0.));
#365 = IFCPOLYLINE((#366,#367,#368,#369,#370,#371,#372,#373,#374));
#366 = IFCCARTESIANPOINT((612.415040768683,2173.8109581940807,0.));
#367 = IFCCARTESIANPOINT((612.5032265730945,2173.2697837704286,0.));
#368 = IFCCARTESIANPOINT((612.5778453306732,2172.6170580728194,0.));
#369 = IFCCARTESIANPOINT((612.6388970414195,2171.852781101253,0.));
#370 = IFCCARTESIANPOINT((612.6863817053335,2170.976952855732,0.));
#371 = IFCCARTESIANPOINT((612.7202993224147,2169.989573336254,0.));
#372 = IFCCARTESIANPOINT((612.7406498926634,2168.8906425428195,0.));
#373 = IFCCARTESIANPOINT((612.7474334160797,2167.680160475429,0.));
#374 = IFCCARTESIANPOINT((612.415040768683,2173.8109581940807,0.));
#375 = IFCPOLYLINE((#376,#377,#378,#379));
#376 = IFCCARTESIANPOINT((612.7474334160797,2167.680160475429,0.));
#377 = IFCCARTESIANPOINT((612.7474334160797,2158.8163565448485,0.));
#378 = IFCCARTESIANPOINT((612.7474334160797,2158.8163565448485,0.));
#379 = IFCCARTESIANPOINT((612.7474334160797,2167.680160475429,0.));
#380 = IFCPOLYLINE((#381,#382,#383,#384,#385,#386,#387,#388,#389));
#381 = IFCCARTESIANPOINT((612.7474334160797,2158.8163565448485,0.));
#382 = IFCCARTESIANPOINT((612.7561012515562,2156.3068297432446,0.));
#383 = IFCCARTESIANPOINT((612.782104757985,2154.0754274017063,0.));
#384 = IFCCARTESIANPOINT((612.8254439353666,2152.122149520235,0.));
#385 = IFCCARTESIANPOINT((612.8861187837011,2150.4469960988313,0.));
#386 = IFCCARTESIANPOINT((612.9641293029881,2149.0499671374932,0.));
#387 = IFCCARTESIANPOINT((613.0594754932278,2147.931062636222,0.));
#388 = IFCCARTESIANPOINT((613.17215735442,2147.090282595018,0.));
#389 = IFCCARTESIANPOINT((612.7474334160797,2158.8163565448485,0.));
#390 = IFCPOLYLINE((#391,#392));
#391 = IFCCARTESIANPOINT((613.17215735442,2147.090282595018,0.));
#392 = IFCCARTESIANPOINT((613.17215735442,2147.090282595018,0.));
#393 = IFCPOLYLINE((#394,#395,#396,#397,#398,#399,#400,#401,#402));
#394 = IFCCARTESIANPOINT((613.17215735442,2147.090282595018,0.));
#395 = IFCCARTESIANPOINT((613.3104658596294,2146.3927102703797,0.));
#396 = IFCCARTESIANPOINT((613.4826919819201,2145.7034289188045,0.));
#397 = IFCCARTESIANPOINT((613.6888357212918,2145.022438540294,0.));
#398 = IFCCARTESIANPOINT((613.9288970777452,2144.349739134849,0.));
#399 = IFCCARTESIANPOINT((614.2028760512796,2143.685330702467,0.));
#400 = IFCCARTESIANPOINT((614.5107726418955,2143.02921324315,0.));
#401 = IFCCARTESIANPOINT((614.8525868495926,2142.381386756897,0.));
#402 = IFCCARTESIANPOINT((613.17215735442,2147.090282595018,0.));
#403 = IFCPOLYLINE((#404,#405,#406,#407));
#404 = IFCCARTESIANPOINT((614.8525868495926,2142.381386756897,0.));
#405 = IFCCARTESIANPOINT((607.9092737706378,2142.381386756897,0.));
#406 = IFCCARTESIANPOINT((607.9092737706378,2142.381386756897,0.));
#407 = IFCCARTESIANPOINT((614.8525868495926,2142.381386756897,0.));
#408 = IFCPOLYLINE((#409,#410,#411,#412,#413,#414,#415,#416,#417));
#409 = IFCCARTESIANPOINT((607.9092737706378,2142.381386756897,0.));
#410 = IFCCARTESIANPOINT((607.6288881360992,2142.9866277905926,0.));
#411 = IFCCARTESIANPOINT((607.3786514945215,2143.6205103676007,0.));
#412 = IFCCARTESIANPOINT((607.158563845905,2144.2830344879217,0.));
#413 = IFCCARTESIANPOINT((606.9686251902497,2144.974200151557,0.));
#414 = IFCCARTESIANPOINT((606.8088355275555,2145.694007358504,0.));
#415 = IFCCARTESIANPOINT((606.6791948578225,2146.4424561087653,0.));
#416 = IFCCARTESIANPOINT((606.5797031810507,2147.219546402339,0.));
#417 = IFCCARTESIANPOINT((607.9092737706378,2142.381386756897,0.));
#418 = IFCPOLYLINE((#419,#420,#421,#422,#423,#424,#425,#426,#427));
#419 = IFCCARTESIANPOINT((606.0257154353894,2162.0664179860614,0.));
#420 = IFCCARTESIANPOINT((604.917739944067,2161.653376782494,0.));
#421 = IFCCARTESIANPOINT((603.6620343872346,2161.258424974702,0.));
#422 = IFCCARTESIANPOINT((602.2585987648926,2160.8815625626876,0.));
#423 = IFCCARTESIANPOINT((600.7074330770411,2160.5227895464504,0.));
#424 = IFCCARTESIANPOINT((599.0085373236798,2160.182105925989,0.));
#425 = IFCCARTESIANPOINT((597.1619115048088,2159.8595117013047,0.));
#426 = IFCCARTESIANPOINT((595.1675556204282,2159.555006872397,0.));
#427 = IFCCARTESIANPOINT((606.0257154353894,2162.0664179860614,0.));
#428 = IFCPOLYLINE((#429,#430));
#429 = IFCCARTESIANPOINT((595.1675556204282,2159.555006872397,0.));
#430 = IFCCARTESIANPOINT((595.1675556204282,2159.555006872397,0.));
#431 = IFCPOLYLINE((#432,#433,#434,#435,#436,#437,#438,#439,#440));
#432 = IFCCARTESIANPOINT((595.1675556204282,2159.555006872397,0.));
#433 = IFCCARTESIANPOINT((594.0452593574491,2159.383157612519,0.));
#434 = IFCCARTESIANPOINT((593.0209473215937,2159.2052785540473,0.));
#435 = IFCCARTESIANPOINT((592.0946195128621,2159.0213696969845,0.));
#436 = IFCCARTESIANPOINT((591.2662759312543,2158.8314310413293,0.));
#437 = IFCCARTESIANPOINT((590.5359165767702,2158.6354625870817,0.));
#438 = IFCCARTESIANPOINT((589.9035414494099,2158.4334643342418,0.));
#439 = IFCCARTESIANPOINT((589.3691505491734,2158.22543628281,0.));
#440 = IFCCARTESIANPOINT((595.1675556204282,2159.555006872397,0.));
#441 = IFCPOLYLINE((#442,#443));
#442 = IFCCARTESIANPOINT((589.3691505491734,2158.22543628281,0.));
#443 = IFCCARTESIANPOINT((589.3691505491734,2158.22543628281,0.));
#444 = IFCPOLYLINE((#445,#446,#447,#448,#449,#450,#451,#452,#453));
#445 = IFCCARTESIANPOINT((589.3691505491734,2158.22543628281,0.));
#446 = IFCCARTESIANPOINT((588.8995799838034,2158.000449422838,0.));
#447 = IFCCARTESIANPOINT((588.4616658610424,2157.7475747443755,0.));
#448 = IFCCARTESIANPOINT((588.0554081808908,2157.466812247424,0.));
#449 = IFCCARTESIANPOINT((587.6808069433486,2157.158161931985,0.));
#450 = IFCCARTESIANPOINT((587.3378621484153,2156.821623798056,0.));
#451 = IFCCARTESIANPOINT((587.0265737960913,2156.457197845638,0.));
#452 = IFCCARTESIANPOINT((586.7469418863766,2156.064884074731,0.));
#453 = IFCCARTESIANPOINT((589.3691505491734,2158.22543628281,0.));
#454 = IFCPOLYLINE((#455,#456));
#455 = IFCCARTESIANPOINT((586.7469418863766,2156.064884074731,0.));
#456 = IFCCARTESIANPOINT((586.7469418863766,2156.064884074731,0.));
#457 = IFCPOLYLINE((#458,#459,#460,#461,#462,#463,#464,#465,#466));
#458 = IFCCARTESIANPOINT((586.7469418863766,2156.064884074731,0.));
#459 = IFCCARTESIANPOINT((586.5019813185673,2155.6522197335753,0.));
#460 = IFCCARTESIANPOINT((586.2947069919593,2155.2267420704106,0.));
#461 = IFCCARTESIANPOINT((586.1251189065526,2154.7884510852373,0.));
#462 = IFCCARTESIANPOINT((585.9932170623476,2154.3373467780566,0.));
#463 = IFCCARTESIANPOINT((585.899001459344,2153.8734291488668,0.));
#464 = IFCCARTESIANPOINT((585.8424720975419,2153.3966981976682,0.));
#465 = IFCCARTESIANPOINT((585.8236289769411,2152.9071539244615,0.));
#466 = IFCCARTESIANPOINT((586.7469418863766,2156.064884074731,0.));
#467 = IFCPOLYLINE((#468,#469));
#468 = IFCCARTESIANPOINT((585.8236289769411,2152.9071539244615,0.));
#469 = IFCCARTESIANPOINT((585.8236289769411,2152.9071539244615,0.));
#470 = IFCPOLYLINE((#471,#472,#473,#474,#475,#476,#477,#478,#479));
#471 = IFCCARTESIANPOINT((585.8236289769411,2152.9071539244615,0.));
#472 = IFCCARTESIANPOINT((585.8647069798508,2152.1654886976175,0.));
#473 = IFCCARTESIANPOINT((585.9879409885795,2151.460002262326,0.));
#474 = IFCCARTESIANPOINT((586.1933310031272,2150.7906946185876,0.));
#475 = IFCCARTESIANPOINT((586.4808770234945,2150.157565766404,0.));
#476 = IFCCARTESIANPOINT((586.8505790496806,2149.5606157057728,0.));
#477 = IFCCARTESIANPOINT((587.302437081686,2148.9998444366956,0.));
#478 = IFCCARTESIANPOINT((587.8364511195105,2148.475251959171,0.));
#479 = IFCCARTESIANPOINT((585.8236289769411,2152.9071539244615,0.));
#480 = IFCPOLYLINE((#481,#482));
#481 = IFCCARTESIANPOINT((587.8364511195105,2148.475251959171,0.));
#482 = IFCCARTESIANPOINT((587.8364511195105,2148.475251959171,0.));
#483 = IFCPOLYLINE((#484,#485,#486,#487,#488,#489,#490,#491,#492));
#484 = IFCCARTESIANPOINT((587.8364511195105,2148.475251959171,0.));
#485 = IFCCARTESIANPOINT((588.4496062638581,2148.004927668978,0.));
#486 = IFCCARTESIANPOINT((589.1388876154326,2147.60696096189,0.));
#487 = IFCCARTESIANPOINT((589.9042951742339,2147.2813518379094,0.));
#488 = IFCCARTESIANPOINT((590.7458289402623,2147.0281002970355,0.));
#489 = IFCCARTESIANPOINT((591.6634889135175,2146.8472063392683,0.));
#490 = IFCCARTESIANPOINT((592.6572750939997,2146.7386699646086,0.));
#491 = IFCCARTESIANPOINT((593.7271874817088,2146.702491173055,0.));
#492 = IFCCARTESIANPOINT((587.8364511195105,2148.475251959171,0.));
#493 = IFCPOLYLINE((#494,#495));
#494 = IFCCARTESIANPOINT((593.7271874817088,2146.702491173055,0.));
#495 = IFCCARTESIANPOINT((593.7271874817088,2146.702491173055,0.));
#496 = IFCPOLYLINE((#497,#498,#499,#500,#501,#502,#503,#504,#505));
#497 = IFCCARTESIANPOINT((593.7271874817088,2146.702491173055,0.));
#498 = IFCCARTESIANPOINT((594.8072751545425,2146.7367856525493,0.));
#499 = IFCCARTESIANPOINT((595.8526914854705,2146.839669091028,0.));
#500 = IFCCARTESIANPOINT((596.8634364744933,2147.0111414884946,0.));
#501 = IFCCARTESIANPOINT((597.8395101216108,2147.2512028449482,0.));
#502 = IFCCARTESIANPOINT((598.7809124268231,2147.559853160388,0.));
#503 = IFCCARTESIANPOINT((599.6876433901299,2147.9370924348145,0.));
#504 = IFCCARTESIANPOINT((600.5597030115314,2148.3829206682276,0.));
#505 = IFCCARTESIANPOINT((593.7271874817088,2146.702491173055,0.));
#506 = IFCPOLYLINE((#507,#508));
#507 = IFCCARTESIANPOINT((600.5597030115314,2148.3829206682276,0.));
#508 = IFCCARTESIANPOINT((600.5597030115314,2148.3829206682276,0.));
#509 = IFCPOLYLINE((#510,#511,#512,#513,#514,#515,#516,#517,#518));
#510 = IFCCARTESIANPOINT((600.5597030115314,2148.3829206682276,0.));
#511 = IFCCARTESIANPOINT((601.3820167945471,2148.8882931627395,0.));
#512 = IFCCARTESIANPOINT((602.1395102426961,2149.4441652204605,0.));
#513 = IFCCARTESIANPOINT((602.8321833559787,2150.0505368413915,0.));
#514 = IFCCARTESIANPOINT((603.4600361343948,2150.707408025533,0.));
#515 = IFCCARTESIANPOINT((604.0230685779445,2151.4147787728843,0.));
#516 = IFCCARTESIANPOINT((604.5212806866276,2152.1726490834453,0.));
#517 = IFCCARTESIANPOINT((604.9546724604443,2152.9810189572163,0.));
#518 = IFCCARTESIANPOINT((600.5597030115314,2148.3829206682276,0.));
#519 = IFCPOLYLINE((#520,#521));
#520 = IFCCARTESIANPOINT((604.9546724604443,2152.9810189572163,0.));
#521 = IFCCARTESIANPOINT((604.9546724604443,2152.9810189572163,0.));
#522 = IFCPOLYLINE((#523,#524,#525,#526,#527,#528,#529,#530,#531));
#523 = IFCCARTESIANPOINT((604.9546724604443,2152.9810189572163,0.));
#524 = IFCCARTESIANPOINT((605.2388267191034,2153.6684159967313,0.));
#525 = IFCCARTESIANPOINT((605.4792649379684,2154.4432451158327,0.));
#526 = IFCCARTESIANPOINT((605.67598711704,2155.305506314521,0.));
#527 = IFCCARTESIANPOINT((605.828993256318,2156.2551995927984,0.));
#528 = IFCCARTESIANPOINT((605.9382833558021,2157.292324950662,0.));
#529 = IFCCARTESIANPOINT((606.0038574154926,2158.416882388113,0.));
#530 = IFCCARTESIANPOINT((606.0257154353894,2159.6288719051518,0.));
#531 = IFCCARTESIANPOINT((604.9546724604443,2152.9810189572163,0.));
#532 = IFCPOLYLINE((#533,#534,#535));
#533 = IFCCARTESIANPOINT((606.0257154353894,2159.6288719051518,0.));
#534 = IFCCARTESIANPOINT((606.0257154353894,2162.0664179860614,0.));
#535 = IFCCARTESIANPOINT((606.0257154353894,2159.6288719051518,0.));
#536 = IFCPOLYLINE((#537,#538,#539,#540,#541));
#537 = IFCCARTESIANPOINT((622.90387541987,2142.381386756897,0.));
#538 = IFCCARTESIANPOINT((622.90387541987,2196.5244557661936,0.));
#539 = IFCCARTESIANPOINT((629.5517283678055,2196.5244557661936,0.));
#540 = IFCCARTESIANPOINT((629.5517283678055,2142.381386756897,0.));
#541 = IFCCARTESIANPOINT((622.90387541987,2142.381386756897,0.));
#542 = IFCPOLYLINE((#543,#544,#545,#546));
#543 = IFCCARTESIANPOINT((665.5609318357892,2142.381386756897,0.));
#544 = IFCCARTESIANPOINT((665.5609318357892,2148.1428593117744,0.));
#545 = IFCCARTESIANPOINT((665.5609318357892,2148.1428593117744,0.));
#546 = IFCCARTESIANPOINT((665.5609318357892,2142.381386756897,0.));
#547 = IFCPOLYLINE((#548,#549,#550,#551,#552,#553,#554,#555,#556));
#548 = IFCCARTESIANPOINT((665.5609318357892,2148.1428593117744,0.));
#549 = IFCCARTESIANPOINT((664.1853840319367,2146.379143223547,0.));
#550 = IFCCARTESIANPOINT((662.6756732094063,2144.8867680719695,0.));
#551 = IFCCARTESIANPOINT((661.0317993681991,2143.665733857042,0.));
#552 = IFCCARTESIANPOINT((659.2537625083149,2142.7160405787663,0.));
#553 = IFCCARTESIANPOINT((657.3415626297534,2142.0376882371397,0.));
#554 = IFCCARTESIANPOINT((655.2951997325148,2141.630676832164,0.));
#555 = IFCCARTESIANPOINT((653.114673816599,2141.495006363839,0.));
#556 = IFCCARTESIANPOINT((665.5609318357892,2148.1428593117744,0.));
#557 = IFCPOLYLINE((#558,#559));
#558 = IFCCARTESIANPOINT((653.114673816599,2141.495006363839,0.));
#559 = IFCCARTESIANPOINT((653.114673816599,2141.495006363839,0.));
#560 = IFCPOLYLINE((#561,#562,#563,#564,#565,#566,#567,#568,#569));
#561 = IFCCARTESIANPOINT((653.114673816599,2141.495006363839,0.));
#562 = IFCCARTESIANPOINT((652.1321935084774,2141.5221404575045,0.));
#563 = IFCCARTESIANPOINT((651.1685563209562,2141.603542738499,0.));
#564 = IFCCARTESIANPOINT((650.2237622540358,2141.739213206824,0.));
#565 = IFCCARTESIANPOINT((649.2978113077163,2141.92915186248,0.));
#566 = IFCCARTESIANPOINT((648.3907034819974,2142.173358705465,0.));
#567 = IFCCARTESIANPOINT((647.5024387768793,2142.471833735781,0.));
#568 = IFCCARTESIANPOINT((646.6330171923619,2142.824576953426,0.));
#569 = IFCCARTESIANPOINT((653.114673816599,2141.495006363839,0.));
#570 = IFCPOLYLINE((#571,#572));
#571 = IFCCARTESIANPOINT((646.6330171923619,2142.824576953426,0.));
#572 = IFCCARTESIANPOINT((646.6330171923619,2142.824576953426,0.));
#573 = IFCPOLYLINE((#574,#575,#576,#577,#578,#579,#580,#581,#582));
#574 = IFCCARTESIANPOINT((646.6330171923619,2142.824576953426,0.));
#575 = IFCCARTESIANPOINT((645.8046736107542,2143.2183981739818,0.));
#576 = IFCCARTESIANPOINT((645.0396429143647,2143.6401072130257,0.));
#577 = IFCCARTESIANPOINT((644.3379251031936,2144.089704070558,0.));
#578 = IFCCARTESIANPOINT((643.6995201772412,2144.567188746581,0.));
#579 = IFCCARTESIANPOINT((643.124428136507,2145.0725612410924,0.));
#580 = IFCCARTESIANPOINT((642.6126489809915,2145.605821554093,0.));
#581 = IFCCARTESIANPOINT((642.1641827106941,2146.1669696855824,0.));
#582 = IFCCARTESIANPOINT((646.6330171923619,2142.824576953426,0.));
#583 = IFCPOLYLINE((#584,#585));
#584 = IFCCARTESIANPOINT((642.1641827106941,2146.1669696855824,0.));
#585 = IFCCARTESIANPOINT((642.1641827106941,2146.1669696855824,0.));
#586 = IFCPOLYLINE((#587,#588,#589,#590,#591,#592,#593,#594,#595));
#587 = IFCCARTESIANPOINT((642.1641827106941,2146.1669696855824,0.));
#588 = IFCCARTESIANPOINT((641.7650854163709,2146.7605279845056,0.));
#589 = IFCCARTESIANPOINT((641.4014131887768,2147.3910187998054,0.));
#590 = IFCCARTESIANPOINT((641.0731660279122,2148.058442131483,0.));
#591 = IFCCARTESIANPOINT((640.780343933777,2148.7627979795384,0.));
#592 = IFCCARTESIANPOINT((640.5229469063711,2149.504086343971,0.));
#593 = IFCCARTESIANPOINT((640.3009749456946,2150.2823072247807,0.));
#594 = IFCCARTESIANPOINT((640.1144280517474,2151.097460621968,0.));
#595 = IFCCARTESIANPOINT((642.1641827106941,2146.1669696855824,0.));
#596 = IFCPOLYLINE((#597,#598));
#597 = IFCCARTESIANPOINT((640.1144280517474,2151.097460621968,0.));
#598 = IFCCARTESIANPOINT((640.1144280517474,2151.097460621968,0.));
#599 = IFCPOLYLINE((#600,#601,#602,#603,#604,#605,#606,#607,#608));
#600 = IFCCARTESIANPOINT((640.1144280517474,2151.097460621968,0.));
#601 = IFCCARTESIANPOINT((640.0066454019114,2151.703455380488,0.));
#602 = IFCCARTESIANPOINT((639.9154446982037,2152.402912017186,0.));
#603 = IFCCARTESIANPOINT((639.8408259406248,2153.1958305320645,0.));
#604 = IFCCARTESIANPOINT((639.7827891291747,2154.082210925123,0.));
#605 = IFCCARTESIANPOINT((639.741334263853,2155.0620531963605,0.));
#606 = IFCCARTESIANPOINT((639.71646134466,2156.1353573457777,0.));
#607 = IFCCARTESIANPOINT((639.7081703715958,2157.3021233733743,0.));
#608 = IFCCARTESIANPOINT((640.1144280517474,2151.097460621968,0.));
#609 = IFCPOLYLINE((#610,#611,#612,#613,#614,#615));
#610 = IFCCARTESIANPOINT((639.7081703715958,2157.3021233733743,0.));
#611 = IFCCARTESIANPOINT((639.7081703715958,2181.603719149716,0.));
#612 = IFCCARTESIANPOINT((646.3560233195312,2181.603719149716,0.));
#613 = IFCCARTESIANPOINT((646.3560233195312,2159.8504670034163,0.));
#614 = IFCCARTESIANPOINT((646.3560233195312,2159.8504670034163,0.));
#615 = IFCCARTESIANPOINT((639.7081703715958,2157.3021233733743,0.));
#616 = IFCPOLYLINE((#617,#618,#619,#620,#621,#622,#623,#624,#625));
#617 = IFCCARTESIANPOINT((646.3560233195312,2159.8504670034163,0.));
#618 = IFCCARTESIANPOINT((646.3643142925957,2158.4319568845945,0.));
#619 = IFCCARTESIANPOINT((646.3891872117885,2157.152132133393,0.));
#620 = IFCCARTESIANPOINT((646.43064207711,2156.0109927498124,0.));
#621 = IFCCARTESIANPOINT((646.4886788885603,2155.0085387338545,0.));
#622 = IFCCARTESIANPOINT((646.5632976461393,2154.144770085517,0.));
#623 = IFCCARTESIANPOINT((646.6544983498468,2153.419686804801,0.));
#624 = IFCCARTESIANPOINT((646.7622809996828,2152.8332888917066,0.));
#625 = IFCCARTESIANPOINT((646.3560233195312,2159.8504670034163,0.));
#626 = IFCPOLYLINE((#627,#628));
#627 = IFCCARTESIANPOINT((646.7622809996828,2152.8332888917066,0.));
#628 = IFCCARTESIANPOINT((646.7622809996828,2152.8332888917066,0.));
#629 = IFCPOLYLINE((#630,#631,#632,#633,#634,#635,#636,#637,#638));
#630 = IFCCARTESIANPOINT((646.7622809996828,2152.8332888917066,0.));
#631 = IFCCARTESIANPOINT((646.9703090511149,2152.107075023755,0.));
#632 = IFCCARTESIANPOINT((647.235620189173,2151.4268383700687,0.));
#633 = IFCCARTESIANPOINT((647.5582144138573,2150.792578930648,0.));
#634 = IFCCARTESIANPOINT((647.9380917251681,2150.204296705494,0.));
#635 = IFCCARTESIANPOINT((648.3752521231048,2149.6619916946047,0.));
#636 = IFCCARTESIANPOINT((648.8696956076678,2149.165663897982,0.));
#637 = IFCCARTESIANPOINT((649.421422178857,2148.7153133156244,0.));
#638 = IFCCARTESIANPOINT((646.7622809996828,2152.8332888917066,0.));
#639 = IFCPOLYLINE((#640,#641));
#640 = IFCCARTESIANPOINT((649.421422178857,2148.7153133156244,0.));
#641 = IFCCARTESIANPOINT((649.421422178857,2148.7153133156244,0.));
#642 = IFCPOLYLINE((#643,#644,#645,#646,#647,#648,#649,#650,#651));
#643 = IFCCARTESIANPOINT((649.421422178857,2148.7153133156244,0.));
#644 = IFCCARTESIANPOINT((650.0213871387842,2148.3184771957735,0.));
#645 = IFCCARTESIANPOINT((650.6605457895606,2147.9826927866684,0.));
#646 = IFCCARTESIANPOINT((651.3388981311866,2147.7079600883094,0.));
#647 = IFCCARTESIANPOINT((652.0564441636623,2147.494279100698,0.));
#648 = IFCCARTESIANPOINT((652.8131838869874,2147.3416498238316,0.));
#649 = IFCCARTESIANPOINT((653.609117301162,2147.2500722577124,0.));
#650 = IFCCARTESIANPOINT((654.444244406186,2147.219546402339,0.));
#651 = IFCCARTESIANPOINT((649.421422178857,2148.7153133156244,0.));
#652 = IFCPOLYLINE((#653,#654));
#653 = IFCCARTESIANPOINT((654.444244406186,2147.219546402339,0.));
#654 = IFCCARTESIANPOINT((654.444244406186,2147.219546402339,0.));
#655 = IFCPOLYLINE((#656,#657,#658,#659,#660,#661,#662,#663,#664));
#656 = IFCCARTESIANPOINT((654.444244406186,2147.219546402339,0.));
#657 = IFCCARTESIANPOINT((655.2914311083947,2147.2508259825363,0.));
#658 = IFCCARTESIANPOINT((656.1235433141227,2147.3446647231276,0.));
#659 = IFCCARTESIANPOINT((656.94058102337,2147.5010626241133,0.));
#660 = IFCCARTESIANPOINT((657.7425442361368,2147.720019685494,0.));
#661 = IFCCARTESIANPOINT((658.529432952423,2148.001535907269,0.));
#662 = IFCCARTESIANPOINT((659.3012471722287,2148.3456112894382,0.));
#663 = IFCCARTESIANPOINT((660.0579868955538,2148.752245832002,0.));
#664 = IFCCARTESIANPOINT((654.444244406186,2147.219546402339,0.));
#665 = IFCPOLYLINE((#666,#667));
#666 = IFCCARTESIANPOINT((660.0579868955538,2148.752245832002,0.));
#667 = IFCCARTESIANPOINT((660.0579868955538,2148.752245832002,0.));
#668 = IFCPOLYLINE((#669,#670,#671,#672,#673,#674,#675,#676,#677));
#669 = IFCCARTESIANPOINT((660.0579868955538,2148.752245832002,0.));
#670 = IFCCARTESIANPOINT((660.7759097904415,2149.2127716994837,0.));
#671 = IFCCARTESIANPOINT((661.4312735249346,2149.718521056407,0.));
#672 = IFCCARTESIANPOINT((662.0240780990332,2150.269493902772,0.));
#673 = IFCCARTESIANPOINT((662.5543235127377,2150.865690238579,0.));
#674 = IFCCARTESIANPOINT((663.0220097660476,2151.507110063828,0.));
#675 = IFCCARTESIANPOINT((663.4271368589633,2152.193753378518,0.));
#676 = IFCCARTESIANPOINT((663.7697047914844,2152.92562018265,0.));
#677 = IFCCARTESIANPOINT((660.0579868955538,2148.752245832002,0.));
#678 = IFCPOLYLINE((#679,#680));
#679 = IFCCARTESIANPOINT((663.7697047914844,2152.92562018265,0.));
#680 = IFCCARTESIANPOINT((663.7697047914844,2152.92562018265,0.));
#681 = IFCPOLYLINE((#682,#683,#684,#685,#686,#687,#688,#689,#690));
#682 = IFCCARTESIANPOINT((663.7697047914844,2152.92562018265,0.));
#683 = IFCCARTESIANPOINT((664.0587582614997,2153.7287139826535,0.));
#684 = IFCCARTESIANPOINT((664.3033419668968,2154.6290382849556,0.));
#685 = IFCCARTESIANPOINT((664.5034559076765,2155.626593089558,0.));
#686 = IFCCARTESIANPOINT((664.6591000838387,2156.72137839646,0.));
#687 = IFCCARTESIANPOINT((664.7702744953829,2157.913394205662,0.));
#688 = IFCCARTESIANPOINT((664.8369791423095,2159.202640517163,0.));
#689 = IFCCARTESIANPOINT((664.8592140246183,2160.5891173309647,0.));
#690 = IFCCARTESIANPOINT((663.7697047914844,2152.92562018265,0.));
#691 = IFCPOLYLINE((#692,#693,#694,#695,#696,#697));
#692 = IFCCARTESIANPOINT((664.8592140246183,2160.5891173309647,0.));
#693 = IFCCARTESIANPOINT((664.8592140246183,2181.603719149716,0.));
#694 = IFCCARTESIANPOINT((671.5070669725537,2181.603719149716,0.));
#695 = IFCCARTESIANPOINT((671.5070669725537,2142.381386756897,0.));
#696 = IFCCARTESIANPOINT((665.5609318357892,2142.381386756897,0.));
#697 = IFCCARTESIANPOINT((664.8592140246183,2160.5891173309647,0.));
#698 = IFCPOLYLINE((#699,#700));
#699 = IFCCARTESIANPOINT((707.5162704405375,2147.219546402339,0.));
#700 = IFCCARTESIANPOINT((707.5162704405375,2147.219546402339,0.));
#701 = IFCPOLYLINE((#702,#703,#704,#705,#706,#707,#708,#709,#710));
#702 = IFCCARTESIANPOINT((707.5162704405375,2147.219546402339,0.));
#703 = IFCCARTESIANPOINT((706.4667086230772,2146.3603001029464,0.));
#704 = IFCCARTESIANPOINT((705.4284526779772,2145.5764262859557,0.));
#705 = IFCCARTESIANPOINT((704.4015026052377,2144.8679249513684,0.));
#706 = IFCCARTESIANPOINT((703.3858584048587,2144.234796099184,0.));
#707 = IFCCARTESIANPOINT((702.3815200768402,2143.6770397294026,0.));
#708 = IFCCARTESIANPOINT((701.3884876211821,2143.194655842024,0.));
#709 = IFCCARTESIANPOINT((700.4067610378843,2142.7876444370486,0.));
#710 = IFCCARTESIANPOINT((707.5162704405375,2147.219546402339,0.));
#711 = IFCPOLYLINE((#712,#713));
#712 = IFCCARTESIANPOINT((700.4067610378843,2142.7876444370486,0.));
#713 = IFCCARTESIANPOINT((700.4067610378843,2142.7876444370486,0.));
#714 = IFCPOLYLINE((#715,#716,#717,#718,#719,#720,#721,#722,#723));
#715 = IFCCARTESIANPOINT((700.4067610378843,2142.7876444370486,0.));
#716 = IFCCARTESIANPOINT((699.4205121056425,2142.4446996421157,0.));
#717 = IFCCARTESIANPOINT((698.4139126031517,2142.1545155848644,0.));
#718 = IFCCARTESIANPOINT((697.3869625304121,2141.917092265295,0.));
#719 = IFCCARTESIANPOINT((696.3396618874241,2141.7324296834086,0.));
#720 = IFCCARTESIANPOINT((695.272010674187,2141.600527839203,0.));
#721 = IFCCARTESIANPOINT((694.1840088907012,2141.52138673268,0.));
#722 = IFCCARTESIANPOINT((693.0756565369666,2141.495006363839,0.));
#723 = IFCCARTESIANPOINT((700.4067610378843,2142.7876444370486,0.));
#724 = IFCPOLYLINE((#725,#726));
#725 = IFCCARTESIANPOINT((693.0756565369666,2141.495006363839,0.));
#726 = IFCCARTESIANPOINT((693.0756565369666,2141.495006363839,0.));
#727 = IFCPOLYLINE((#728,#729,#730,#731,#732,#733,#734,#735,#736));
#728 = IFCCARTESIANPOINT((693.0756565369666,2141.495006363839,0.));
#729 = IFCCARTESIANPOINT((691.2900824288421,2141.559449836294,0.));
#730 = IFCCARTESIANPOINT((689.6266117422102,2141.7527802536565,0.));
#731 = IFCCARTESIANPOINT((688.0852444770708,2142.074997615929,0.));
#732 = IFCCARTESIANPOINT((686.6659806334243,2142.526101923111,0.));
#733 = IFCCARTESIANPOINT((685.3688202112704,2143.106093175201,0.));
#734 = IFCCARTESIANPOINT((684.1937632106093,2143.8149713722,0.));
#735 = IFCCARTESIANPOINT((683.1408096314408,2144.6527365141083,0.));
#736 = IFCCARTESIANPOINT((693.0756565369666,2141.495006363839,0.));
#737 = IFCPOLYLINE((#738,#739));
#738 = IFCCARTESIANPOINT((683.1408096314408,2144.6527365141083,0.));
#739 = IFCCARTESIANPOINT((683.1408096314408,2144.6527365141083,0.));
#740 = IFCPOLYLINE((#741,#742,#743,#744,#745,#746,#747,#748,#749));
#741 = IFCCARTESIANPOINT((683.1408096314408,2144.6527365141083,0.));
#742 = IFCCARTESIANPOINT((682.2197578964775,2145.590747057613,0.));
#743 = IFCCARTESIANPOINT((681.4404064284315,2146.6003614593988,0.));
#744 = IFCCARTESIANPOINT((680.8027552273029,2147.6815797194686,0.));
#745 = IFCCARTESIANPOINT((680.3068042930919,2148.834401837821,0.));
#746 = IFCCARTESIANPOINT((679.9525536257983,2150.058827814456,0.));
#747 = IFCCARTESIANPOINT((679.7400032254221,2151.354857649374,0.));
#748 = IFCCARTESIANPOINT((679.6691530919634,2152.7224913425744,0.));
#749 = IFCCARTESIANPOINT((683.1408096314408,2144.6527365141083,0.));
#750 = IFCPOLYLINE((#751,#752));
#751 = IFCCARTESIANPOINT((679.6691530919634,2152.7224913425744,0.));
#752 = IFCCARTESIANPOINT((679.6691530919634,2152.7224913425744,0.));
#753 = IFCPOLYLINE((#754,#755,#756,#757,#758,#759,#760,#761,#762));
#754 = IFCCARTESIANPOINT((679.6691530919634,2152.7224913425744,0.));
#755 = IFCCARTESIANPOINT((679.6959103232165,2153.53538356529,0.));
#756 = IFCCARTESIANPOINT((679.7761820169754,2154.3279252177563,0.));
#757 = IFCCARTESIANPOINT((679.9099681732405,2155.1001162999733,0.));
#758 = IFCCARTESIANPOINT((680.0972687920118,2155.8519568119427,0.));
#759 = IFCCARTESIANPOINT((680.3380838732891,2156.583446753663,0.));
#760 = IFCCARTESIANPOINT((680.6324134170725,2157.294586125134,0.));
#761 = IFCCARTESIANPOINT((680.9802574233618,2157.9853749263566,0.));
#762 = IFCCARTESIANPOINT((679.6691530919634,2152.7224913425744,0.));
#763 = IFCPOLYLINE((#764,#765));
#764 = IFCCARTESIANPOINT((680.9802574233618,2157.9853749263566,0.));
#765 = IFCCARTESIANPOINT((680.9802574233618,2157.9853749263566,0.));
#766 = IFCPOLYLINE((#767,#768,#769,#770,#771,#772,#773,#774,#775));
#767 = IFCCARTESIANPOINT((680.9802574233618,2157.9853749263566,0.));
#768 = IFCCARTESIANPOINT((681.3714406070329,2158.6467684594427,0.));
#769 = IFCCARTESIANPOINT((681.7957876829612,2159.269722026502,0.));
#770 = IFCCARTESIANPOINT((682.2532986511466,2159.854235627536,0.));
#771 = IFCCARTESIANPOINT((682.7439735115896,2160.4003092625453,0.));
#772 = IFCCARTESIANPOINT((683.2678122642897,2160.907942931529,0.));
#773 = IFCCARTESIANPOINT((683.8248149092472,2161.377136634487,0.));
#774 = IFCCARTESIANPOINT((684.4149814464618,2161.8078903714195,0.));
#775 = IFCCARTESIANPOINT((680.9802574233618,2157.9853749263566,0.));
#776 = IFCPOLYLINE((#777,#778));
#777 = IFCCARTESIANPOINT((684.4149814464618,2161.8078903714195,0.));
#778 = IFCCARTESIANPOINT((684.4149814464618,2161.8078903714195,0.));
#779 = IFCPOLYLINE((#780,#781,#782,#783,#784,#785,#786,#787,#788));
#780 = IFCCARTESIANPOINT((684.4149814464618,2161.8078903714195,0.));
#781 = IFCCARTESIANPOINT((685.0326589397536,2162.2051033536836,0.));
#782 = IFCCARTESIANPOINT((685.6721944529421,2162.573674792633,0.));
#783 = IFCCARTESIANPOINT((686.3335879860274,2162.9136046882695,0.));
#784 = IFCCARTESIANPOINT((687.0168395390098,2163.224893040594,0.));
#785 = IFCCARTESIANPOINT((687.7219491118888,2163.5075398496047,0.));
#786 = IFCCARTESIANPOINT((688.4489167046648,2163.7615451153024,0.));
#787 = IFCCARTESIANPOINT((689.1977423173375,2163.986908837687,0.));
#788 = IFCCARTESIANPOINT((684.4149814464618,2161.8078903714195,0.));
#789 = IFCPOLYLINE((#790,#791));
#790 = IFCCARTESIANPOINT((689.1977423173375,2163.986908837687,0.));
#791 = IFCCARTESIANPOINT((689.1977423173375,2163.986908837687,0.));
#792 = IFCPOLYLINE((#793,#794,#795,#796,#797,#798,#799,#800,#801));
#793 = IFCCARTESIANPOINT((689.1977423173375,2163.986908837687,0.));
#794 = IFCCARTESIANPOINT((689.7977072772647,2164.133885178373,0.));
#795 = IFCCARTESIANPOINT((690.4790745181867,2164.27935406941,0.));
#796 = IFCCARTESIANPOINT((691.2418440401041,2164.4233155107995,0.));
#797 = IFCCARTESIANPOINT((692.0860158430165,2164.5657695025416,0.));
#798 = IFCCARTESIANPOINT((693.0115899269241,2164.706716044635,0.));
#799 = IFCCARTESIANPOINT((694.0185662918268,2164.84615513708,0.));
#800 = IFCCARTESIANPOINT((695.1069449377246,2164.9840867798775,0.));
#801 = IFCCARTESIANPOINT((689.1977423173375,2163.986908837687,0.));
#802 = IFCPOLYLINE((#803,#804));
#803 = IFCCARTESIANPOINT((695.1069449377246,2164.9840867798775,0.));
#804 = IFCCARTESIANPOINT((695.1069449377246,2164.9840867798775,0.));
#805 = IFCPOLYLINE((#806,#807,#808,#809,#810,#811,#812,#813,#814));
#806 = IFCCARTESIANPOINT((695.1069449377246,2164.9840867798775,0.));
#807 = IFCCARTESIANPOINT((697.3206347458979,2165.265979864065,0.));
#808 = IFCCARTESIANPOINT((699.360967844544,2165.562947444732,0.));
#809 = IFCCARTESIANPOINT((701.2279442336637,2165.8749895218793,0.));
#810 = IFCCARTESIANPOINT((702.9215639132569,2166.2021060955085,0.));
#811 = IFCCARTESIANPOINT((704.4418268833233,2166.5442971656175,0.));
#812 = IFCCARTESIANPOINT((705.788733143863,2166.9015627322074,0.));
#813 = IFCCARTESIANPOINT((706.9622826948762,2167.2739027952775,0.));
#814 = IFCCARTESIANPOINT((695.1069449377246,2164.9840867798775,0.));
#815 = IFCPOLYLINE((#816,#817));
#816 = IFCCARTESIANPOINT((706.9622826948762,2167.2739027952775,0.));
#817 = IFCCARTESIANPOINT((706.9622826948762,2167.2739027952775,0.));
#818 = IFCPOLYLINE((#819,#820,#821,#822,#823,#824,#825,#826,#827));
#819 = IFCCARTESIANPOINT((706.9622826948762,2167.2739027952775,0.));
#820 = IFCCARTESIANPOINT((706.9720811175888,2167.643981683876,0.));
#821 = IFCCARTESIANPOINT((706.980372090653,2167.9733594319764,0.));
#822 = IFCCARTESIANPOINT((706.987155614069,2168.262036039579,0.));
#823 = IFCCARTESIANPOINT((706.9924316878373,2168.5100115066853,0.));
#824 = IFCCARTESIANPOINT((706.9962003119574,2168.7172858332933,0.));
#825 = IFCCARTESIANPOINT((706.9984614864296,2168.8838590194036,0.));
#826 = IFCCARTESIANPOINT((706.9992152112536,2169.0097310650162,0.));
#827 = IFCCARTESIANPOINT((706.9622826948762,2167.2739027952775,0.));
#828 = IFCPOLYLINE((#829,#830));
#829 = IFCCARTESIANPOINT((706.9992152112536,2169.0097310650162,0.));
#830 = IFCCARTESIANPOINT((706.9992152112536,2169.0097310650162,0.));
#831 = IFCPOLYLINE((#832,#833,#834,#835,#836,#837,#838,#839,#840));
#832 = IFCCARTESIANPOINT((706.9992152112536,2169.0097310650162,0.));
#833 = IFCCARTESIANPOINT((706.9607752452283,2170.1214751804596,0.));
#834 = IFCCARTESIANPOINT((706.8454553471519,2171.135235068778,0.));
#835 = IFCCARTESIANPOINT((706.6532555170243,2172.051010729973,0.));
#836 = IFCCARTESIANPOINT((706.3841757548462,2172.8688021640446,0.));
#837 = IFCCARTESIANPOINT((706.0382160606166,2173.5886093709923,0.));
#838 = IFCCARTESIANPOINT((705.6153764343364,2174.210432350816,0.));
#839 = IFCCARTESIANPOINT((705.1156568760052,2174.734271103516,0.));
#840 = IFCCARTESIANPOINT((706.9992152112536,2169.0097310650162,0.));
#841 = IFCPOLYLINE((#842,#843));
#842 = IFCCARTESIANPOINT((705.1156568760052,2174.734271103516,0.));
#843 = IFCCARTESIANPOINT((705.1156568760052,2174.734271103516,0.));
#844 = IFCPOLYLINE((#845,#846,#847,#848,#849,#850,#851,#852,#853));
#845 = IFCCARTESIANPOINT((705.1156568760052,2174.734271103516,0.));
#846 = IFCCARTESIANPOINT((704.3370591327835,2175.3319748889717,0.));
#847 = IFCCARTESIANPOINT((703.4574622631416,2175.8377242458946,0.));
#848 = IFCCARTESIANPOINT((702.4768662670798,2176.2515191742864,0.));
#849 = IFCCARTESIANPOINT((701.3952711445984,2176.573359674147,0.));
#850 = IFCCARTESIANPOINT((700.2126768956969,2176.8032457454756,0.));
#851 = IFCCARTESIANPOINT((698.9290835203756,2176.941177388273,0.));
#852 = IFCCARTESIANPOINT((697.5444910186343,2176.987154602539,0.));
#853 = IFCCARTESIANPOINT((705.1156568760052,2174.734271103516,0.));
#854 = IFCPOLYLINE((#855,#856));
#855 = IFCCARTESIANPOINT((697.5444910186343,2176.987154602539,0.));
#856 = IFCCARTESIANPOINT((697.5444910186343,2176.987154602539,0.));
#857 = IFCPOLYLINE((#858,#859,#860,#861,#862,#863,#864,#865,#866));
#858 = IFCCARTESIANPOINT((697.5444910186343,2176.987154602539,0.));
#859 = IFCCARTESIANPOINT((696.2544909823089,2176.9536138478697,0.));
#860 = IFCCARTESIANPOINT((695.0647363475789,2176.8529915838617,0.));
#861 = IFCCARTESIANPOINT((693.975227114445,2176.685287810515,0.));
#862 = IFCCARTESIANPOINT((692.9859632829072,2176.4505025278304,0.));
#863 = IFCCARTESIANPOINT((692.096944852965,2176.1486357358067,0.));
#864 = IFCCARTESIANPOINT((691.3081718246187,2175.7796874344444,0.));
#865 = IFCCARTESIANPOINT((690.6196441978682,2175.3436576237436,0.));
#866 = IFCCARTESIANPOINT((697.5444910186343,2176.987154602539,0.));
#867 = IFCPOLYLINE((#868,#869));
#868 = IFCCARTESIANPOINT((690.6196441978682,2175.3436576237436,0.));
#869 = IFCCARTESIANPOINT((690.6196441978682,2175.3436576237436,0.));
#870 = IFCPOLYLINE((#871,#872,#873,#874,#875,#876,#877,#878,#879));
#871 = IFCCARTESIANPOINT((690.6196441978682,2175.3436576237436,0.));
#872 = IFCCARTESIANPOINT((690.0049816038727,2174.8224569079284,0.));
#873 = IFCCARTESIANPOINT((689.4378036737908,2174.1979958912198,0.));
#874 = IFCCARTESIANPOINT((688.9181104076227,2173.4702745736195,0.));
#875 = IFCCARTESIANPOINT((688.4459018053687,2172.639292955128,0.));
#876 = IFCCARTESIANPOINT((688.0211778670283,2171.705051035744,0.));
#877 = IFCCARTESIANPOINT((687.6439385926019,2170.667548815468,0.));
#878 = IFCCARTESIANPOINT((687.3141839820892,2169.5267862943,0.));
#879 = IFCCARTESIANPOINT((690.6196441978682,2175.3436576237436,0.));
#880 = IFCPOLYLINE((#881,#882,#883,#884));
#881 = IFCCARTESIANPOINT((687.3141839820892,2169.5267862943,0.));
#882 = IFCCARTESIANPOINT((680.8140610996634,2170.413166687358,0.));
#883 = IFCCARTESIANPOINT((680.8140610996634,2170.413166687358,0.));
#884 = IFCCARTESIANPOINT((687.3141839820892,2169.5267862943,0.));
#885 = IFCPOLYLINE((#886,#887,#888,#889,#890,#891,#892,#893,#894));
#886 = IFCCARTESIANPOINT((680.8140610996634,2170.413166687358,0.));
#887 = IFCCARTESIANPOINT((681.0906781100821,2171.5727723291275,0.));
#888 = IFCCARTESIANPOINT((681.4140260595905,2172.6668039112046,0.));
#889 = IFCCARTESIANPOINT((681.7841049481885,2173.6952614335923,0.));
#890 = IFCCARTESIANPOINT((682.2009147758766,2174.6581448962893,0.));
#891 = IFCCARTESIANPOINT((682.6644555426544,2175.555454299296,0.));
#892 = IFCCARTESIANPOINT((683.1747272485221,2176.3871896426117,0.));
#893 = IFCCARTESIANPOINT((683.7317298934795,2177.153350926237,0.));
#894 = IFCCARTESIANPOINT((680.8140610996634,2170.413166687358,0.));
#895 = IFCPOLYLINE((#896,#897));
#896 = IFCCARTESIANPOINT((683.7317298934795,2177.153350926237,0.));
#897 = IFCCARTESIANPOINT((683.7317298934795,2177.153350926237,0.));
#898 = IFCPOLYLINE((#899,#900,#901,#902,#903,#904,#905,#906,#907));
#899 = IFCCARTESIANPOINT((683.7317298934795,2177.153350926237,0.));
#900 = IFCCARTESIANPOINT((684.3490305243594,2177.862605985649,0.));
#901 = IFCCARTESIANPOINT((685.0401961879938,2178.5236226563225,0.));
#902 = IFCCARTESIANPOINT((685.805226884383,2179.136400938257,0.));
#903 = IFCCARTESIANPOINT((686.6441226135275,2179.7009408314552,0.));
#904 = IFCCARTESIANPOINT((687.5568833754264,2180.2172423359148,0.));
#905 = IFCCARTESIANPOINT((688.5435091700805,2180.685305451637,0.));
#906 = IFCCARTESIANPOINT((689.6039999974892,2181.105130178621,0.));
#907 = IFCCARTESIANPOINT((683.7317298934795,2177.153350926237,0.));
#908 = IFCPOLYLINE((#909,#910));
#909 = IFCCARTESIANPOINT((689.6039999974892,2181.105130178621,0.));
#910 = IFCCARTESIANPOINT((689.6039999974892,2181.105130178621,0.));
#911 = IFCPOLYLINE((#912,#913,#914,#915,#916,#917,#918,#919,#920));
#912 = IFCCARTESIANPOINT((689.6039999974892,2181.105130178621,0.));
#913 = IFCCARTESIANPOINT((690.7262962604684,2181.4725710303355,0.));
#914 = IFCCARTESIANPOINT((691.8983383618333,2181.783482520247,0.));
#915 = IFCCARTESIANPOINT((693.1201263015843,2182.037864648357,0.));
#916 = IFCCARTESIANPOINT((694.3916600797211,2182.2357174146646,0.));
#917 = IFCCARTESIANPOINT((695.7129396962439,2182.37704081917,0.));
#918 = IFCCARTESIANPOINT((697.0839651511526,2182.4618348618733,0.));
#919 = IFCCARTESIANPOINT((698.5047364444472,2182.4900995427743,0.));
#920 = IFCCARTESIANPOINT((689.6039999974892,2181.105130178621,0.));
#921 = IFCPOLYLINE((#922,#923));
#922 = IFCCARTESIANPOINT((698.5047364444472,2182.4900995427743,0.));
#923 = IFCCARTESIANPOINT((698.5047364444472,2182.4900995427743,0.));
#924 = IFCPOLYLINE((#925,#926,#927,#928,#929,#930,#931,#932,#933));
#925 = IFCCARTESIANPOINT((698.5047364444472,2182.4900995427743,0.));
#926 = IFCCARTESIANPOINT((699.9013885433731,2182.4659803484055,0.));
#927 = IFCCARTESIANPOINT((701.2211607102475,2182.3936227652985,0.));
#928 = IFCCARTESIANPOINT((702.4640529450713,2182.273026793454,0.));
#929 = IFCCARTESIANPOINT((703.6300652478442,2182.1041924328715,0.));
#930 = IFCCARTESIANPOINT((704.719197618566,2181.887119683551,0.));
#931 = IFCCARTESIANPOINT((705.731450057237,2181.621808545493,0.));
#932 = IFCCARTESIANPOINT((706.6668225638568,2181.308259018697,0.));
#933 = IFCCARTESIANPOINT((698.5047364444472,2182.4900995427743,0.));
#934 = IFCPOLYLINE((#935,#936));
#935 = IFCCARTESIANPOINT((706.6668225638568,2181.308259018697,0.));
#936 = IFCCARTESIANPOINT((706.6668225638568,2181.308259018697,0.));
#937 = IFCPOLYLINE((#938,#939,#940,#941,#942,#943,#944,#945,#946));
#938 = IFCCARTESIANPOINT((706.6668225638568,2181.308259018697,0.));
#939 = IFCCARTESIANPOINT((707.5298374873703,2180.9581538379357,0.));
#940 = IFCCARTESIANPOINT((708.3250171767205,2180.583175737981,0.));
#941 = IFCCARTESIANPOINT((709.0523616319084,2180.1833247188333,0.));
#942 = IFCCARTESIANPOINT((709.7118708529339,2179.7586007804935,0.));
#943 = IFCCARTESIANPOINT((710.3035448397966,2179.30900392296,0.));
#944 = IFCCARTESIANPOINT((710.8273835924967,2178.834534146234,0.));
#945 = IFCCARTESIANPOINT((711.2833871110342,2178.3351914503146,0.));
#946 = IFCCARTESIANPOINT((706.6668225638568,2181.308259018697,0.));
#947 = IFCPOLYLINE((#948,#949));
#948 = IFCCARTESIANPOINT((711.2833871110342,2178.3351914503146,0.));
#949 = IFCCARTESIANPOINT((711.2833871110342,2178.3351914503146,0.));
#950 = IFCPOLYLINE((#951,#952,#953,#954,#955,#956,#957,#958,#959));
#951 = IFCCARTESIANPOINT((711.2833871110342,2178.3351914503146,0.));
#952 = IFCCARTESIANPOINT((711.6873836167139,2177.8041923117867,0.));
#953 = IFCCARTESIANPOINT((712.05520133084,2177.234753207232,0.));
#954 = IFCCARTESIANPOINT((712.3868402534125,2176.6268741366525,0.));
#955 = IFCCARTESIANPOINT((712.682300384432,2175.980555100048,0.));
#956 = IFCCARTESIANPOINT((712.941581723898,2175.2957960974177,0.));
#957 = IFCCARTESIANPOINT((713.1646842718105,2174.572597128762,0.));
#958 = IFCCARTESIANPOINT((713.3516080281697,2173.8109581940807,0.));
#959 = IFCCARTESIANPOINT((711.2833871110342,2178.3351914503146,0.));
#960 = IFCPOLYLINE((#961,#962));
#961 = IFCCARTESIANPOINT((713.3516080281697,2173.8109581940807,0.));
#962 = IFCCARTESIANPOINT((713.3516080281697,2173.8109581940807,0.));
#963 = IFCPOLYLINE((#964,#965,#966,#967,#968,#969,#970,#971,#972));
#964 = IFCCARTESIANPOINT((713.3516080281697,2173.8109581940807,0.));
#965 = IFCCARTESIANPOINT((713.4397938325812,2173.2697837704286,0.));
#966 = IFCCARTESIANPOINT((713.5144125901601,2172.6170580728194,0.));
#967 = IFCCARTESIANPOINT((713.5754643009062,2171.852781101253,0.));
#968 = IFCCARTESIANPOINT((713.6229489648202,2170.976952855732,0.));
#969 = IFCCARTESIANPOINT((713.6568665819013,2169.989573336254,0.));
#970 = IFCCARTESIANPOINT((713.6772171521502,2168.8906425428195,0.));
#971 = IFCCARTESIANPOINT((713.6840006755665,2167.680160475429,0.));
#972 = IFCCARTESIANPOINT((713.3516080281697,2173.8109581940807,0.));
#973 = IFCPOLYLINE((#974,#975,#976,#977));
#974 = IFCCARTESIANPOINT((713.6840006755665,2167.680160475429,0.));
#975 = IFCCARTESIANPOINT((713.6840006755665,2158.8163565448485,0.));
#976 = IFCCARTESIANPOINT((713.6840006755665,2158.8163565448485,0.));
#977 = IFCCARTESIANPOINT((713.6840006755665,2167.680160475429,0.));
#978 = IFCPOLYLINE((#979,#980,#981,#982,#983,#984,#985,#986,#987));
#979 = IFCCARTESIANPOINT((713.6840006755665,2158.8163565448485,0.));
#980 = IFCCARTESIANPOINT((713.6926685110429,2156.3068297432446,0.));
#981 = IFCCARTESIANPOINT((713.7186720174718,2154.0754274017063,0.));
#982 = IFCCARTESIANPOINT((713.7620111948534,2152.122149520235,0.));
#983 = IFCCARTESIANPOINT((713.8226860431879,2150.4469960988313,0.));
#984 = IFCCARTESIANPOINT((713.9006965624748,2149.0499671374932,0.));
#985 = IFCCARTESIANPOINT((713.9960427527146,2147.931062636222,0.));
#986 = IFCCARTESIANPOINT((714.1087246139068,2147.090282595018,0.));
#987 = IFCCARTESIANPOINT((713.6840006755665,2158.8163565448485,0.));
#988 = IFCPOLYLINE((#989,#990));
#989 = IFCCARTESIANPOINT((714.1087246139068,2147.090282595018,0.));
#990 = IFCCARTESIANPOINT((714.1087246139068,2147.090282595018,0.));
#991 = IFCPOLYLINE((#992,#993,#994,#995,#996,#997,#998,#999,#1000));
#992 = IFCCARTESIANPOINT((714.1087246139068,2147.090282595018,0.));
#993 = IFCCARTESIANPOINT((714.2470331191163,2146.3927102703797,0.));
#994 = IFCCARTESIANPOINT((714.4192592414068,2145.7034289188045,0.));
#995 = IFCCARTESIANPOINT((714.6254029807785,2145.022438540294,0.));
#996 = IFCCARTESIANPOINT((714.865464337232,2144.349739134849,0.));
#997 = IFCCARTESIANPOINT((715.1394433107664,2143.685330702467,0.));
#998 = IFCCARTESIANPOINT((715.4473399013823,2143.02921324315,0.));
#999 = IFCCARTESIANPOINT((715.7891541090794,2142.381386756897,0.));
#1000 = IFCCARTESIANPOINT((714.1087246139068,2147.090282595018,0.));
#1001 = IFCPOLYLINE((#1002,#1003,#1004,#1005));
#1002 = IFCCARTESIANPOINT((715.7891541090794,2142.381386756897,0.));
#1003 = IFCCARTESIANPOINT((708.8458410301246,2142.381386756897,0.));
#1004 = IFCCARTESIANPOINT((708.8458410301246,2142.381386756897,0.));
#1005 = IFCCARTESIANPOINT((715.7891541090794,2142.381386756897,0.));
#1006 = IFCPOLYLINE((#1007,#1008,#1009,#1010,#1011,#1012,#1013,#1014,#1015));
#1007 = IFCCARTESIANPOINT((708.8458410301246,2142.381386756897,0.));
#1008 = IFCCARTESIANPOINT((708.5654553955859,2142.9866277905926,0.));
#1009 = IFCCARTESIANPOINT((708.3152187540081,2143.6205103676007,0.));
#1010 = IFCCARTESIANPOINT((708.0951311053917,2144.2830344879217,0.));
#1011 = IFCCARTESIANPOINT((707.9051924497364,2144.974200151557,0.));
#1012 = IFCCARTESIANPOINT((707.7454027870423,2145.694007358504,0.));
#1013 = IFCCARTESIANPOINT((707.6157621173093,2146.4424561087653,0.));
#1014 = IFCCARTESIANPOINT((707.5162704405375,2147.219546402339,0.));
#1015 = IFCCARTESIANPOINT((708.8458410301246,2142.381386756897,0.));
#1016 = IFCPOLYLINE((#1017,#1018,#1019,#1020,#1021,#1022,#1023,#1024,#1025));
#1017 = IFCCARTESIANPOINT((706.9622826948762,2162.0664179860614,0.));
#1018 = IFCCARTESIANPOINT((705.8543072035538,2161.653376782494,0.));
#1019 = IFCCARTESIANPOINT((704.5986016467214,2161.258424974702,0.));
#1020 = IFCCARTESIANPOINT((703.1951660243793,2160.8815625626876,0.));
#1021 = IFCCARTESIANPOINT((701.6440003365278,2160.5227895464504,0.));
#1022 = IFCCARTESIANPOINT((699.9451045831667,2160.182105925989,0.));
#1023 = IFCCARTESIANPOINT((698.0984787642956,2159.8595117013047,0.));
#1024 = IFCCARTESIANPOINT((696.1041228799149,2159.555006872397,0.));
#1025 = IFCCARTESIANPOINT((706.9622826948762,2162.0664179860614,0.));
#1026 = IFCPOLYLINE((#1027,#1028));
#1027 = IFCCARTESIANPOINT((696.1041228799149,2159.555006872397,0.));
#1028 = IFCCARTESIANPOINT((696.1041228799149,2159.555006872397,0.));
#1029 = IFCPOLYLINE((#1030,#1031,#1032,#1033,#1034,#1035,#1036,#1037,#1038));
#1030 = IFCCARTESIANPOINT((696.1041228799149,2159.555006872397,0.));
#1031 = IFCCARTESIANPOINT((694.981826616936,2159.383157612519,0.));
#1032 = IFCCARTESIANPOINT((693.9575145810804,2159.2052785540473,0.));
#1033 = IFCCARTESIANPOINT((693.0311867723489,2159.0213696969845,0.));
#1034 = IFCCARTESIANPOINT((692.202843190741,2158.8314310413293,0.));
#1035 = IFCCARTESIANPOINT((691.472483836257,2158.6354625870817,0.));
#1036 = IFCCARTESIANPOINT((690.8401087088967,2158.4334643342418,0.));
#1037 = IFCCARTESIANPOINT((690.3057178086601,2158.22543628281,0.));
#1038 = IFCCARTESIANPOINT((696.1041228799149,2159.555006872397,0.));
#1039 = IFCPOLYLINE((#1040,#1041));
#1040 = IFCCARTESIANPOINT((690.3057178086601,2158.22543628281,0.));
#1041 = IFCCARTESIANPOINT((690.3057178086601,2158.22543628281,0.));
#1042 = IFCPOLYLINE((#1043,#1044,#1045,#1046,#1047,#1048,#1049,#1050,#1051));
#1043 = IFCCARTESIANPOINT((690.3057178086601,2158.22543628281,0.));
#1044 = IFCCARTESIANPOINT((689.8361472432903,2158.000449422838,0.));
#1045 = IFCCARTESIANPOINT((689.3982331205293,2157.7475747443755,0.));
#1046 = IFCCARTESIANPOINT((688.9919754403776,2157.466812247424,0.));
#1047 = IFCCARTESIANPOINT((688.6173742028352,2157.158161931985,0.));
#1048 = IFCCARTESIANPOINT((688.2744294079021,2156.821623798056,0.));
#1049 = IFCCARTESIANPOINT((687.9631410555781,2156.457197845638,0.));
#1050 = IFCCARTESIANPOINT((687.6835091458634,2156.064884074731,0.));
#1051 = IFCCARTESIANPOINT((690.3057178086601,2158.22543628281,0.));
#1052 = IFCPOLYLINE((#1053,#1054));
#1053 = IFCCARTESIANPOINT((687.6835091458634,2156.064884074731,0.));
#1054 = IFCCARTESIANPOINT((687.6835091458634,2156.064884074731,0.));
#1055 = IFCPOLYLINE((#1056,#1057,#1058,#1059,#1060,#1061,#1062,#1063,#1064));
#1056 = IFCCARTESIANPOINT((687.6835091458634,2156.064884074731,0.));
#1057 = IFCCARTESIANPOINT((687.4385485780541,2155.6522197335753,0.));
#1058 = IFCCARTESIANPOINT((687.2312742514459,2155.2267420704106,0.));
#1059 = IFCCARTESIANPOINT((687.0616861660393,2154.7884510852373,0.));
#1060 = IFCCARTESIANPOINT((686.9297843218344,2154.3373467780566,0.));
#1061 = IFCCARTESIANPOINT((686.8355687188308,2153.8734291488668,0.));
#1062 = IFCCARTESIANPOINT((686.7790393570286,2153.3966981976682,0.));
#1063 = IFCCARTESIANPOINT((686.7601962364279,2152.9071539244615,0.));
#1064 = IFCCARTESIANPOINT((687.6835091458634,2156.064884074731,0.));
#1065 = IFCPOLYLINE((#1066,#1067));
#1066 = IFCCARTESIANPOINT((686.7601962364279,2152.9071539244615,0.));
#1067 = IFCCARTESIANPOINT((686.7601962364279,2152.9071539244615,0.));
#1068 = IFCPOLYLINE((#1069,#1070,#1071,#1072,#1073,#1074,#1075,#1076,#1077));
#1069 = IFCCARTESIANPOINT((686.7601962364279,2152.9071539244615,0.));
#1070 = IFCCARTESIANPOINT((686.8012742393375,2152.1654886976175,0.));
#1071 = IFCCARTESIANPOINT((686.9245082480662,2151.460002262326,0.));
#1072 = IFCCARTESIANPOINT((687.129898262614,2150.7906946185876,0.));
#1073 = IFCCARTESIANPOINT((687.4174442829811,2150.157565766404,0.));
#1074 = IFCCARTESIANPOINT((687.7871463091674,2149.5606157057728,0.));
#1075 = IFCCARTESIANPOINT((688.2390043411727,2148.9998444366956,0.));
#1076 = IFCCARTESIANPOINT((688.7730183789972,2148.475251959171,0.));
#1077 = IFCCARTESIANPOINT((686.7601962364279,2152.9071539244615,0.));
#1078 = IFCPOLYLINE((#1079,#1080));
#1079 = IFCCARTESIANPOINT((688.7730183789972,2148.475251959171,0.));
#1080 = IFCCARTESIANPOINT((688.7730183789972,2148.475251959171,0.));
#1081 = IFCPOLYLINE((#1082,#1083,#1084,#1085,#1086,#1087,#1088,#1089,#1090));
#1082 = IFCCARTESIANPOINT((688.7730183789972,2148.475251959171,0.));
#1083 = IFCCARTESIANPOINT((689.386173523345,2148.004927668978,0.));
#1084 = IFCCARTESIANPOINT((690.0754548749194,2147.60696096189,0.));
#1085 = IFCCARTESIANPOINT((690.8408624337205,2147.2813518379094,0.));
#1086 = IFCCARTESIANPOINT((691.6823961997491,2147.0281002970355,0.));
#1087 = IFCCARTESIANPOINT((692.6000561730043,2146.8472063392683,0.));
#1088 = IFCCARTESIANPOINT((693.5938423534865,2146.7386699646086,0.));
#1089 = IFCCARTESIANPOINT((694.6637547411956,2146.702491173055,0.));
#1090 = IFCCARTESIANPOINT((688.7730183789972,2148.475251959171,0.));
#1091 = IFCPOLYLINE((#1092,#1093));
#1092 = IFCCARTESIANPOINT((694.6637547411956,2146.702491173055,0.));
#1093 = IFCCARTESIANPOINT((694.6637547411956,2146.702491173055,0.));
#1094 = IFCPOLYLINE((#1095,#1096,#1097,#1098,#1099,#1100,#1101,#1102,#1103));
#1095 = IFCCARTESIANPOINT((694.6637547411956,2146.702491173055,0.));
#1096 = IFCCARTESIANPOINT((695.7438424140292,2146.7367856525493,0.));
#1097 = IFCCARTESIANPOINT((696.7892587449572,2146.839669091028,0.));
#1098 = IFCCARTESIANPOINT((697.80000373398,2147.0111414884946,0.));
#1099 = IFCCARTESIANPOINT((698.7760773810977,2147.2512028449482,0.));
#1100 = IFCCARTESIANPOINT((699.7174796863098,2147.559853160388,0.));
#1101 = IFCCARTESIANPOINT((700.6242106496167,2147.9370924348145,0.));
#1102 = IFCCARTESIANPOINT((701.4962702710181,2148.3829206682276,0.));
#1103 = IFCCARTESIANPOINT((694.6637547411956,2146.702491173055,0.));
#1104 = IFCPOLYLINE((#1105,#1106));
#1105 = IFCCARTESIANPOINT((701.4962702710181,2148.3829206682276,0.));
#1106 = IFCCARTESIANPOINT((701.4962702710181,2148.3829206682276,0.));
#1107 = IFCPOLYLINE((#1108,#1109,#1110,#1111,#1112,#1113,#1114,#1115,#1116));
#1108 = IFCCARTESIANPOINT((701.4962702710181,2148.3829206682276,0.));
#1109 = IFCCARTESIANPOINT((702.318584054034,2148.8882931627395,0.));
#1110 = IFCCARTESIANPOINT((703.0760775021829,2149.4441652204605,0.));
#1111 = IFCCARTESIANPOINT((703.7687506154655,2150.0505368413915,0.));
#1112 = IFCCARTESIANPOINT((704.3966033938816,2150.707408025533,0.));
#1113 = IFCCARTESIANPOINT((704.9596358374313,2151.4147787728843,0.));
#1114 = IFCCARTESIANPOINT((705.4578479461144,2152.1726490834453,0.));
#1115 = IFCCARTESIANPOINT((705.891239719931,2152.9810189572163,0.));
#1116 = IFCCARTESIANPOINT((701.4962702710181,2148.3829206682276,0.));
#1117 = IFCPOLYLINE((#1118,#1119));
#1118 = IFCCARTESIANPOINT((705.891239719931,2152.9810189572163,0.));
#1119 = IFCCARTESIANPOINT((705.891239719931,2152.9810189572163,0.));
#1120 = IFCPOLYLINE((#1121,#1122,#1123,#1124,#1125,#1126,#1127,#1128,#1129));
#1121 = IFCCARTESIANPOINT((705.891239719931,2152.9810189572163,0.));
#1122 = IFCCARTESIANPOINT((706.1753939785901,2153.6684159967313,0.));
#1123 = IFCCARTESIANPOINT((706.4158321974552,2154.4432451158327,0.));
#1124 = IFCCARTESIANPOINT((706.6125543765268,2155.305506314521,0.));
#1125 = IFCCARTESIANPOINT((706.7655605158047,2156.2551995927984,0.));
#1126 = IFCCARTESIANPOINT((706.8748506152889,2157.292324950662,0.));
#1127 = IFCCARTESIANPOINT((706.9404246749793,2158.416882388113,0.));
#1128 = IFCCARTESIANPOINT((706.9622826948762,2159.6288719051518,0.));
#1129 = IFCCARTESIANPOINT((705.891239719931,2152.9810189572163,0.));
#1130 = IFCPOLYLINE((#1131,#1132,#1133));
#1131 = IFCCARTESIANPOINT((706.9622826948762,2159.6288719051518,0.));
#1132 = IFCCARTESIANPOINT((706.9622826948762,2162.0664179860614,0.));
#1133 = IFCCARTESIANPOINT((706.9622826948762,2159.6288719051518,0.));
#1134 = IFCPOLYLINE((#1135,#1136,#1137,#1138));
#1135 = IFCCARTESIANPOINT((738.5026516811922,2148.3275218936615,0.));
#1136 = IFCCARTESIANPOINT((739.4628971070051,2142.455251789652,0.));
#1137 = IFCCARTESIANPOINT((739.4628971070051,2142.455251789652,0.));
#1138 = IFCCARTESIANPOINT((738.5026516811922,2148.3275218936615,0.));
#1139 = IFCPOLYLINE((#1140,#1141,#1142,#1143,#1144,#1145,#1146,#1147,#1148));
#1140 = IFCCARTESIANPOINT((739.4628971070051,2142.455251789652,0.));
#1141 = IFCCARTESIANPOINT((738.672993491423,2142.2984770262547,0.));
#1142 = IFCCARTESIANPOINT((737.9072090702093,2142.165821457225,0.));
#1143 = IFCCARTESIANPOINT((737.1655438433647,2142.0572850825642,0.));
#1144 = IFCCARTESIANPOINT((736.4479978108893,2141.9728679022737,0.));
#1145 = IFCCARTESIANPOINT((735.7545709727826,2141.912569916351,0.));
#1146 = IFCCARTESIANPOINT((735.0852633290449,2141.876391124798,0.));
#1147 = IFCCARTESIANPOINT((734.4400748796761,2141.864331527613,0.));
#1148 = IFCCARTESIANPOINT((739.4628971070051,2142.455251789652,0.));
#1149 = IFCPOLYLINE((#1150,#1151));
#1150 = IFCCARTESIANPOINT((734.4400748796761,2141.864331527613,0.));
#1151 = IFCCARTESIANPOINT((734.4400748796761,2141.864331527613,0.));
#1152 = IFCPOLYLINE((#1153,#1154,#1155,#1156,#1157,#1158,#1159,#1160,#1161));
#1153 = IFCCARTESIANPOINT((734.4400748796761,2141.864331527613,0.));
#1154 = IFCCARTESIANPOINT((733.4391283133658,2141.8876969971584,0.));
#1155 = IFCCARTESIANPOINT((732.5045095315697,2141.9577934057925,0.));
#1156 = IFCCARTESIANPOINT((731.6362185342883,2142.0746207535167,0.));
#1157 = IFCCARTESIANPOINT((730.8342553215216,2142.2381790403315,0.));
#1158 = IFCCARTESIANPOINT((730.0986198932693,2142.448468266236,0.));
#1159 = IFCCARTESIANPOINT((729.4293122495316,2142.7054884312292,0.));
#1160 = IFCCARTESIANPOINT((728.8263323903084,2143.009239535313,0.));
#1161 = IFCCARTESIANPOINT((734.4400748796761,2141.864331527613,0.));
#1162 = IFCPOLYLINE((#1163,#1164));
#1163 = IFCCARTESIANPOINT((728.8263323903084,2143.009239535313,0.));
#1164 = IFCCARTESIANPOINT((728.8263323903084,2143.009239535313,0.));
#1165 = IFCPOLYLINE((#1166,#1167,#1168,#1169,#1170,#1171,#1172,#1173,#1174));
#1166 = IFCCARTESIANPOINT((728.8263323903084,2143.009239535313,0.));
#1167 = IFCCARTESIANPOINT((728.2806356177116,2143.3510537430107,0.));
#1168 = IFCCARTESIANPOINT((727.7831772338524,2143.7222632188445,0.));
#1169 = IFCCARTESIANPOINT((727.3339572387309,2144.1228679628157,0.));
#1170 = IFCCARTESIANPOINT((726.9329756323477,2144.5528679749245,0.));
#1171 = IFCCARTESIANPOINT((726.5802324147021,2145.01226325517,0.));
#1172 = IFCCARTESIANPOINT((726.2757275857944,2145.501053803553,0.));
#1173 = IFCCARTESIANPOINT((726.0194611456245,2146.0192396200728,0.));
#1174 = IFCCARTESIANPOINT((728.8263323903084,2143.009239535313,0.));
#1175 = IFCPOLYLINE((#1176,#1177));
#1176 = IFCCARTESIANPOINT((726.0194611456245,2146.0192396200728,0.));
#1177 = IFCCARTESIANPOINT((726.0194611456245,2146.0192396200728,0.));
#1178 = IFCPOLYLINE((#1179,#1180,#1181,#1182,#1183,#1184,#1185,#1186,#1187));
#1179 = IFCCARTESIANPOINT((726.0194611456245,2146.0192396200728,0.));
#1180 = IFCCARTESIANPOINT((725.8038958459524,2146.636163388541,0.));
#1181 = IFCCARTESIANPOINT((725.6214944385373,2147.421167792767,0.));
#1182 = IFCCARTESIANPOINT((725.4722569233794,2148.3742528327507,0.));
#1183 = IFCCARTESIANPOINT((725.3561833004791,2149.4954185084944,0.));
#1184 = IFCCARTESIANPOINT((725.2732735698357,2150.7846648199957,0.));
#1185 = IFCCARTESIANPOINT((725.22352773145,2152.241991767256,0.));
#1186 = IFCCARTESIANPOINT((725.2069457853213,2153.8673993502744,0.));
#1187 = IFCCARTESIANPOINT((726.0194611456245,2146.0192396200728,0.));
#1188 = IFCPOLYLINE((#1189,#1190,#1191,#1192,#1193,#1194,#1195,#1196,#1197,#1198,#1199,#1200,#1201,#1202));
#1189 = IFCCARTESIANPOINT((725.2069457853213,2153.8673993502744,0.));
#1190 = IFCCARTESIANPOINT((725.2069457853213,2176.4331668568775,0.));
#1191 = IFCCARTESIANPOINT((720.331853623502,2176.4331668568775,0.));
#1192 = IFCCARTESIANPOINT((720.331853623502,2181.603719149716,0.));
#1193 = IFCCARTESIANPOINT((725.2069457853213,2181.603719149716,0.));
#1194 = IFCCARTESIANPOINT((725.2069457853213,2191.3169709569775,0.));
#1195 = IFCCARTESIANPOINT((731.8178662168793,2195.3056827257387,0.));
#1196 = IFCCARTESIANPOINT((731.8178662168793,2181.603719149716,0.));
#1197 = IFCCARTESIANPOINT((738.5026516811922,2181.603719149716,0.));
#1198 = IFCCARTESIANPOINT((738.5026516811922,2176.4331668568775,0.));
#1199 = IFCCARTESIANPOINT((731.8178662168793,2176.4331668568775,0.));
#1200 = IFCCARTESIANPOINT((731.8178662168793,2153.4980741865,0.));
#1201 = IFCCARTESIANPOINT((731.8178662168793,2153.4980741865,0.));
#1202 = IFCCARTESIANPOINT((725.2069457853213,2153.8673993502744,0.));
#1203 = IFCPOLYLINE((#1204,#1205,#1206,#1207,#1208,#1209,#1210,#1211,#1212));
#1204 = IFCCARTESIANPOINT((731.8178662168793,2153.4980741865,0.));
#1205 = IFCCARTESIANPOINT((731.8250266027078,2152.727013691519,0.));
#1206 = IFCCARTESIANPOINT((731.8465077601925,2152.03886292718,0.));
#1207 = IFCCARTESIANPOINT((731.8823096893336,2151.4336218934845,0.));
#1208 = IFCCARTESIANPOINT((731.9324323901317,2150.911290590433,0.));
#1209 = IFCCARTESIANPOINT((731.9968758625862,2150.471869018024,0.));
#1210 = IFCCARTESIANPOINT((732.0756401066973,2150.1153571762584,0.));
#1211 = IFCCARTESIANPOINT((732.1687251224648,2149.8417550651357,0.));
#1212 = IFCCARTESIANPOINT((731.8178662168793,2153.4980741865,0.));
#1213 = IFCPOLYLINE((#1214,#1215));
#1214 = IFCCARTESIANPOINT((732.1687251224648,2149.8417550651357,0.));
#1215 = IFCCARTESIANPOINT((732.1687251224648,2149.8417550651357,0.));
#1216 = IFCPOLYLINE((#1217,#1218,#1219,#1220,#1221,#1222,#1223,#1224,#1225));
#1217 = IFCCARTESIANPOINT((732.1687251224648,2149.8417550651357,0.));
#1218 = IFCCARTESIANPOINT((732.2780152219492,2149.6163913427517,0.));
#1219 = IFCCARTESIANPOINT((732.4053947172099,2149.4045946671986,0.));
#1220 = IFCCARTESIANPOINT((732.5508636082474,2149.206365038479,0.));
#1221 = IFCCARTESIANPOINT((732.7144218950618,2149.0217024565923,0.));
#1222 = IFCCARTESIANPOINT((732.8960695776527,2148.8506069215373,0.));
#1223 = IFCCARTESIANPOINT((733.0958066560204,2148.693078433316,0.));
#1224 = IFCCARTESIANPOINT((733.3136331301648,2148.549116991926,0.));
#1225 = IFCCARTESIANPOINT((732.1687251224648,2149.8417550651357,0.));
#1226 = IFCPOLYLINE((#1227,#1228));
#1227 = IFCCARTESIANPOINT((733.3136331301648,2148.549116991926,0.));
#1228 = IFCCARTESIANPOINT((733.3136331301648,2148.549116991926,0.));
#1229 = IFCPOLYLINE((#1230,#1231,#1232,#1233,#1234,#1235,#1236,#1237,#1238));
#1230 = IFCCARTESIANPOINT((733.3136331301648,2148.549116991926,0.));
#1231 = IFCCARTESIANPOINT((733.5544482114423,2148.4217374966656,0.));
#1232 = IFCCARTESIANPOINT((733.8231511112083,2148.313954846829,0.));
#1233 = IFCCARTESIANPOINT((734.1197418294637,2148.225769042417,0.));
#1234 = IFCCARTESIANPOINT((734.4442203662084,2148.157180083431,0.));
#1235 = IFCCARTESIANPOINT((734.7965867214418,2148.108187969869,0.));
#1236 = IFCCARTESIANPOINT((735.1768408951644,2148.078792701732,0.));
#1237 = IFCCARTESIANPOINT((735.5849828873761,2148.0689942790195,0.));
#1238 = IFCCARTESIANPOINT((733.3136331301648,2148.549116991926,0.));
#1239 = IFCPOLYLINE((#1240,#1241));
#1240 = IFCCARTESIANPOINT((735.5849828873761,2148.0689942790195,0.));
#1241 = IFCCARTESIANPOINT((735.5849828873761,2148.0689942790195,0.));
#1242 = IFCPOLYLINE((#1243,#1244,#1245,#1246,#1247,#1248,#1249,#1250,#1251));
#1243 = IFCCARTESIANPOINT((735.5849828873761,2148.0689942790195,0.));
#1244 = IFCCARTESIANPOINT((735.915868085125,2148.074270352788,0.));
#1245 = IFCCARTESIANPOINT((736.2753948261867,2148.0900985740923,0.));
#1246 = IFCCARTESIANPOINT((736.6635631105614,2148.116478942933,0.));
#1247 = IFCCARTESIANPOINT((737.0803729382496,2148.153411459311,0.));
#1248 = IFCCARTESIANPOINT((737.5258243092507,2148.2008961232245,0.));
#1249 = IFCCARTESIANPOINT((737.999917223565,2148.2589329346747,0.));
#1250 = IFCCARTESIANPOINT((738.5026516811922,2148.3275218936615,0.));
#1251 = IFCCARTESIANPOINT((735.5849828873761,2148.0689942790195,0.));
#1252 = IFCPOLYLINE((#1253,#1254,#1255,#1256,#1257));
#1253 = IFCCARTESIANPOINT((745.0397070799954,2188.879424876068,0.));
#1254 = IFCCARTESIANPOINT((745.0397070799954,2196.5244557661936,0.));
#1255 = IFCCARTESIANPOINT((751.6875600279309,2196.5244557661936,0.));
#1256 = IFCCARTESIANPOINT((751.6875600279309,2188.879424876068,0.));
#1257 = IFCCARTESIANPOINT((745.0397070799954,2188.879424876068,0.));
#1258 = IFCPOLYLINE((#1259,#1260,#1261,#1262,#1263));
#1259 = IFCCARTESIANPOINT((745.0397070799954,2181.603719149716,0.));
#1260 = IFCCARTESIANPOINT((751.6875600279309,2181.603719149716,0.));
#1261 = IFCCARTESIANPOINT((751.6875600279309,2142.381386756897,0.));
#1262 = IFCCARTESIANPOINT((745.0397070799954,2142.381386756897,0.));
#1263 = IFCCARTESIANPOINT((745.0397070799954,2181.603719149716,0.));
#1264 = IFCPOLYLINE((#1265,#1266));
#1265 = IFCCARTESIANPOINT((759.3325909180567,2161.9925529533066,0.));
#1266 = IFCCARTESIANPOINT((759.3325909180567,2161.9925529533066,0.));
#1267 = IFCPOLYLINE((#1268,#1269,#1270,#1271,#1272,#1273,#1274,#1275,#1276));
#1268 = IFCCARTESIANPOINT((759.3325909180567,2161.9925529533066,0.));
#1269 = IFCCARTESIANPOINT((759.4562017891977,2164.99011657847,0.));
#1270 = IFCCARTESIANPOINT((759.8270344026198,2167.7570404074795,0.));
#1271 = IFCCARTESIANPOINT((760.4450887583233,2170.2933244403375,0.));
#1272 = IFCCARTESIANPOINT((761.3103648563086,2172.598968677042,0.));
#1273 = IFCCARTESIANPOINT((762.4228626965755,2174.673973117594,0.));
#1274 = IFCCARTESIANPOINT((763.7825822791237,2176.518337761993,0.));
#1275 = IFCCARTESIANPOINT((765.3895236039534,2178.132062610239,0.));
#1276 = IFCCARTESIANPOINT((759.3325909180567,2161.9925529533066,0.));
#1277 = IFCPOLYLINE((#1278,#1279));
#1278 = IFCCARTESIANPOINT((765.3895236039534,2178.132062610239,0.));
#1279 = IFCCARTESIANPOINT((765.3895236039534,2178.132062610239,0.));
#1280 = IFCPOLYLINE((#1281,#1282,#1283,#1284,#1285,#1286,#1287,#1288,#1289));
#1281 = IFCCARTESIANPOINT((765.3895236039534,2178.132062610239,0.));
#1282 = IFCCARTESIANPOINT((766.8803913058828,2179.2882764902997,0.));
#1283 = IFCCARTESIANPOINT((768.4617059866955,2180.266611311889,0.));
#1284 = IFCCARTESIANPOINT((770.1334676463916,2181.0670670750073,0.));
#1285 = IFCCARTESIANPOINT((771.8956762849716,2181.689643779656,0.));
#1286 = IFCCARTESIANPOINT((773.7483319024345,2182.1343414258326,0.));
#1287 = IFCCARTESIANPOINT((775.6914344987813,2182.401160013539,0.));
#1288 = IFCCARTESIANPOINT((777.7249840740114,2182.4900995427743,0.));
#1289 = IFCCARTESIANPOINT((765.3895236039534,2178.132062610239,0.));
#1290 = IFCPOLYLINE((#1291,#1292));
#1291 = IFCCARTESIANPOINT((777.7249840740114,2182.4900995427743,0.));
#1292 = IFCCARTESIANPOINT((777.7249840740114,2182.4900995427743,0.));
#1293 = IFCPOLYLINE((#1294,#1295,#1296,#1297,#1298,#1299,#1300,#1301,#1302));
#1294 = IFCCARTESIANPOINT((777.7249840740114,2182.4900995427743,0.));
#1295 = IFCCARTESIANPOINT((779.9756063985621,2182.3819400305265,0.));
#1296 = IFCCARTESIANPOINT((782.1056327512678,2182.0574614937814,0.));
#1297 = IFCCARTESIANPOINT((784.115063132129,2181.5166639325407,0.));
#1298 = IFCCARTESIANPOINT((786.0038975411456,2180.7595473468036,0.));
#1299 = IFCCARTESIANPOINT((787.7721359783175,2179.7861117365705,0.));
#1300 = IFCCARTESIANPOINT((789.4197784436449,2178.5963571018406,0.));
#1301 = IFCCARTESIANPOINT((790.9468249371275,2177.1902834426146,0.));
#1302 = IFCCARTESIANPOINT((777.7249840740114,2182.4900995427743,0.));
#1303 = IFCPOLYLINE((#1304,#1305));
#1304 = IFCCARTESIANPOINT((790.9468249371275,2177.1902834426146,0.));
#1305 = IFCCARTESIANPOINT((790.9468249371275,2177.1902834426146,0.));
#1306 = IFCPOLYLINE((#1307,#1308,#1309,#1310,#1311,#1312,#1313,#1314,#1315));
#1307 = IFCCARTESIANPOINT((790.9468249371275,2177.1902834426146,0.));
#1308 = IFCCARTESIANPOINT((792.3088056941481,2175.5935174029096,0.));
#1309 = IFCCARTESIANPOINT((793.4612509500881,2173.831685626742,0.));
#1310 = IFCCARTESIANPOINT((794.4041607049483,2171.9047881141114,0.));
#1311 = IFCCARTESIANPOINT((795.1375349587287,2169.812824865019,0.));
#1312 = IFCCARTESIANPOINT((795.6613737114287,2167.5557958794643,0.));
#1313 = IFCCARTESIANPOINT((795.9756769630488,2165.1337011574474,0.));
#1314 = IFCCARTESIANPOINT((796.0804447135888,2162.546540698968,0.));
#1315 = IFCCARTESIANPOINT((790.9468249371275,2177.1902834426146,0.));
#1316 = IFCPOLYLINE((#1317,#1318));
#1317 = IFCCARTESIANPOINT((796.0804447135888,2162.546540698968,0.));
#1318 = IFCCARTESIANPOINT((796.0804447135888,2162.546540698968,0.));
#1319 = IFCPOLYLINE((#1320,#1321,#1322,#1323,#1324,#1325,#1326,#1327,#1328));
#1320 = IFCCARTESIANPOINT((796.0804447135888,2162.546540698968,0.));
#1321 = IFCCARTESIANPOINT((796.0340906369113,2160.449301376108,0.));
#1322 = IFCCARTESIANPOINT((795.8950284068777,2158.4839638974518,0.));
#1323 = IFCCARTESIANPOINT((795.6632580234887,2156.650528263001,0.));
#1324 = IFCCARTESIANPOINT((795.3387794867443,2154.948994472756,0.));
#1325 = IFCCARTESIANPOINT((794.9215927966443,2153.379362526716,0.));
#1326 = IFCCARTESIANPOINT((794.4116979531886,2151.9416324248805,0.));
#1327 = IFCCARTESIANPOINT((793.8090949563775,2150.63580416725,0.));
#1328 = IFCCARTESIANPOINT((796.0804447135888,2162.546540698968,0.));
#1329 = IFCPOLYLINE((#1330,#1331));
#1330 = IFCCARTESIANPOINT((793.8090949563775,2150.63580416725,0.));
#1331 = IFCCARTESIANPOINT((793.8090949563775,2150.63580416725,0.));
#1332 = IFCPOLYLINE((#1333,#1334,#1335,#1336,#1337,#1338,#1339,#1340,#1341));
#1333 = IFCCARTESIANPOINT((793.8090949563775,2150.63580416725,0.));
#1334 = IFCCARTESIANPOINT((793.1179292927432,2149.435497384985,0.));
#1335 = IFCCARTESIANPOINT((792.3423464488171,2148.314331709241,0.));
#1336 = IFCCARTESIANPOINT((791.4823464246,2147.2723071400205,0.));
#1337 = IFCCARTESIANPOINT((790.5379292200919,2146.309423677324,0.));
#1338 = IFCCARTESIANPOINT((789.5090948352922,2145.42568132115,0.));
#1339 = IFCCARTESIANPOINT((788.3958432702016,2144.621080071499,0.));
#1340 = IFCCARTESIANPOINT((787.1981745248195,2143.895619928371,0.));
#1341 = IFCCARTESIANPOINT((793.8090949563775,2150.63580416725,0.));
#1342 = IFCPOLYLINE((#1343,#1344));
#1343 = IFCCARTESIANPOINT((787.1981745248195,2143.895619928371,0.));
#1344 = IFCCARTESIANPOINT((787.1981745248195,2143.895619928371,0.));
#1345 = IFCPOLYLINE((#1346,#1347,#1348,#1349,#1350,#1351,#1352,#1353,#1354));
#1346 = IFCCARTESIANPOINT((787.1981745248195,2143.895619928371,0.));
#1347 = IFCCARTESIANPOINT((785.9420921055754,2143.258722452067,0.));
#1348 = IFCCARTESIANPOINT((784.6535995188976,2142.719809202886,0.));
#1349 = IFCCARTESIANPOINT((783.3326967647868,2142.2788801808288,0.));
#1350 = IFCCARTESIANPOINT((781.979383843243,2141.9359353858963,0.));
#1351 = IFCCARTESIANPOINT((780.5936607542657,2141.6909748180865,0.));
#1352 = IFCCARTESIANPOINT((779.1755274978552,2141.543998477401,0.));
#1353 = IFCCARTESIANPOINT((777.7249840740114,2141.495006363839,0.));
#1354 = IFCCARTESIANPOINT((787.1981745248195,2143.895619928371,0.));
#1355 = IFCPOLYLINE((#1356,#1357));
#1356 = IFCCARTESIANPOINT((777.7249840740114,2141.495006363839,0.));
#1357 = IFCCARTESIANPOINT((777.7249840740114,2141.495006363839,0.));
#1358 = IFCPOLYLINE((#1359,#1360,#1361,#1362,#1363,#1364,#1365,#1366,#1367));
#1359 = IFCCARTESIANPOINT((777.7249840740114,2141.495006363839,0.));
#1360 = IFCCARTESIANPOINT((775.4362986458477,2141.6027890136756,0.));
#1361 = IFCCARTESIANPOINT((773.2765001625926,2141.926136963183,0.));
#1362 = IFCCARTESIANPOINT((771.2455886242464,2142.465050212364,0.));
#1363 = IFCCARTESIANPOINT((769.3435640308095,2143.2195287612176,0.));
#1364 = IFCCARTESIANPOINT((767.5704263822813,2144.1895726097423,0.));
#1365 = IFCCARTESIANPOINT((765.926175678662,2145.37518175794,0.));
#1366 = IFCCARTESIANPOINT((764.4108119199518,2146.77635620581,0.));
#1367 = IFCCARTESIANPOINT((777.7249840740114,2141.495006363839,0.));
#1368 = IFCPOLYLINE((#1369,#1370));
#1369 = IFCCARTESIANPOINT((764.4108119199518,2146.77635620581,0.));
#1370 = IFCCARTESIANPOINT((764.4108119199518,2146.77635620581,0.));
#1371 = IFCPOLYLINE((#1372,#1373,#1374,#1375,#1376,#1377,#1378,#1379,#1380));
#1372 = IFCCARTESIANPOINT((764.4108119199518,2146.77635620581,0.));
#1373 = IFCCARTESIANPOINT((763.0635287970003,2148.380282631344,0.));
#1374 = IFCCARTESIANPOINT((761.9235200006563,2150.1741477125324,0.));
#1375 = IFCCARTESIANPOINT((760.9907855309202,2152.1579514493765,0.));
#1376 = IFCCARTESIANPOINT((760.2653253877926,2154.3316938418766,0.));
#1377 = IFCCARTESIANPOINT((759.7471395712727,2156.695374890031,0.));
#1378 = IFCCARTESIANPOINT((759.4362280813607,2159.2489945938414,0.));
#1379 = IFCCARTESIANPOINT((759.3325909180567,2161.9925529533066,0.));
#1380 = IFCCARTESIANPOINT((764.4108119199518,2146.77635620581,0.));
#1381 = IFCPOLYLINE((#1382,#1383,#1384,#1385,#1386,#1387,#1388,#1389,#1390));
#1382 = IFCCARTESIANPOINT((766.1651064478792,2161.9925529533066,0.));
#1383 = IFCCARTESIANPOINT((766.2321879572181,2159.917171650344,0.));
#1384 = IFCCARTESIANPOINT((766.4334324852337,2157.996303936305,0.));
#1385 = IFCCARTESIANPOINT((766.7688400319264,2156.229949811193,0.));
#1386 = IFCCARTESIANPOINT((767.2384105972966,2154.6181092750076,0.));
#1387 = IFCCARTESIANPOINT((767.8421441813437,2153.1607823277473,0.));
#1388 = IFCCARTESIANPOINT((768.580040784068,2151.8579689694134,0.));
#1389 = IFCCARTESIANPOINT((769.4521004054695,2150.709669200005,0.));
#1390 = IFCCARTESIANPOINT((766.1651064478792,2161.9925529533066,0.));
#1391 = IFCPOLYLINE((#1392,#1393));
#1392 = IFCCARTESIANPOINT((769.4521004054695,2150.709669200005,0.));
#1393 = IFCCARTESIANPOINT((769.4521004054695,2150.709669200005,0.));
#1394 = IFCPOLYLINE((#1395,#1396,#1397,#1398,#1399,#1400,#1401,#1402,#1403));
#1395 = IFCCARTESIANPOINT((769.4521004054695,2150.709669200005,0.));
#1396 = IFCCARTESIANPOINT((770.4259128781151,2149.7151292946996,0.));
#1397 = IFCCARTESIANPOINT((771.4690680345711,2148.8735955286706,0.));
#1398 = IFCCARTESIANPOINT((772.5815658748377,2148.18506790192,0.));
#1399 = IFCCARTESIANPOINT((773.7634063989153,2147.6495464144477,0.));
#1400 = IFCCARTESIANPOINT((775.0145896068034,2147.2670310662525,0.));
#1401 = IFCCARTESIANPOINT((776.3351154985021,2147.0375218573363,0.));
#1402 = IFCCARTESIANPOINT((777.7249840740114,2146.961018787697,0.));
#1403 = IFCCARTESIANPOINT((769.4521004054695,2150.709669200005,0.));
#1404 = IFCPOLYLINE((#1405,#1406));
#1405 = IFCCARTESIANPOINT((777.7249840740114,2146.961018787697,0.));
#1406 = IFCCARTESIANPOINT((777.7249840740114,2146.961018787697,0.));
#1407 = IFCPOLYLINE((#1408,#1409,#1410,#1411,#1412,#1413,#1414,#1415,#1416));
#1408 = IFCCARTESIANPOINT((777.7249840740114,2146.961018787697,0.));
#1409 = IFCCARTESIANPOINT((779.1050542268086,2147.0378987197482,0.));
#1410 = IFCCARTESIANPOINT((780.4172891454427,2147.268538515901,0.));
#1411 = IFCCARTESIANPOINT((781.6616888299146,2147.652938176155,0.));
#1412 = IFCCARTESIANPOINT((782.838253280224,2148.1910977005127,0.));
#1413 = IFCCARTESIANPOINT((783.9469824963705,2148.883017088971,0.));
#1414 = IFCCARTESIANPOINT((784.9878764783546,2149.7286963415313,0.));
#1415 = IFCCARTESIANPOINT((785.9609352261759,2150.7281354581937,0.));
#1416 = IFCCARTESIANPOINT((777.7249840740114,2146.961018787697,0.));
#1417 = IFCPOLYLINE((#1418,#1419));
#1418 = IFCCARTESIANPOINT((785.9609352261759,2150.7281354581937,0.));
#1419 = IFCCARTESIANPOINT((785.9609352261759,2150.7281354581937,0.));
#1420 = IFCPOLYLINE((#1421,#1422,#1423,#1424,#1425,#1426,#1427,#1428,#1429));
#1421 = IFCCARTESIANPOINT((785.9609352261759,2150.7281354581937,0.));
#1422 = IFCCARTESIANPOINT((786.8329948475777,2151.8851030630785,0.));
#1423 = IFCCARTESIANPOINT((787.5708914503018,2153.203367780305,0.));
#1424 = IFCCARTESIANPOINT((788.1746250343489,2154.6829296098736,0.));
#1425 = IFCCARTESIANPOINT((788.6441955997191,2156.323788551785,0.));
#1426 = IFCCARTESIANPOINT((788.9796031464119,2158.125944606038,0.));
#1427 = IFCCARTESIANPOINT((789.1808476744277,2160.0893977726337,0.));
#1428 = IFCCARTESIANPOINT((789.2479291837662,2162.214148051571,0.));
#1429 = IFCCARTESIANPOINT((785.9609352261759,2150.7281354581937,0.));
#1430 = IFCPOLYLINE((#1431,#1432));
#1431 = IFCCARTESIANPOINT((789.2479291837662,2162.214148051571,0.));
#1432 = IFCCARTESIANPOINT((789.2479291837662,2162.214148051571,0.));
#1433 = IFCPOLYLINE((#1434,#1435,#1436,#1437,#1438,#1439,#1440,#1441,#1442));
#1434 = IFCCARTESIANPOINT((789.2479291837662,2162.214148051571,0.));
#1435 = IFCCARTESIANPOINT((789.180470812016,2164.2209403955485,0.));
#1436 = IFCCARTESIANPOINT((788.9780956967638,2166.083771298136,0.));
#1437 = IFCCARTESIANPOINT((788.6408038380109,2167.8026407593334,0.));
#1438 = IFCCARTESIANPOINT((788.1685952357569,2169.3775487791427,0.));
#1439 = IFCCARTESIANPOINT((787.5614698900015,2170.8084953575612,0.));
#1440 = IFCCARTESIANPOINT((786.819427800745,2172.095480494591,0.));
#1441 = IFCCARTESIANPOINT((785.9424689679872,2173.2385041902307,0.));
#1442 = IFCCARTESIANPOINT((789.2479291837662,2162.214148051571,0.));
#1443 = IFCPOLYLINE((#1444,#1445));
#1444 = IFCCARTESIANPOINT((785.9424689679872,2173.2385041902307,0.));
#1445 = IFCCARTESIANPOINT((785.9424689679872,2173.2385041902307,0.));
#1446 = IFCPOLYLINE((#1447,#1448,#1449,#1450,#1451,#1452,#1453,#1454,#1455));
#1447 = IFCCARTESIANPOINT((785.9424689679872,2173.2385041902307,0.));
#1448 = IFCCARTESIANPOINT((784.9652647336338,2174.2330440955375,0.));
#1449 = IFCCARTESIANPOINT((783.9224864395896,2175.074577861565,0.));
#1450 = IFCCARTESIANPOINT((782.8141340858549,2175.7631054883154,0.));
#1451 = IFCCARTESIANPOINT((781.64020767243,2176.2986269757885,0.));
#1452 = IFCCARTESIANPOINT((780.4007071993142,2176.681142323983,0.));
#1453 = IFCCARTESIANPOINT((779.0956326665082,2176.9106515329,0.));
#1454 = IFCCARTESIANPOINT((777.7249840740114,2176.987154602539,0.));
#1455 = IFCCARTESIANPOINT((785.9424689679872,2173.2385041902307,0.));
#1456 = IFCPOLYLINE((#1457,#1458));
#1457 = IFCCARTESIANPOINT((777.7249840740114,2176.987154602539,0.));
#1458 = IFCCARTESIANPOINT((777.7249840740114,2176.987154602539,0.));
#1459 = IFCPOLYLINE((#1460,#1461,#1462,#1463,#1464,#1465,#1466,#1467,#1468));
#1460 = IFCCARTESIANPOINT((777.7249840740114,2176.987154602539,0.));
#1461 = IFCCARTESIANPOINT((776.3351154985022,2176.9110283953123,0.));
#1462 = IFCCARTESIANPOINT((775.0145896068033,2176.682649773631,0.));
#1463 = IFCCARTESIANPOINT((773.7634063989151,2176.3020187374964,0.));
#1464 = IFCCARTESIANPOINT((772.5815658748378,2175.7691352869083,0.));
#1465 = IFCCARTESIANPOINT((771.469068034571,2175.083999421866,0.));
#1466 = IFCCARTESIANPOINT((770.425912878115,2174.2466111423696,0.));
#1467 = IFCCARTESIANPOINT((769.4521004054695,2173.2569704484195,0.));
#1468 = IFCCARTESIANPOINT((777.7249840740114,2176.987154602539,0.));
#1469 = IFCPOLYLINE((#1470,#1471));
#1470 = IFCCARTESIANPOINT((769.4521004054695,2173.2569704484195,0.));
#1471 = IFCCARTESIANPOINT((769.4521004054695,2173.2569704484195,0.));
#1472 = IFCPOLYLINE((#1473,#1474,#1475,#1476,#1477,#1478,#1479,#1480,#1481));
#1473 = IFCCARTESIANPOINT((769.4521004054695,2173.2569704484195,0.));
#1474 = IFCCARTESIANPOINT((768.5800407840682,2172.113569890368,0.));
#1475 = IFCCARTESIANPOINT((767.8421441813438,2170.8149020185656,0.));
#1476 = IFCCARTESIANPOINT((767.2384105972965,2169.360966833013,0.));
#1477 = IFCCARTESIANPOINT((766.7688400319265,2167.7517643337123,0.));
#1478 = IFCCARTESIANPOINT((766.4334324852335,2165.9872945206603,0.));
#1479 = IFCCARTESIANPOINT((766.2321879572178,2164.0675573938584,0.));
#1480 = IFCCARTESIANPOINT((766.1651064478792,2161.9925529533066,0.));
#1481 = IFCCARTESIANPOINT((769.4521004054695,2173.2569704484195,0.));
#1482 = IFCPOLYLINE((#1483,#1484,#1485,#1486,#1487,#1488));
#1483 = IFCCARTESIANPOINT((803.8732056692243,2142.381386756897,0.));
#1484 = IFCCARTESIANPOINT((803.8732056692243,2181.603719149716,0.));
#1485 = IFCCARTESIANPOINT((809.8562733223662,2181.603719149716,0.));
#1486 = IFCCARTESIANPOINT((809.8562733223662,2176.026909176726,0.));
#1487 = IFCCARTESIANPOINT((809.8562733223662,2176.026909176726,0.));
#1488 = IFCCARTESIANPOINT((803.8732056692243,2142.381386756897,0.));
#1489 = IFCPOLYLINE((#1490,#1491,#1492,#1493,#1494,#1495,#1496,#1497,#1498));
#1490 = IFCCARTESIANPOINT((809.8562733223662,2176.026909176726,0.));
#1491 = IFCCARTESIANPOINT((811.1692619658248,2177.7416331513923,0.));
#1492 = IFCCARTESIANPOINT((812.6390253726812,2179.192553437648,0.));
#1493 = IFCCARTESIANPOINT((814.2655635429356,2180.379670035493,0.));
#1494 = IFCCARTESIANPOINT((816.0488764765882,2181.3029829449288,0.));
#1495 = IFCCARTESIANPOINT((817.9889641736387,2181.9624921659542,0.));
#1496 = IFCCARTESIANPOINT((820.0858266340872,2182.3581976985693,0.));
#1497 = IFCCARTESIANPOINT((822.3394638579339,2182.4900995427743,0.));
#1498 = IFCCARTESIANPOINT((809.8562733223662,2176.026909176726,0.));
#1499 = IFCPOLYLINE((#1500,#1501));
#1500 = IFCCARTESIANPOINT((822.3394638579339,2182.4900995427743,0.));
#1501 = IFCCARTESIANPOINT((822.3394638579339,2182.4900995427743,0.));
#1502 = IFCPOLYLINE((#1503,#1504,#1505,#1506,#1507,#1508,#1509,#1510,#1511));
#1503 = IFCCARTESIANPOINT((822.3394638579339,2182.4900995427743,0.));
#1504 = IFCCARTESIANPOINT((823.3407872866565,2182.464096036346,0.));
#1505 = IFCCARTESIANPOINT((824.318745245834,2182.3860855170583,0.));
#1506 = IFCCARTESIANPOINT((825.2733377354666,2182.2560679849134,0.));
#1507 = IFCCARTESIANPOINT((826.2045647555545,2182.0740434399104,0.));
#1508 = IFCCARTESIANPOINT((827.1124263060974,2181.840011882049,0.));
#1509 = IFCCARTESIANPOINT((827.9969223870953,2181.55397331133,0.));
#1510 = IFCCARTESIANPOINT((828.8580529985484,2181.2159277277533,0.));
#1511 = IFCCARTESIANPOINT((822.3394638579339,2182.4900995427743,0.));
#1512 = IFCPOLYLINE((#1513,#1514));
#1513 = IFCCARTESIANPOINT((828.8580529985484,2181.2159277277533,0.));
#1514 = IFCCARTESIANPOINT((828.8580529985484,2181.2159277277533,0.));
#1515 = IFCPOLYLINE((#1516,#1517,#1518,#1519,#1520,#1521,#1522,#1523,#1524));
#1516 = IFCCARTESIANPOINT((828.8580529985484,2181.2159277277533,0.));
#1517 = IFCCARTESIANPOINT((829.676975019856,2180.8356735540315,0.));
#1518 = IFCCARTESIANPOINT((830.434845330417,2180.4230092128746,0.));
#1519 = IFCCARTESIANPOINT((831.1316639302315,2179.9779347042854,0.));
#1520 = IFCCARTESIANPOINT((831.7674308193002,2179.5004500282635,0.));
#1521 = IFCCARTESIANPOINT((832.3421459976223,2178.990555184808,0.));
#1522 = IFCCARTESIANPOINT((832.855809465198,2178.448250173919,0.));
#1523 = IFCCARTESIANPOINT((833.3084212220274,2177.873534995597,0.));
#1524 = IFCCARTESIANPOINT((828.8580529985484,2181.2159277277533,0.));
#1525 = IFCPOLYLINE((#1526,#1527));
#1526 = IFCCARTESIANPOINT((833.3084212220274,2177.873534995597,0.));
#1527 = IFCCARTESIANPOINT((833.3084212220274,2177.873534995597,0.));
#1528 = IFCPOLYLINE((#1529,#1530,#1531,#1532,#1533,#1534,#1535,#1536,#1537));
#1529 = IFCCARTESIANPOINT((833.3084212220274,2177.873534995597,0.));
#1530 = IFCCARTESIANPOINT((833.7124177277071,2177.2667865122544,0.));
#1531 = IFCCARTESIANPOINT((834.0802354418331,2176.6283815863007,0.));
#1532 = IFCCARTESIANPOINT((834.4118743644058,2175.9583202177387,0.));
#1533 = IFCCARTESIANPOINT((834.7073344954252,2175.2566024065686,0.));
#1534 = IFCCARTESIANPOINT((834.9666158348912,2174.523228152788,0.));
#1535 = IFCCARTESIANPOINT((835.1897183828037,2173.758197456399,0.));
#1536 = IFCCARTESIANPOINT((835.3766421391629,2172.9615103174,0.));
#1537 = IFCCARTESIANPOINT((833.3084212220274,2177.873534995597,0.));
#1538 = IFCPOLYLINE((#1539,#1540));
#1539 = IFCCARTESIANPOINT((835.3766421391629,2172.9615103174,0.));
#1540 = IFCCARTESIANPOINT((835.3766421391629,2172.9615103174,0.));
#1541 = IFCPOLYLINE((#1542,#1543,#1544,#1545,#1546,#1547,#1548,#1549,#1550));
#1542 = IFCCARTESIANPOINT((835.3766421391629,2172.9615103174,0.));
#1543 = IFCCARTESIANPOINT((835.4746263662867,2172.377373578778,0.));
#1544 = IFCCARTESIANPOINT((835.5575360969298,2171.680178116551,0.));
#1545 = IFCCARTESIANPOINT((835.6253713310923,2170.8699239307193,0.));
#1546 = IFCCARTESIANPOINT((835.6781320687745,2169.9466110212843,0.));
#1547 = IFCCARTESIANPOINT((835.7158183099759,2168.9102393882445,0.));
#1548 = IFCCARTESIANPOINT((835.7384300546968,2167.7608090316003,0.));
#1549 = IFCCARTESIANPOINT((835.7459673029371,2166.4983199513517,0.));
#1550 = IFCCARTESIANPOINT((835.3766421391629,2172.9615103174,0.));
#1551 = IFCPOLYLINE((#1552,#1553,#1554,#1555,#1556,#1557));
#1552 = IFCCARTESIANPOINT((835.7459673029371,2166.4983199513517,0.));
#1553 = IFCCARTESIANPOINT((835.7459673029371,2142.381386756897,0.));
#1554 = IFCCARTESIANPOINT((829.0981143550016,2142.381386756897,0.));
#1555 = IFCCARTESIANPOINT((829.0981143550016,2166.23979233671,0.));
#1556 = IFCCARTESIANPOINT((829.0981143550016,2166.23979233671,0.));
#1557 = IFCCARTESIANPOINT((835.7459673029371,2166.4983199513517,0.));
#1558 = IFCPOLYLINE((#1559,#1560,#1561,#1562,#1563,#1564,#1565,#1566,#1567));
#1559 = IFCCARTESIANPOINT((829.0981143550016,2166.23979233671,0.));
#1560 = IFCCARTESIANPOINT((829.0822861336973,2167.3586968379814,0.));
#1561 = IFCCARTESIANPOINT((829.0348014697831,2168.393937883785,0.));
#1562 = IFCCARTESIANPOINT((828.95566036326,2169.345515474121,0.));
#1563 = IFCCARTESIANPOINT((828.844862814128,2170.2134296089907,0.));
#1564 = IFCCARTESIANPOINT((828.7024088223864,2170.997680288393,0.));
#1565 = IFCCARTESIANPOINT((828.5282983880359,2171.6982675123277,0.));
#1566 = IFCCARTESIANPOINT((828.3225315110758,2172.3151912807953,0.));
#1567 = IFCCARTESIANPOINT((829.0981143550016,2166.23979233671,0.));
#1568 = IFCPOLYLINE((#1569,#1570));
#1569 = IFCCARTESIANPOINT((828.3225315110758,2172.3151912807953,0.));
#1570 = IFCCARTESIANPOINT((828.3225315110758,2172.3151912807953,0.));
#1571 = IFCPOLYLINE((#1572,#1573,#1574,#1575,#1576,#1577,#1578,#1579,#1580));
#1572 = IFCCARTESIANPOINT((828.3225315110758,2172.3151912807953,0.));
#1573 = IFCCARTESIANPOINT((828.0764403560305,2172.873701375401,0.));
#1574 = IFCCARTESIANPOINT((827.781357087423,2173.399047577749,0.));
#1575 = IFCCARTESIANPOINT((827.4372817052538,2173.89122988784,0.));
#1576 = IFCCARTESIANPOINT((827.0442142095228,2174.3502483056736,0.));
#1577 = IFCCARTESIANPOINT((826.6021546002297,2174.77610283125,0.));
#1578 = IFCCARTESIANPOINT((826.1111028773748,2175.168793464569,0.));
#1579 = IFCCARTESIANPOINT((825.5710590409581,2175.5283202056307,0.));
#1580 = IFCCARTESIANPOINT((828.3225315110758,2172.3151912807953,0.));
#1581 = IFCPOLYLINE((#1582,#1583));
#1582 = IFCCARTESIANPOINT((825.5710590409581,2175.5283202056307,0.));
#1583 = IFCCARTESIANPOINT((825.5710590409581,2175.5283202056307,0.));
#1584 = IFCPOLYLINE((#1585,#1586,#1587,#1588,#1589,#1590,#1591,#1592,#1593));
#1585 = IFCCARTESIANPOINT((825.5710590409581,2175.5283202056307,0.));
#1586 = IFCCARTESIANPOINT((824.992575238516,2175.8467689437834,0.));
#1587 = IFCCARTESIANPOINT((824.3862036175846,2176.1162255683735,0.));
#1588 = IFCCARTESIANPOINT((823.751944178164,2176.3366900794013,0.));
#1589 = IFCCARTESIANPOINT((823.0897969202547,2176.5081624768686,0.));
#1590 = IFCCARTESIANPOINT((822.3997618438561,2176.630642760773,0.));
#1591 = IFCCARTESIANPOINT((821.6818389489686,2176.704130931116,0.));
#1592 = IFCCARTESIANPOINT((820.936028235592,2176.728626987897,0.));
#1593 = IFCCARTESIANPOINT((825.5710590409581,2175.5283202056307,0.));
#1594 = IFCPOLYLINE((#1595,#1596));
#1595 = IFCCARTESIANPOINT((820.936028235592,2176.728626987897,0.));
#1596 = IFCCARTESIANPOINT((820.936028235592,2176.728626987897,0.));
#1597 = IFCPOLYLINE((#1598,#1599,#1600,#1601,#1602,#1603,#1604,#1605,#1606));
#1598 = IFCCARTESIANPOINT((820.936028235592,2176.728626987897,0.));
#1599 = IFCCARTESIANPOINT((819.7462736008624,2176.6736050757436,0.));
#1600 = IFCCARTESIANPOINT((818.6040036300462,2176.5085393392806,0.));
#1601 = IFCCARTESIANPOINT((817.5092183231442,2176.2334297785096,0.));
#1602 = IFCCARTESIANPOINT((816.461917680156,2175.848276393431,0.));
#1603 = IFCCARTESIANPOINT((815.4621017010817,2175.353079184044,0.));
#1604 = IFCCARTESIANPOINT((814.509770385921,2174.747838150349,0.));
#1605 = IFCCARTESIANPOINT((813.6049237346742,2174.0325532923453,0.));
#1606 = IFCCARTESIANPOINT((820.936028235592,2176.728626987897,0.));
#1607 = IFCPOLYLINE((#1608,#1609));
#1608 = IFCCARTESIANPOINT((813.6049237346742,2174.0325532923453,0.));
#1609 = IFCCARTESIANPOINT((813.6049237346742,2174.0325532923453,0.));
#1610 = IFCPOLYLINE((#1611,#1612,#1613,#1614,#1615,#1616,#1617,#1618,#1619));
#1611 = IFCCARTESIANPOINT((813.6049237346742,2174.0325532923453,0.));
#1612 = IFCCARTESIANPOINT((812.786755438191,2173.163508570241,0.));
#1613 = IFCCARTESIANPOINT((812.0944591873202,2172.096987944239,0.));
#1614 = IFCCARTESIANPOINT((811.5280349820623,2170.8329914143424,0.));
#1615 = IFCCARTESIANPOINT((811.0874828224174,2169.3715189805503,0.));
#1616 = IFCCARTESIANPOINT((810.7728027083855,2167.7125706428624,0.));
#1617 = IFCCARTESIANPOINT((810.5839946399662,2165.856146401279,0.));
#1618 = IFCCARTESIANPOINT((810.5210586171597,2163.8022462558,0.));
#1619 = IFCCARTESIANPOINT((813.6049237346742,2174.0325532923453,0.));
#1620 = IFCPOLYLINE((#1621,#1622,#1623,#1624));
#1621 = IFCCARTESIANPOINT((810.5210586171597,2163.8022462558,0.));
#1622 = IFCCARTESIANPOINT((810.5210586171597,2142.381386756897,0.));
#1623 = IFCCARTESIANPOINT((803.8732056692243,2142.381386756897,0.));
#1624 = IFCCARTESIANPOINT((810.5210586171597,2163.8022462558,0.));
#1625 = IFCPOLYLINE((#1626,#1627));
#1626 = IFCCARTESIANPOINT((864.4794650445692,2161.9925529533066,0.));
#1627 = IFCCARTESIANPOINT((864.4794650445692,2161.9925529533066,0.));
#1628 = IFCPOLYLINE((#1629,#1630,#1631,#1632,#1633,#1634,#1635,#1636,#1637));
#1629 = IFCCARTESIANPOINT((864.4794650445692,2161.9925529533066,0.));
#1630 = IFCCARTESIANPOINT((864.6030759157102,2164.99011657847,0.));
#1631 = IFCCARTESIANPOINT((864.9739085291324,2167.7570404074795,0.));
#1632 = IFCCARTESIANPOINT((865.5919628848359,2170.2933244403375,0.));
#1633 = IFCCARTESIANPOINT((866.4572389828213,2172.598968677042,0.));
#1634 = IFCCARTESIANPOINT((867.569736823088,2174.673973117594,0.));
#1635 = IFCCARTESIANPOINT((868.9294564056362,2176.518337761993,0.));
#1636 = IFCCARTESIANPOINT((870.536397730466,2178.132062610239,0.));
#1637 = IFCCARTESIANPOINT((864.4794650445692,2161.9925529533066,0.));
#1638 = IFCPOLYLINE((#1639,#1640));
#1639 = IFCCARTESIANPOINT((870.536397730466,2178.132062610239,0.));
#1640 = IFCCARTESIANPOINT((870.536397730466,2178.132062610239,0.));
#1641 = IFCPOLYLINE((#1642,#1643,#1644,#1645,#1646,#1647,#1648,#1649,#1650));
#1642 = IFCCARTESIANPOINT((870.536397730466,2178.132062610239,0.));
#1643 = IFCCARTESIANPOINT((872.0272654323954,2179.2882764902997,0.));
#1644 = IFCCARTESIANPOINT((873.6085801132082,2180.266611311889,0.));
#1645 = IFCCARTESIANPOINT((875.2803417729042,2181.0670670750073,0.));
#1646 = IFCCARTESIANPOINT((877.0425504114841,2181.689643779656,0.));
#1647 = IFCCARTESIANPOINT((878.8952060289473,2182.1343414258326,0.));
#1648 = IFCCARTESIANPOINT((880.8383086252938,2182.401160013539,0.));
#1649 = IFCCARTESIANPOINT((882.871858200524,2182.4900995427743,0.));
#1650 = IFCCARTESIANPOINT((870.536397730466,2178.132062610239,0.));
#1651 = IFCPOLYLINE((#1652,#1653));
#1652 = IFCCARTESIANPOINT((882.871858200524,2182.4900995427743,0.));
#1653 = IFCCARTESIANPOINT((882.871858200524,2182.4900995427743,0.));
#1654 = IFCPOLYLINE((#1655,#1656,#1657,#1658,#1659,#1660,#1661,#1662,#1663));
#1655 = IFCCARTESIANPOINT((882.871858200524,2182.4900995427743,0.));
#1656 = IFCCARTESIANPOINT((885.1224805250746,2182.3819400305265,0.));
#1657 = IFCCARTESIANPOINT((887.2525068777803,2182.0574614937814,0.));
#1658 = IFCCARTESIANPOINT((889.2619372586414,2181.5166639325407,0.));
#1659 = IFCCARTESIANPOINT((891.1507716676582,2180.7595473468036,0.));
#1660 = IFCCARTESIANPOINT((892.91901010483,2179.7861117365705,0.));
#1661 = IFCCARTESIANPOINT((894.5666525701574,2178.5963571018406,0.));
#1662 = IFCCARTESIANPOINT((896.0936990636401,2177.1902834426146,0.));
#1663 = IFCCARTESIANPOINT((882.871858200524,2182.4900995427743,0.));
#1664 = IFCPOLYLINE((#1665,#1666));
#1665 = IFCCARTESIANPOINT((896.0936990636401,2177.1902834426146,0.));
#1666 = IFCCARTESIANPOINT((896.0936990636401,2177.1902834426146,0.));
#1667 = IFCPOLYLINE((#1668,#1669,#1670,#1671,#1672,#1673,#1674,#1675,#1676));
#1668 = IFCCARTESIANPOINT((896.0936990636401,2177.1902834426146,0.));
#1669 = IFCCARTESIANPOINT((897.4556798206607,2175.5935174029096,0.));
#1670 = IFCCARTESIANPOINT((898.6081250766007,2173.831685626742,0.));
#1671 = IFCCARTESIANPOINT((899.5510348314609,2171.9047881141114,0.));
#1672 = IFCCARTESIANPOINT((900.2844090852412,2169.812824865019,0.));
#1673 = IFCCARTESIANPOINT((900.8082478379413,2167.5557958794643,0.));
#1674 = IFCCARTESIANPOINT((901.1225510895614,2165.1337011574474,0.));
#1675 = IFCCARTESIANPOINT((901.2273188401014,2162.546540698968,0.));
#1676 = IFCCARTESIANPOINT((896.0936990636401,2177.1902834426146,0.));
#1677 = IFCPOLYLINE((#1678,#1679));
#1678 = IFCCARTESIANPOINT((901.2273188401014,2162.546540698968,0.));
#1679 = IFCCARTESIANPOINT((901.2273188401014,2162.546540698968,0.));
#1680 = IFCPOLYLINE((#1681,#1682,#1683,#1684,#1685,#1686,#1687,#1688,#1689));
#1681 = IFCCARTESIANPOINT((901.2273188401014,2162.546540698968,0.));
#1682 = IFCCARTESIANPOINT((901.1809647634238,2160.449301376108,0.));
#1683 = IFCCARTESIANPOINT((901.0419025333903,2158.4839638974518,0.));
#1684 = IFCCARTESIANPOINT((900.8101321500013,2156.650528263001,0.));
#1685 = IFCCARTESIANPOINT((900.4856536132569,2154.948994472756,0.));
#1686 = IFCCARTESIANPOINT((900.0684669231568,2153.379362526716,0.));
#1687 = IFCCARTESIANPOINT((899.5585720797012,2151.9416324248805,0.));
#1688 = IFCCARTESIANPOINT((898.9559690828901,2150.63580416725,0.));
#1689 = IFCCARTESIANPOINT((901.2273188401014,2162.546540698968,0.));
#1690 = IFCPOLYLINE((#1691,#1692));
#1691 = IFCCARTESIANPOINT((898.9559690828901,2150.63580416725,0.));
#1692 = IFCCARTESIANPOINT((898.9559690828901,2150.63580416725,0.));
#1693 = IFCPOLYLINE((#1694,#1695,#1696,#1697,#1698,#1699,#1700,#1701,#1702));
#1694 = IFCCARTESIANPOINT((898.9559690828901,2150.63580416725,0.));
#1695 = IFCCARTESIANPOINT((898.2648034192557,2149.435497384985,0.));
#1696 = IFCCARTESIANPOINT((897.4892205753297,2148.314331709241,0.));
#1697 = IFCCARTESIANPOINT((896.6292205511124,2147.2723071400205,0.));
#1698 = IFCCARTESIANPOINT((895.6848033466044,2146.309423677324,0.));
#1699 = IFCCARTESIANPOINT((894.655968961805,2145.42568132115,0.));
#1700 = IFCCARTESIANPOINT((893.5427173967141,2144.621080071499,0.));
#1701 = IFCCARTESIANPOINT((892.345048651332,2143.895619928371,0.));
#1702 = IFCCARTESIANPOINT((898.9559690828901,2150.63580416725,0.));
#1703 = IFCPOLYLINE((#1704,#1705));
#1704 = IFCCARTESIANPOINT((892.345048651332,2143.895619928371,0.));
#1705 = IFCCARTESIANPOINT((892.345048651332,2143.895619928371,0.));
#1706 = IFCPOLYLINE((#1707,#1708,#1709,#1710,#1711,#1712,#1713,#1714,#1715));
#1707 = IFCCARTESIANPOINT((892.345048651332,2143.895619928371,0.));
#1708 = IFCCARTESIANPOINT((891.0889662320881,2143.258722452067,0.));
#1709 = IFCCARTESIANPOINT((889.8004736454103,2142.719809202886,0.));
#1710 = IFCCARTESIANPOINT((888.4795708912994,2142.2788801808288,0.));
#1711 = IFCCARTESIANPOINT((887.1262579697554,2141.9359353858963,0.));
#1712 = IFCCARTESIANPOINT((885.7405348807781,2141.6909748180865,0.));
#1713 = IFCCARTESIANPOINT((884.3224016243678,2141.543998477401,0.));
#1714 = IFCCARTESIANPOINT((882.871858200524,2141.495006363839,0.));
#1715 = IFCCARTESIANPOINT((892.345048651332,2143.895619928371,0.));
#1716 = IFCPOLYLINE((#1717,#1718));
#1717 = IFCCARTESIANPOINT((882.871858200524,2141.495006363839,0.));
#1718 = IFCCARTESIANPOINT((882.871858200524,2141.495006363839,0.));
#1719 = IFCPOLYLINE((#1720,#1721,#1722,#1723,#1724,#1725,#1726,#1727,#1728));
#1720 = IFCCARTESIANPOINT((882.871858200524,2141.495006363839,0.));
#1721 = IFCCARTESIANPOINT((880.5831727723603,2141.6027890136756,0.));
#1722 = IFCCARTESIANPOINT((878.423374289105,2141.926136963183,0.));
#1723 = IFCCARTESIANPOINT((876.3924627507589,2142.465050212364,0.));
#1724 = IFCCARTESIANPOINT((874.4904381573219,2143.2195287612176,0.));
#1725 = IFCCARTESIANPOINT((872.7173005087939,2144.1895726097423,0.));
#1726 = IFCCARTESIANPOINT((871.0730498051746,2145.37518175794,0.));
#1727 = IFCCARTESIANPOINT((869.5576860464644,2146.77635620581,0.));
#1728 = IFCCARTESIANPOINT((882.871858200524,2141.495006363839,0.));
#1729 = IFCPOLYLINE((#1730,#1731));
#1730 = IFCCARTESIANPOINT((869.5576860464644,2146.77635620581,0.));
#1731 = IFCCARTESIANPOINT((869.5576860464644,2146.77635620581,0.));
#1732 = IFCPOLYLINE((#1733,#1734,#1735,#1736,#1737,#1738,#1739,#1740,#1741));
#1733 = IFCCARTESIANPOINT((869.5576860464644,2146.77635620581,0.));
#1734 = IFCCARTESIANPOINT((868.2104029235128,2148.380282631344,0.));
#1735 = IFCCARTESIANPOINT((867.0703941271688,2150.1741477125324,0.));
#1736 = IFCCARTESIANPOINT((866.1376596574328,2152.1579514493765,0.));
#1737 = IFCCARTESIANPOINT((865.412199514305,2154.3316938418766,0.));
#1738 = IFCCARTESIANPOINT((864.8940136977851,2156.695374890031,0.));
#1739 = IFCCARTESIANPOINT((864.5831022078733,2159.2489945938414,0.));
#1740 = IFCCARTESIANPOINT((864.4794650445692,2161.9925529533066,0.));
#1741 = IFCCARTESIANPOINT((869.5576860464644,2146.77635620581,0.));
#1742 = IFCPOLYLINE((#1743,#1744,#1745,#1746,#1747,#1748,#1749,#1750,#1751));
#1743 = IFCCARTESIANPOINT((871.3119805743918,2161.9925529533066,0.));
#1744 = IFCCARTESIANPOINT((871.3790620837307,2159.917171650344,0.));
#1745 = IFCCARTESIANPOINT((871.5803066117461,2157.996303936305,0.));
#1746 = IFCCARTESIANPOINT((871.915714158439,2156.229949811193,0.));
#1747 = IFCCARTESIANPOINT((872.3852847238091,2154.6181092750076,0.));
#1748 = IFCCARTESIANPOINT((872.9890183078562,2153.1607823277473,0.));
#1749 = IFCCARTESIANPOINT((873.7269149105807,2151.8579689694134,0.));
#1750 = IFCCARTESIANPOINT((874.5989745319821,2150.709669200005,0.));
#1751 = IFCCARTESIANPOINT((871.3119805743918,2161.9925529533066,0.));
#1752 = IFCPOLYLINE((#1753,#1754));
#1753 = IFCCARTESIANPOINT((874.5989745319821,2150.709669200005,0.));
#1754 = IFCCARTESIANPOINT((874.5989745319821,2150.709669200005,0.));
#1755 = IFCPOLYLINE((#1756,#1757,#1758,#1759,#1760,#1761,#1762,#1763,#1764));
#1756 = IFCCARTESIANPOINT((874.5989745319821,2150.709669200005,0.));
#1757 = IFCCARTESIANPOINT((875.5727870046278,2149.7151292946996,0.));
#1758 = IFCCARTESIANPOINT((876.6159421610837,2148.8735955286706,0.));
#1759 = IFCCARTESIANPOINT((877.7284400013502,2148.18506790192,0.));
#1760 = IFCCARTESIANPOINT((878.9102805254279,2147.6495464144477,0.));
#1761 = IFCCARTESIANPOINT((880.1614637333159,2147.2670310662525,0.));
#1762 = IFCCARTESIANPOINT((881.4819896250146,2147.0375218573363,0.));
#1763 = IFCCARTESIANPOINT((882.871858200524,2146.961018787697,0.));
#1764 = IFCCARTESIANPOINT((874.5989745319821,2150.709669200005,0.));
#1765 = IFCPOLYLINE((#1766,#1767));
#1766 = IFCCARTESIANPOINT((882.871858200524,2146.961018787697,0.));
#1767 = IFCCARTESIANPOINT((882.871858200524,2146.961018787697,0.));
#1768 = IFCPOLYLINE((#1769,#1770,#1771,#1772,#1773,#1774,#1775,#1776,#1777));
#1769 = IFCCARTESIANPOINT((882.871858200524,2146.961018787697,0.));
#1770 = IFCCARTESIANPOINT((884.2519283533213,2147.0378987197482,0.));
#1771 = IFCCARTESIANPOINT((885.5641632719554,2147.268538515901,0.));
#1772 = IFCCARTESIANPOINT((886.8085629564271,2147.652938176155,0.));
#1773 = IFCCARTESIANPOINT((887.9851274067365,2148.1910977005127,0.));
#1774 = IFCCARTESIANPOINT((889.0938566228831,2148.883017088971,0.));
#1775 = IFCCARTESIANPOINT((890.1347506048671,2149.7286963415313,0.));
#1776 = IFCCARTESIANPOINT((891.1078093526885,2150.7281354581937,0.));
#1777 = IFCCARTESIANPOINT((882.871858200524,2146.961018787697,0.));
#1778 = IFCPOLYLINE((#1779,#1780));
#1779 = IFCCARTESIANPOINT((891.1078093526885,2150.7281354581937,0.));
#1780 = IFCCARTESIANPOINT((891.1078093526885,2150.7281354581937,0.));
#1781 = IFCPOLYLINE((#1782,#1783,#1784,#1785,#1786,#1787,#1788,#1789,#1790));
#1782 = IFCCARTESIANPOINT((891.1078093526885,2150.7281354581937,0.));
#1783 = IFCCARTESIANPOINT((891.9798689740902,2151.8851030630785,0.));
#1784 = IFCCARTESIANPOINT((892.7177655768144,2153.203367780305,0.));
#1785 = IFCCARTESIANPOINT((893.3214991608615,2154.6829296098736,0.));
#1786 = IFCCARTESIANPOINT((893.7910697262316,2156.323788551785,0.));
#1787 = IFCCARTESIANPOINT((894.1264772729245,2158.125944606038,0.));
#1788 = IFCCARTESIANPOINT((894.3277218009403,2160.0893977726337,0.));
#1789 = IFCCARTESIANPOINT((894.3948033102788,2162.214148051571,0.));
#1790 = IFCCARTESIANPOINT((891.1078093526885,2150.7281354581937,0.));
#1791 = IFCPOLYLINE((#1792,#1793));
#1792 = IFCCARTESIANPOINT((894.3948033102788,2162.214148051571,0.));
#1793 = IFCCARTESIANPOINT((894.3948033102788,2162.214148051571,0.));
#1794 = IFCPOLYLINE((#1795,#1796,#1797,#1798,#1799,#1800,#1801,#1802,#1803));
#1795 = IFCCARTESIANPOINT((894.3948033102788,2162.214148051571,0.));
#1796 = IFCCARTESIANPOINT((894.3273449385284,2164.2209403955485,0.));
#1797 = IFCCARTESIANPOINT((894.1249698232764,2166.083771298136,0.));
#1798 = IFCCARTESIANPOINT((893.7876779645234,2167.8026407593334,0.));
#1799 = IFCCARTESIANPOINT((893.3154693622694,2169.3775487791427,0.));
#1800 = IFCCARTESIANPOINT((892.708344016514,2170.8084953575612,0.));
#1801 = IFCCARTESIANPOINT((891.9663019272575,2172.095480494591,0.));
#1802 = IFCCARTESIANPOINT((891.0893430944998,2173.2385041902307,0.));
#1803 = IFCCARTESIANPOINT((894.3948033102788,2162.214148051571,0.));
#1804 = IFCPOLYLINE((#1805,#1806));
#1805 = IFCCARTESIANPOINT((891.0893430944998,2173.2385041902307,0.));
#1806 = IFCCARTESIANPOINT((891.0893430944998,2173.2385041902307,0.));
#1807 = IFCPOLYLINE((#1808,#1809,#1810,#1811,#1812,#1813,#1814,#1815,#1816));
#1808 = IFCCARTESIANPOINT((891.0893430944998,2173.2385041902307,0.));
#1809 = IFCCARTESIANPOINT((890.1121388601465,2174.2330440955375,0.));
#1810 = IFCCARTESIANPOINT((889.0693605661023,2175.074577861565,0.));
#1811 = IFCCARTESIANPOINT((887.9610082123675,2175.7631054883154,0.));
#1812 = IFCCARTESIANPOINT((886.7870817989425,2176.2986269757885,0.));
#1813 = IFCCARTESIANPOINT((885.5475813258267,2176.681142323983,0.));
#1814 = IFCCARTESIANPOINT((884.2425067930207,2176.9106515329,0.));
#1815 = IFCCARTESIANPOINT((882.871858200524,2176.987154602539,0.));
#1816 = IFCCARTESIANPOINT((891.0893430944998,2173.2385041902307,0.));
#1817 = IFCPOLYLINE((#1818,#1819));
#1818 = IFCCARTESIANPOINT((882.871858200524,2176.987154602539,0.));
#1819 = IFCCARTESIANPOINT((882.871858200524,2176.987154602539,0.));
#1820 = IFCPOLYLINE((#1821,#1822,#1823,#1824,#1825,#1826,#1827,#1828,#1829));
#1821 = IFCCARTESIANPOINT((882.871858200524,2176.987154602539,0.));
#1822 = IFCCARTESIANPOINT((881.4819896250148,2176.9110283953123,0.));
#1823 = IFCCARTESIANPOINT((880.1614637333158,2176.682649773631,0.));
#1824 = IFCCARTESIANPOINT((878.9102805254278,2176.3020187374964,0.));
#1825 = IFCCARTESIANPOINT((877.7284400013504,2175.7691352869083,0.));
#1826 = IFCCARTESIANPOINT((876.6159421610836,2175.083999421866,0.));
#1827 = IFCCARTESIANPOINT((875.5727870046276,2174.2466111423696,0.));
#1828 = IFCCARTESIANPOINT((874.5989745319821,2173.2569704484195,0.));
#1829 = IFCCARTESIANPOINT((882.871858200524,2176.987154602539,0.));
#1830 = IFCPOLYLINE((#1831,#1832));
#1831 = IFCCARTESIANPOINT((874.5989745319821,2173.2569704484195,0.));
#1832 = IFCCARTESIANPOINT((874.5989745319821,2173.2569704484195,0.));
#1833 = IFCPOLYLINE((#1834,#1835,#1836,#1837,#1838,#1839,#1840,#1841,#1842));
#1834 = IFCCARTESIANPOINT((874.5989745319821,2173.2569704484195,0.));
#1835 = IFCCARTESIANPOINT((873.7269149105807,2172.113569890368,0.));
#1836 = IFCCARTESIANPOINT((872.9890183078562,2170.8149020185656,0.));
#1837 = IFCCARTESIANPOINT((872.385284723809,2169.360966833013,0.));
#1838 = IFCCARTESIANPOINT((871.9157141584391,2167.7517643337123,0.));
#1839 = IFCCARTESIANPOINT((871.5803066117462,2165.9872945206603,0.));
#1840 = IFCCARTESIANPOINT((871.3790620837304,2164.0675573938584,0.));
#1841 = IFCCARTESIANPOINT((871.3119805743918,2161.9925529533066,0.));
#1842 = IFCCARTESIANPOINT((874.5989745319821,2173.2569704484195,0.));
#1843 = IFCPOLYLINE((#1844,#1845,#1846,#1847,#1848,#1849));
#1844 = IFCCARTESIANPOINT((909.0200797957368,2142.381386756897,0.));
#1845 = IFCCARTESIANPOINT((909.0200797957368,2181.603719149716,0.));
#1846 = IFCCARTESIANPOINT((915.0031474488787,2181.603719149716,0.));
#1847 = IFCCARTESIANPOINT((915.0031474488787,2176.026909176726,0.));
#1848 = IFCCARTESIANPOINT((915.0031474488787,2176.026909176726,0.));
#1849 = IFCCARTESIANPOINT((909.0200797957368,2142.381386756897,0.));
#1850 = IFCPOLYLINE((#1851,#1852,#1853,#1854,#1855,#1856,#1857,#1858,#1859));
#1851 = IFCCARTESIANPOINT((915.0031474488787,2176.026909176726,0.));
#1852 = IFCCARTESIANPOINT((916.3161360923374,2177.7416331513923,0.));
#1853 = IFCCARTESIANPOINT((917.7858994991936,2179.192553437648,0.));
#1854 = IFCCARTESIANPOINT((919.4124376694481,2180.379670035493,0.));
#1855 = IFCCARTESIANPOINT((921.1957506031007,2181.3029829449288,0.));
#1856 = IFCCARTESIANPOINT((923.1358383001512,2181.9624921659542,0.));
#1857 = IFCCARTESIANPOINT((925.2327007605998,2182.3581976985693,0.));
#1858 = IFCCARTESIANPOINT((927.4863379844464,2182.4900995427743,0.));
#1859 = IFCCARTESIANPOINT((915.0031474488787,2176.026909176726,0.));
#1860 = IFCPOLYLINE((#1861,#1862));
#1861 = IFCCARTESIANPOINT((927.4863379844464,2182.4900995427743,0.));
#1862 = IFCCARTESIANPOINT((927.4863379844464,2182.4900995427743,0.));
#1863 = IFCPOLYLINE((#1864,#1865,#1866,#1867,#1868,#1869,#1870,#1871,#1872));
#1864 = IFCCARTESIANPOINT((927.4863379844464,2182.4900995427743,0.));
#1865 = IFCCARTESIANPOINT((928.4876614131691,2182.464096036346,0.));
#1866 = IFCCARTESIANPOINT((929.4656193723465,2182.3860855170583,0.));
#1867 = IFCCARTESIANPOINT((930.420211861979,2182.2560679849134,0.));
#1868 = IFCCARTESIANPOINT((931.3514388820671,2182.0740434399104,0.));
#1869 = IFCCARTESIANPOINT((932.25930043261,2181.840011882049,0.));
#1870 = IFCCARTESIANPOINT((933.1437965136079,2181.55397331133,0.));
#1871 = IFCCARTESIANPOINT((934.0049271250609,2181.2159277277533,0.));
#1872 = IFCCARTESIANPOINT((927.4863379844464,2182.4900995427743,0.));
#1873 = IFCPOLYLINE((#1874,#1875));
#1874 = IFCCARTESIANPOINT((934.0049271250609,2181.2159277277533,0.));
#1875 = IFCCARTESIANPOINT((934.0049271250609,2181.2159277277533,0.));
#1876 = IFCPOLYLINE((#1877,#1878,#1879,#1880,#1881,#1882,#1883,#1884,#1885));
#1877 = IFCCARTESIANPOINT((934.0049271250609,2181.2159277277533,0.));
#1878 = IFCCARTESIANPOINT((934.8238491463686,2180.8356735540315,0.));
#1879 = IFCCARTESIANPOINT((935.5817194569296,2180.4230092128746,0.));
#1880 = IFCCARTESIANPOINT((936.2785380567442,2179.9779347042854,0.));
#1881 = IFCCARTESIANPOINT((936.9143049458128,2179.5004500282635,0.));
#1882 = IFCCARTESIANPOINT((937.4890201241349,2178.990555184808,0.));
#1883 = IFCCARTESIANPOINT((938.0026835917106,2178.448250173919,0.));
#1884 = IFCCARTESIANPOINT((938.45529534854,2177.873534995597,0.));
#1885 = IFCCARTESIANPOINT((934.0049271250609,2181.2159277277533,0.));
#1886 = IFCPOLYLINE((#1887,#1888));
#1887 = IFCCARTESIANPOINT((938.45529534854,2177.873534995597,0.));
#1888 = IFCCARTESIANPOINT((938.45529534854,2177.873534995597,0.));
#1889 = IFCPOLYLINE((#1890,#1891,#1892,#1893,#1894,#1895,#1896,#1897,#1898));
#1890 = IFCCARTESIANPOINT((938.45529534854,2177.873534995597,0.));
#1891 = IFCCARTESIANPOINT((938.8592918542197,2177.2667865122544,0.));
#1892 = IFCCARTESIANPOINT((939.2271095683457,2176.6283815863007,0.));
#1893 = IFCCARTESIANPOINT((939.5587484909182,2175.9583202177387,0.));
#1894 = IFCCARTESIANPOINT((939.8542086219378,2175.2566024065686,0.));
#1895 = IFCCARTESIANPOINT((940.1134899614037,2174.523228152788,0.));
#1896 = IFCCARTESIANPOINT((940.3365925093163,2173.758197456399,0.));
#1897 = IFCCARTESIANPOINT((940.5235162656754,2172.9615103174,0.));
#1898 = IFCCARTESIANPOINT((938.45529534854,2177.873534995597,0.));
#1899 = IFCPOLYLINE((#1900,#1901));
#1900 = IFCCARTESIANPOINT((940.5235162656754,2172.9615103174,0.));
#1901 = IFCCARTESIANPOINT((940.5235162656754,2172.9615103174,0.));
#1902 = IFCPOLYLINE((#1903,#1904,#1905,#1906,#1907,#1908,#1909,#1910,#1911));
#1903 = IFCCARTESIANPOINT((940.5235162656754,2172.9615103174,0.));
#1904 = IFCCARTESIANPOINT((940.6215004927996,2172.377373578778,0.));
#1905 = IFCCARTESIANPOINT((940.7044102234423,2171.680178116551,0.));
#1906 = IFCCARTESIANPOINT((940.7722454576049,2170.8699239307193,0.));
#1907 = IFCCARTESIANPOINT((940.8250061952871,2169.9466110212843,0.));
#1908 = IFCCARTESIANPOINT((940.8626924364885,2168.9102393882445,0.));
#1909 = IFCCARTESIANPOINT((940.8853041812093,2167.7608090316003,0.));
#1910 = IFCCARTESIANPOINT((940.8928414294496,2166.4983199513517,0.));
#1911 = IFCCARTESIANPOINT((940.5235162656754,2172.9615103174,0.));
#1912 = IFCPOLYLINE((#1913,#1914,#1915,#1916,#1917,#1918));
#1913 = IFCCARTESIANPOINT((940.8928414294496,2166.4983199513517,0.));
#1914 = IFCCARTESIANPOINT((940.8928414294496,2142.381386756897,0.));
#1915 = IFCCARTESIANPOINT((934.2449884815142,2142.381386756897,0.));
#1916 = IFCCARTESIANPOINT((934.2449884815142,2166.23979233671,0.));
#1917 = IFCCARTESIANPOINT((934.2449884815142,2166.23979233671,0.));
#1918 = IFCCARTESIANPOINT((940.8928414294496,2166.4983199513517,0.));
#1919 = IFCPOLYLINE((#1920,#1921,#1922,#1923,#1924,#1925,#1926,#1927,#1928));
#1920 = IFCCARTESIANPOINT((934.2449884815142,2166.23979233671,0.));
#1921 = IFCCARTESIANPOINT((934.2291602602098,2167.3586968379814,0.));
#1922 = IFCCARTESIANPOINT((934.1816755962957,2168.393937883785,0.));
#1923 = IFCCARTESIANPOINT((934.1025344897727,2169.345515474121,0.));
#1924 = IFCCARTESIANPOINT((933.9917369406405,2170.2134296089907,0.));
#1925 = IFCCARTESIANPOINT((933.8492829488989,2170.997680288393,0.));
#1926 = IFCCARTESIANPOINT((933.6751725145484,2171.6982675123277,0.));
#1927 = IFCCARTESIANPOINT((933.4694056375884,2172.3151912807953,0.));
#1928 = IFCCARTESIANPOINT((934.2449884815142,2166.23979233671,0.));
#1929 = IFCPOLYLINE((#1930,#1931));
#1930 = IFCCARTESIANPOINT((933.4694056375884,2172.3151912807953,0.));
#1931 = IFCCARTESIANPOINT((933.4694056375884,2172.3151912807953,0.));
#1932 = IFCPOLYLINE((#1933,#1934,#1935,#1936,#1937,#1938,#1939,#1940,#1941));
#1933 = IFCCARTESIANPOINT((933.4694056375884,2172.3151912807953,0.));
#1934 = IFCCARTESIANPOINT((933.2233144825431,2172.873701375401,0.));
#1935 = IFCCARTESIANPOINT((932.9282312139355,2173.399047577749,0.));
#1936 = IFCCARTESIANPOINT((932.5841558317663,2173.89122988784,0.));
#1937 = IFCCARTESIANPOINT((932.1910883360354,2174.3502483056736,0.));
#1938 = IFCCARTESIANPOINT((931.7490287267423,2174.77610283125,0.));
#1939 = IFCCARTESIANPOINT((931.2579770038874,2175.168793464569,0.));
#1940 = IFCCARTESIANPOINT((930.7179331674706,2175.5283202056307,0.));
#1941 = IFCCARTESIANPOINT((933.4694056375884,2172.3151912807953,0.));
#1942 = IFCPOLYLINE((#1943,#1944));
#1943 = IFCCARTESIANPOINT((930.7179331674706,2175.5283202056307,0.));
#1944 = IFCCARTESIANPOINT((930.7179331674706,2175.5283202056307,0.));
#1945 = IFCPOLYLINE((#1946,#1947,#1948,#1949,#1950,#1951,#1952,#1953,#1954));
#1946 = IFCCARTESIANPOINT((930.7179331674706,2175.5283202056307,0.));
#1947 = IFCCARTESIANPOINT((930.1394493650288,2175.8467689437834,0.));
#1948 = IFCCARTESIANPOINT((929.5330777440971,2176.1162255683735,0.));
#1949 = IFCCARTESIANPOINT((928.8988183046768,2176.3366900794013,0.));
#1950 = IFCCARTESIANPOINT((928.2366710467674,2176.5081624768686,0.));
#1951 = IFCCARTESIANPOINT((927.5466359703687,2176.630642760773,0.));
#1952 = IFCCARTESIANPOINT((926.8287130754811,2176.704130931116,0.));
#1953 = IFCCARTESIANPOINT((926.0829023621045,2176.728626987897,0.));
#1954 = IFCCARTESIANPOINT((930.7179331674706,2175.5283202056307,0.));
#1955 = IFCPOLYLINE((#1956,#1957));
#1956 = IFCCARTESIANPOINT((926.0829023621045,2176.728626987897,0.));
#1957 = IFCCARTESIANPOINT((926.0829023621045,2176.728626987897,0.));
#1958 = IFCPOLYLINE((#1959,#1960,#1961,#1962,#1963,#1964,#1965,#1966,#1967));
#1959 = IFCCARTESIANPOINT((926.0829023621045,2176.728626987897,0.));
#1960 = IFCCARTESIANPOINT((924.893147727375,2176.6736050757436,0.));
#1961 = IFCCARTESIANPOINT((923.7508777565588,2176.5085393392806,0.));
#1962 = IFCCARTESIANPOINT((922.6560924496569,2176.2334297785096,0.));
#1963 = IFCCARTESIANPOINT((921.6087918066686,2175.848276393431,0.));
#1964 = IFCCARTESIANPOINT((920.6089758275942,2175.353079184044,0.));
#1965 = IFCCARTESIANPOINT((919.6566445124336,2174.747838150349,0.));
#1966 = IFCCARTESIANPOINT((918.7517978611868,2174.0325532923453,0.));
#1967 = IFCCARTESIANPOINT((926.0829023621045,2176.728626987897,0.));
#1968 = IFCPOLYLINE((#1969,#1970));
#1969 = IFCCARTESIANPOINT((918.7517978611868,2174.0325532923453,0.));
#1970 = IFCCARTESIANPOINT((918.7517978611868,2174.0325532923453,0.));
#1971 = IFCPOLYLINE((#1972,#1973,#1974,#1975,#1976,#1977,#1978,#1979,#1980));
#1972 = IFCCARTESIANPOINT((918.7517978611868,2174.0325532923453,0.));
#1973 = IFCCARTESIANPOINT((917.9336295647037,2173.163508570241,0.));
#1974 = IFCCARTESIANPOINT((917.2413333138327,2172.096987944239,0.));
#1975 = IFCCARTESIANPOINT((916.6749091085749,2170.8329914143424,0.));
#1976 = IFCCARTESIANPOINT((916.2343569489301,2169.3715189805503,0.));
#1977 = IFCCARTESIANPOINT((915.919676834898,2167.7125706428624,0.));
#1978 = IFCCARTESIANPOINT((915.7308687664788,2165.856146401279,0.));
#1979 = IFCCARTESIANPOINT((915.6679327436723,2163.8022462558,0.));
#1980 = IFCCARTESIANPOINT((918.7517978611868,2174.0325532923453,0.));
#1981 = IFCPOLYLINE((#1982,#1983,#1984,#1985));
#1982 = IFCCARTESIANPOINT((915.6679327436723,2163.8022462558,0.));
#1983 = IFCCARTESIANPOINT((915.6679327436723,2142.381386756897,0.));
#1984 = IFCCARTESIANPOINT((909.0200797957368,2142.381386756897,0.));
#1985 = IFCCARTESIANPOINT((915.6679327436723,2163.8022462558,0.));
#1986 = IFCPOLYLINE((#1987,#1988,#1989,#1990,#1991));
#1987 = IFCCARTESIANPOINT((950.9384858841076,2142.381386756897,0.));
#1988 = IFCCARTESIANPOINT((950.9384858841076,2196.5244557661936,0.));
#1989 = IFCCARTESIANPOINT((957.5863388320431,2196.5244557661936,0.));
#1990 = IFCCARTESIANPOINT((957.5863388320431,2142.381386756897,0.));
#1991 = IFCCARTESIANPOINT((950.9384858841076,2142.381386756897,0.));
#1992 = IFCPOLYLINE((#1993,#1994,#1995,#1996));
#1993 = IFCCARTESIANPOINT((967.5950507703237,2127.2759875585325,0.));
#1994 = IFCCARTESIANPOINT((966.8564004427753,2133.5175828263164,0.));
#1995 = IFCCARTESIANPOINT((966.8564004427753,2133.5175828263164,0.));
#1996 = IFCCARTESIANPOINT((967.5950507703237,2127.2759875585325,0.));
#1997 = IFCPOLYLINE((#1998,#1999,#2000,#2001,#2002,#2003,#2004,#2005,#2006));
#1998 = IFCCARTESIANPOINT((966.8564004427753,2133.5175828263164,0.));
#1999 = IFCCARTESIANPOINT((967.4676712750631,2133.360808062919,0.));
#2000 = IFCCARTESIANPOINT((968.0563303626294,2133.228152493889,0.));
#2001 = IFCCARTESIANPOINT((968.6223777054751,2133.119616119229,0.));
#2002 = IFCCARTESIANPOINT((969.1658133036002,2133.035198938938,0.));
#2003 = IFCCARTESIANPOINT((969.686637157004,2132.9749009530155,0.));
#2004 = IFCCARTESIANPOINT((970.1848492656874,2132.9387221614625,0.));
#2005 = IFCCARTESIANPOINT((970.6604496296495,2132.9266625642776,0.));
#2006 = IFCCARTESIANPOINT((966.8564004427753,2133.5175828263164,0.));
#2007 = IFCPOLYLINE((#2008,#2009));
#2008 = IFCCARTESIANPOINT((970.6604496296495,2132.9266625642776,0.));
#2009 = IFCCARTESIANPOINT((970.6604496296495,2132.9266625642776,0.));
#2010 = IFCPOLYLINE((#2011,#2012,#2013,#2014,#2015,#2016,#2017,#2018,#2019));
#2011 = IFCCARTESIANPOINT((970.6604496296495,2132.9266625642776,0.));
#2012 = IFCCARTESIANPOINT((971.2754890860574,2132.941737060759,0.));
#2013 = IFCCARTESIANPOINT((971.8543497509114,2132.9869605502,0.));
#2014 = IFCCARTESIANPOINT((972.3970316242122,2133.0623330326025,0.));
#2015 = IFCCARTESIANPOINT((972.9035347059598,2133.167854507967,0.));
#2016 = IFCCARTESIANPOINT((973.3738589961538,2133.3035249762925,0.));
#2017 = IFCCARTESIANPOINT((973.8080044947947,2133.4693444375785,0.));
#2018 = IFCCARTESIANPOINT((974.2059712018818,2133.665312891826,0.));
#2019 = IFCCARTESIANPOINT((970.6604496296495,2132.9266625642776,0.));
#2020 = IFCPOLYLINE((#2021,#2022));
#2021 = IFCCARTESIANPOINT((974.2059712018818,2133.665312891826,0.));
#2022 = IFCCARTESIANPOINT((974.2059712018818,2133.665312891826,0.));
#2023 = IFCPOLYLINE((#2024,#2025,#2026,#2027,#2028,#2029,#2030,#2031,#2032));
#2024 = IFCCARTESIANPOINT((974.2059712018818,2133.665312891826,0.));
#2025 = IFCCARTESIANPOINT((974.5760500904802,2133.888415439739,0.));
#2026 = IFCCARTESIANPOINT((974.9265321336534,2134.13563718202,0.));
#2027 = IFCCARTESIANPOINT((975.257417331402,2134.4069781186704,0.));
#2028 = IFCCARTESIANPOINT((975.5687056837263,2134.70243824969,0.));
#2029 = IFCCARTESIANPOINT((975.8603971906253,2135.0220175750783,0.));
#2030 = IFCCARTESIANPOINT((976.1324918520999,2135.3657160948355,0.));
#2031 = IFCCARTESIANPOINT((976.3849896681495,2135.7335338089615,0.));
#2032 = IFCCARTESIANPOINT((974.2059712018818,2133.665312891826,0.));
#2033 = IFCPOLYLINE((#2034,#2035));
#2034 = IFCCARTESIANPOINT((976.3849896681495,2135.7335338089615,0.));
#2035 = IFCCARTESIANPOINT((976.3849896681495,2135.7335338089615,0.));
#2036 = IFCPOLYLINE((#2037,#2038,#2039,#2040,#2041,#2042,#2043,#2044,#2045));
#2037 = IFCCARTESIANPOINT((976.3849896681495,2135.7335338089615,0.));
#2038 = IFCCARTESIANPOINT((976.5802043975733,2136.0787397783674,0.));
#2039 = IFCCARTESIANPOINT((976.8070755696059,2136.544541719617,0.));
#2040 = IFCCARTESIANPOINT((977.0656031842476,2137.130939632711,0.));
#2041 = IFCCARTESIANPOINT((977.3557872414989,2137.8379335176505,0.));
#2042 = IFCCARTESIANPOINT((977.6776277413592,2138.665523374434,0.));
#2043 = IFCCARTESIANPOINT((978.0311246838287,2139.613709203063,0.));
#2044 = IFCCARTESIANPOINT((978.4162780689076,2140.6824910035357,0.));
#2045 = IFCCARTESIANPOINT((976.3849896681495,2135.7335338089615,0.));
#2046 = IFCPOLYLINE((#2047,#2048));
#2047 = IFCCARTESIANPOINT((978.4162780689076,2140.6824910035357,0.));
#2048 = IFCCARTESIANPOINT((978.4162780689076,2140.6824910035357,0.));
#2049 = IFCPOLYLINE((#2050,#2051,#2052,#2053,#2054,#2055,#2056,#2057,#2058));
#2050 = IFCCARTESIANPOINT((978.4162780689076,2140.6824910035357,0.));
#2051 = IFCCARTESIANPOINT((978.473561155534,2140.8513253641186,0.));
#2052 = IFCCARTESIANPOINT((978.5398889400484,2141.0412640197737,0.));
#2053 = IFCCARTESIANPOINT((978.6152614224511,2141.252306970501,0.));
#2054 = IFCCARTESIANPOINT((978.6996786027426,2141.4844542163028,0.));
#2055 = IFCCARTESIANPOINT((978.7931404809221,2141.737705757176,0.));
#2056 = IFCCARTESIANPOINT((978.8956470569901,2142.012061593123,0.));
#2057 = IFCCARTESIANPOINT((979.0071983309463,2142.307521724142,0.));
#2058 = IFCCARTESIANPOINT((978.4162780689076,2140.6824910035357,0.));
#2059 = IFCPOLYLINE((#2060,#2061,#2062,#2063,#2064,#2065));
#2060 = IFCCARTESIANPOINT((979.0071983309463,2142.307521724142,0.));
#2061 = IFCCARTESIANPOINT((964.1233942308463,2181.603719149716,0.));
#2062 = IFCCARTESIANPOINT((971.2883024080656,2181.603719149716,0.));
#2063 = IFCCARTESIANPOINT((979.4503885274753,2158.8902215776034,0.));
#2064 = IFCCARTESIANPOINT((979.4503885274753,2158.8902215776034,0.));
#2065 = IFCCARTESIANPOINT((979.0071983309463,2142.307521724142,0.));
#2066 = IFCPOLYLINE((#2067,#2068,#2069,#2070,#2071,#2072,#2073,#2074,#2075));
#2067 = IFCCARTESIANPOINT((979.4503885274753,2158.8902215776034,0.));
#2068 = IFCCARTESIANPOINT((979.8973473481249,2157.646575617956,0.));
#2069 = IFCCARTESIANPOINT((980.3307391219411,2156.384840262531,0.));
#2070 = IFCCARTESIANPOINT((980.7505638489251,2155.1050155113294,0.));
#2071 = IFCCARTESIANPOINT((981.1568215290771,2153.807101364352,0.));
#2072 = IFCCARTESIANPOINT((981.549512162396,2152.4910978215976,0.));
#2073 = IFCCARTESIANPOINT((981.9286357488825,2151.1570048830663,0.));
#2074 = IFCCARTESIANPOINT((982.2941922885366,2149.8048225487582,0.));
#2075 = IFCCARTESIANPOINT((979.4503885274753,2158.8902215776034,0.));
#2076 = IFCPOLYLINE((#2077,#2078));
#2077 = IFCCARTESIANPOINT((982.2941922885366,2149.8048225487582,0.));
#2078 = IFCCARTESIANPOINT((982.2941922885366,2149.8048225487582,0.));
#2079 = IFCPOLYLINE((#2080,#2081,#2082,#2083,#2084,#2085,#2086,#2087,#2088));
#2080 = IFCCARTESIANPOINT((982.2941922885366,2149.8048225487582,0.));
#2081 = IFCCARTESIANPOINT((982.6303535600538,2151.108766494329,0.));
#2082 = IFCCARTESIANPOINT((982.9846042273471,2152.4036657420106,0.));
#2083 = IFCCARTESIANPOINT((983.3569442904173,2153.689520291803,0.));
#2084 = IFCCARTESIANPOINT((983.7473737492645,2154.9663301437085,0.));
#2085 = IFCCARTESIANPOINT((984.1558926038881,2156.2340952977256,0.));
#2086 = IFCCARTESIANPOINT((984.5825008542886,2157.492815753854,0.));
#2087 = IFCCARTESIANPOINT((985.0271985004656,2158.7424915120937,0.));
#2088 = IFCCARTESIANPOINT((982.2941922885366,2149.8048225487582,0.));
#2089 = IFCPOLYLINE((#2090,#2091,#2092,#2093,#2094,#2095));
#2090 = IFCCARTESIANPOINT((985.0271985004656,2158.7424915120937,0.));
#2091 = IFCCARTESIANPOINT((993.4108797181398,2181.603719149716,0.));
#2092 = IFCCARTESIANPOINT((1000.0587326660752,2181.603719149716,0.));
#2093 = IFCCARTESIANPOINT((985.1379960495979,2141.7166014621034,0.));
#2094 = IFCCARTESIANPOINT((985.1379960495979,2141.7166014621034,0.));
#2095 = IFCCARTESIANPOINT((985.0271985004656,2158.7424915120937,0.));
#2096 = IFCPOLYLINE((#2097,#2098,#2099,#2100,#2101,#2102,#2103,#2104,#2105));
#2097 = IFCCARTESIANPOINT((985.1379960495979,2141.7166014621034,0.));
#2098 = IFCCARTESIANPOINT((984.4739644796284,2139.952131649052,0.));
#2099 = IFCCARTESIANPOINT((983.8536489494526,2138.351973847638,0.));
#2100 = IFCCARTESIANPOINT((983.2770494590701,2136.916128057863,0.));
#2101 = IFCCARTESIANPOINT((982.7441660084819,2135.6445942797263,0.));
#2102 = IFCCARTESIANPOINT((982.2549985976871,2134.5373725132276,0.));
#2103 = IFCCARTESIANPOINT((981.809547226686,2133.5944627583676,0.));
#2104 = IFCCARTESIANPOINT((981.4078118954785,2132.8158650151454,0.));
#2105 = IFCCARTESIANPOINT((985.1379960495979,2141.7166014621034,0.));
#2106 = IFCPOLYLINE((#2107,#2108));
#2107 = IFCCARTESIANPOINT((981.4078118954785,2132.8158650151454,0.));
#2108 = IFCCARTESIANPOINT((981.4078118954785,2132.8158650151454,0.));
#2109 = IFCPOLYLINE((#2110,#2111,#2112,#2113,#2114,#2115,#2116,#2117,#2118));
#2110 = IFCCARTESIANPOINT((981.4078118954785,2132.8158650151454,0.));
#2111 = IFCCARTESIANPOINT((980.8907566661949,2131.9125258135477,0.));
#2112 = IFCCARTESIANPOINT((980.3525971418379,2131.080790470231,0.));
#2113 = IFCCARTESIANPOINT((979.7933333224083,2130.3206589851975,0.));
#2114 = IFCCARTESIANPOINT((979.2129652079063,2129.632131358447,0.));
#2115 = IFCCARTESIANPOINT((978.6114927983311,2129.0152075899796,0.));
#2116 = IFCCARTESIANPOINT((977.9889160936832,2128.4698876797943,0.));
#2117 = IFCCARTESIANPOINT((977.3452350939624,2127.996171627892,0.));
#2118 = IFCCARTESIANPOINT((981.4078118954785,2132.8158650151454,0.));
#2119 = IFCPOLYLINE((#2120,#2121));
#2120 = IFCCARTESIANPOINT((977.3452350939624,2127.996171627892,0.));
#2121 = IFCCARTESIANPOINT((977.3452350939624,2127.996171627892,0.));
#2122 = IFCPOLYLINE((#2123,#2124,#2125,#2126,#2127,#2128,#2129,#2130,#2131));
#2123 = IFCCARTESIANPOINT((977.3452350939624,2127.996171627892,0.));
#2124 = IFCCARTESIANPOINT((976.6729125509287,2127.589537085329,0.));
#2125 = IFCCARTESIANPOINT((975.9644112163413,2127.2454617031594,0.));
#2126 = IFCCARTESIANPOINT((975.2197310902008,2126.963945481384,0.));
#2127 = IFCCARTESIANPOINT((974.4388721725068,2126.744988420004,0.));
#2128 = IFCCARTESIANPOINT((973.6218344632593,2126.5885905190185,0.));
#2129 = IFCCARTESIANPOINT((972.7686179624585,2126.4947517784267,0.));
#2130 = IFCCARTESIANPOINT((971.8792226701044,2126.4634721982293,0.));
#2131 = IFCCARTESIANPOINT((977.3452350939624,2127.996171627892,0.));
#2132 = IFCPOLYLINE((#2133,#2134));
#2133 = IFCCARTESIANPOINT((971.8792226701044,2126.4634721982293,0.));
#2134 = IFCCARTESIANPOINT((971.8792226701044,2126.4634721982293,0.));
#2135 = IFCPOLYLINE((#2136,#2137,#2138,#2139,#2140,#2141,#2142,#2143,#2144));
#2136 = IFCCARTESIANPOINT((971.8792226701044,2126.4634721982293,0.));
#2137 = IFCCARTESIANPOINT((971.3214663003231,2126.4800541443583,0.));
#2138 = IFCCARTESIANPOINT((970.7456205347647,2126.529799982744,0.));
#2139 = IFCCARTESIANPOINT((970.1516853734299,2126.6127097133867,0.));
#2140 = IFCCARTESIANPOINT((969.5396608163186,2126.7287833362875,0.));
#2141 = IFCCARTESIANPOINT((968.9095468634303,2126.8780208514454,0.));
#2142 = IFCCARTESIANPOINT((968.2613435147655,2127.0604222588604,0.));
#2143 = IFCCARTESIANPOINT((967.5950507703237,2127.2759875585325,0.));
#2144 = IFCCARTESIANPOINT((971.8792226701044,2126.4634721982293,0.));
#2145 = IFCPOLYLINE((#2146,#2147,#2148,#2149,#2150));
#2146 = IFCCARTESIANPOINT((1007.5929660070688,2142.381386756897,0.));
#2147 = IFCCARTESIANPOINT((1007.5929660070688,2149.952552614268,0.));
#2148 = IFCCARTESIANPOINT((1015.1641318644397,2149.952552614268,0.));
#2149 = IFCCARTESIANPOINT((1015.1641318644397,2142.381386756897,0.));
#2150 = IFCCARTESIANPOINT((1007.5929660070688,2142.381386756897,0.));
#2151 = IFCPOLYLINE((#2152,#2153,#2154,#2155));
#2152 = IFCCARTESIANPOINT((349.38163619302213,2076.8631056314334,0.));
#2153 = IFCCARTESIANPOINT((356.54654437024146,2075.05341232894,0.));
#2154 = IFCCARTESIANPOINT((356.54654437024146,2075.05341232894,0.));
#2155 = IFCCARTESIANPOINT((349.38163619302213,2076.8631056314334,0.));
#2156 = IFCPOLYLINE((#2157,#2158,#2159,#2160,#2161,#2162,#2163,#2164,#2165));
#2157 = IFCCARTESIANPOINT((356.54654437024146,2075.05341232894,0.));
#2158 = IFCCARTESIANPOINT((355.829375200178,2072.616996835267,0.));
#2159 = IFCCARTESIANPOINT((354.9652296894287,2070.351676876647,0.));
#2160 = IFCCARTESIANPOINT((353.9541078379938,2068.2574524530824,0.));
#2161 = IFCCARTESIANPOINT((352.79600964587337,2066.334323564573,0.));
#2162 = IFCCARTESIANPOINT((351.4909351130672,2064.5822902111177,0.));
#2163 = IFCCARTESIANPOINT((350.0388842395754,2063.001352392717,0.));
#2164 = IFCCARTESIANPOINT((348.43985702539794,2061.5915101093706,0.));
#2165 = IFCCARTESIANPOINT((356.54654437024146,2075.05341232894,0.));
#2166 = IFCPOLYLINE((#2167,#2168));
#2167 = IFCCARTESIANPOINT((348.43985702539794,2061.5915101093706,0.));
#2168 = IFCCARTESIANPOINT((348.43985702539794,2061.5915101093706,0.));
#2169 = IFCPOLYLINE((#2170,#2171,#2172,#2173,#2174,#2175,#2176,#2177,#2178));
#2170 = IFCCARTESIANPOINT((348.43985702539794,2061.5915101093706,0.));
#2171 = IFCCARTESIANPOINT((346.7142040407837,2060.3618080589677,0.));
#2172 = IFCCARTESIANPOINT((344.8822758559812,2059.321290939395,0.));
#2173 = IFCCARTESIANPOINT((342.9440724709907,2058.4699587506543,0.));
#2174 = IFCCARTESIANPOINT((340.89959388581224,2057.8078114927453,0.));
#2175 = IFCCARTESIANPOINT((338.74884010044553,2057.334849165667,0.));
#2176 = IFCCARTESIANPOINT((336.4918111148908,2057.0510717694206,0.));
#2177 = IFCCARTESIANPOINT((334.128506929148,2056.9564793040045,0.));
#2178 = IFCCARTESIANPOINT((348.43985702539794,2061.5915101093706,0.));
#2179 = IFCPOLYLINE((#2180,#2181));
#2180 = IFCCARTESIANPOINT((334.128506929148,2056.9564793040045,0.));
#2181 = IFCCARTESIANPOINT((334.128506929148,2056.9564793040045,0.));
#2182 = IFCPOLYLINE((#2183,#2184,#2185,#2186,#2187,#2188,#2189,#2190,#2191));
#2183 = IFCCARTESIANPOINT((334.128506929148,2056.9564793040045,0.));
#2184 = IFCCARTESIANPOINT((331.6943526099465,2057.029213749524,0.));
#2185 = IFCCARTESIANPOINT((329.39360758459804,2057.2474170860796,0.));
#2186 = IFCCARTESIANPOINT((327.22627185310273,2057.6110893136733,0.));
#2187 = IFCCARTESIANPOINT((325.19234541546064,2058.120230432305,0.));
#2188 = IFCCARTESIANPOINT((323.29182827167153,2058.7748404419744,0.));
#2189 = IFCCARTESIANPOINT((321.52472042173565,2059.574919342681,0.));
#2190 = IFCCARTESIANPOINT((319.8910218656529,2060.5204671344254,0.));
#2191 = IFCCARTESIANPOINT((334.128506929148,2056.9564793040045,0.));
#2192 = IFCPOLYLINE((#2193,#2194));
#2193 = IFCCARTESIANPOINT((319.8910218656529,2060.5204671344254,0.));
#2194 = IFCCARTESIANPOINT((319.8910218656529,2060.5204671344254,0.));
#2195 = IFCPOLYLINE((#2196,#2197,#2198,#2199,#2200,#2201,#2202,#2203,#2204));
#2196 = IFCCARTESIANPOINT((319.8910218656529,2060.5204671344254,0.));
#2197 = IFCCARTESIANPOINT((318.37754241900285,2061.603946568968,0.));
#2198 = IFCCARTESIANPOINT((316.97109189736466,2062.8178203980656,0.));
#2199 = IFCCARTESIANPOINT((315.6716703007387,2064.162088621721,0.));
#2200 = IFCCARTESIANPOINT((314.47927762912497,2065.6367512399343,0.));
#2201 = IFCCARTESIANPOINT((313.39391388252324,2067.241808252704,0.));
#2202 = IFCCARTESIANPOINT((312.4155790609336,2068.9772596600305,0.));
#2203 = IFCCARTESIANPOINT((311.5442731643561,2070.843105461914,0.));
#2204 = IFCCARTESIANPOINT((319.8910218656529,2060.5204671344254,0.));
#2205 = IFCPOLYLINE((#2206,#2207));
#2206 = IFCCARTESIANPOINT((311.5442731643561,2070.843105461914,0.));
#2207 = IFCCARTESIANPOINT((311.5442731643561,2070.843105461914,0.));
#2208 = IFCPOLYLINE((#2209,#2210,#2211,#2212,#2213,#2214,#2215,#2216,#2217));
#2209 = IFCCARTESIANPOINT((311.5442731643561,2070.843105461914,0.));
#2210 = IFCCARTESIANPOINT((310.78489540414705,2072.794499031326,0.));
#2211 = IFCCARTESIANPOINT((310.1423449916623,2074.7865937412334,0.));
#2212 = IFCCARTESIANPOINT((309.616621926902,2076.8193895916397,0.));
#2213 = IFCCARTESIANPOINT((309.2077262098664,2078.8928865825437,0.));
#2214 = IFCCARTESIANPOINT((308.9156578405551,2081.0070847139446,0.));
#2215 = IFCCARTESIANPOINT((308.74041681896836,2083.1619839858436,0.));
#2216 = IFCCARTESIANPOINT((308.68200314510614,2085.35758439824,0.));
#2217 = IFCCARTESIANPOINT((311.5442731643561,2070.843105461914,0.));
#2218 = IFCPOLYLINE((#2219,#2220));
#2219 = IFCCARTESIANPOINT((308.68200314510614,2085.35758439824,0.));
#2220 = IFCCARTESIANPOINT((308.68200314510614,2085.35758439824,0.));
#2221 = IFCPOLYLINE((#2222,#2223,#2224,#2225,#2226,#2227,#2228,#2229,#2230));
#2222 = IFCCARTESIANPOINT((308.68200314510614,2085.35758439824,0.));
#2223 = IFCCARTESIANPOINT((308.7479540672087,2087.7299332818716,0.));
#2224 = IFCCARTESIANPOINT((308.94580683351626,2090.0140963610907,0.));
#2225 = IFCCARTESIANPOINT((309.2755614440289,2092.2100736358993,0.));
#2226 = IFCCARTESIANPOINT((309.73721789874674,2094.3178651062963,0.));
#2227 = IFCCARTESIANPOINT((310.3307761976695,2096.337470772282,0.));
#2228 = IFCCARTESIANPOINT((311.05623634079734,2098.2688906338562,0.));
#2229 = IFCCARTESIANPOINT((311.9135983281303,2100.112124691019,0.));
#2230 = IFCCARTESIANPOINT((308.68200314510614,2085.35758439824,0.));
#2231 = IFCPOLYLINE((#2232,#2233));
#2232 = IFCCARTESIANPOINT((311.9135983281303,2100.112124691019,0.));
#2233 = IFCCARTESIANPOINT((311.9135983281303,2100.112124691019,0.));
#2234 = IFCPOLYLINE((#2235,#2236,#2237,#2238,#2239,#2240,#2241,#2242,#2243));
#2235 = IFCCARTESIANPOINT((311.9135983281303,2100.112124691019,0.));
#2236 = IFCCARTESIANPOINT((312.89268687454404,2101.849460410406,0.));
#2237 = IFCCARTESIANPOINT((313.98332669491384,2103.4631852586517,0.));
#2238 = IFCCARTESIANPOINT((315.18551778924,2104.9532992357567,0.));
#2239 = IFCCARTESIANPOINT((316.49926015752254,2106.3198023417217,0.));
#2240 = IFCCARTESIANPOINT((317.9245537997613,2107.5626945765453,0.));
#2241 = IFCCARTESIANPOINT((319.46139871595636,2108.6819759402283,0.));
#2242 = IFCCARTESIANPOINT((321.1097949061077,2109.6776464327704,0.));
#2243 = IFCCARTESIANPOINT((311.9135983281303,2100.112124691019,0.));
#2244 = IFCPOLYLINE((#2245,#2246));
#2245 = IFCCARTESIANPOINT((321.1097949061077,2109.6776464327704,0.));
#2246 = IFCCARTESIANPOINT((321.1097949061077,2109.6776464327704,0.));
#2247 = IFCPOLYLINE((#2248,#2249,#2250,#2251,#2252,#2253,#2254,#2255,#2256));
#2248 = IFCCARTESIANPOINT((321.1097949061077,2109.6776464327704,0.));
#2249 = IFCCARTESIANPOINT((322.8384627900182,2110.544806842816,0.));
#2250 = IFCCARTESIANPOINT((324.61612278749044,2111.278557959008,0.));
#2251 = IFCCARTESIANPOINT((326.4427748985246,2111.878899781347,0.));
#2252 = IFCCARTESIANPOINT((328.3184191231207,2112.345832309833,0.));
#2253 = IFCCARTESIANPOINT((330.2430554612787,2112.6793555444656,0.));
#2254 = IFCCARTESIANPOINT((332.2166839129985,2112.879469485246,0.));
#2255 = IFCCARTESIANPOINT((334.23930447828025,2112.946174132172,0.));
#2256 = IFCCARTESIANPOINT((321.1097949061077,2109.6776464327704,0.));
#2257 = IFCPOLYLINE((#2258,#2259));
#2258 = IFCCARTESIANPOINT((334.23930447828025,2112.946174132172,0.));
#2259 = IFCCARTESIANPOINT((334.23930447828025,2112.946174132172,0.));
#2260 = IFCPOLYLINE((#2261,#2262,#2263,#2264,#2265,#2266,#2267,#2268,#2269));
#2261 = IFCCARTESIANPOINT((334.23930447828025,2112.946174132172,0.));
#2262 = IFCCARTESIANPOINT((336.50801619860755,2112.861756951881,0.));
#2263 = IFCCARTESIANPOINT((338.67120644357055,2112.608505411007,0.));
#2264 = IFCCARTESIANPOINT((340.7288752131696,2112.1864195095504,0.));
#2265 = IFCCARTESIANPOINT((342.6810225074047,2111.595499247512,0.));
#2266 = IFCCARTESIANPOINT((344.52764832627565,2110.835744624891,0.));
#2267 = IFCCARTESIANPOINT((346.26875266978254,2109.9071556416875,0.));
#2268 = IFCCARTESIANPOINT((347.90433553792536,2108.809732297901,0.));
#2269 = IFCCARTESIANPOINT((334.23930447828025,2112.946174132172,0.));
#2270 = IFCPOLYLINE((#2271,#2272));
#2271 = IFCCARTESIANPOINT((347.90433553792536,2108.809732297901,0.));
#2272 = IFCCARTESIANPOINT((347.90433553792536,2108.809732297901,0.));
#2273 = IFCPOLYLINE((#2274,#2275,#2276,#2277,#2278,#2279,#2280,#2281,#2282));
#2274 = IFCCARTESIANPOINT((347.90433553792536,2108.809732297901,0.));
#2275 = IFCCARTESIANPOINT((349.41856870939966,2107.5593028148373,0.));
#2276 = IFCCARTESIANPOINT((350.7956239629005,2106.1716954137996,0.));
#2277 = IFCCARTESIANPOINT((352.0355012984281,2104.646910094789,0.));
#2278 = IFCCARTESIANPOINT((353.1382007159825,2102.9849468578054,0.));
#2279 = IFCCARTESIANPOINT((354.1037222155636,2101.185805702848,0.));
#2280 = IFCCARTESIANPOINT((354.93206579717145,2099.2494866299176,0.));
#2281 = IFCCARTESIANPOINT((355.623231460806,2097.175989639014,0.));
#2282 = IFCCARTESIANPOINT((347.90433553792536,2108.809732297901,0.));
#2283 = IFCPOLYLINE((#2284,#2285,#2286,#2287));
#2284 = IFCCARTESIANPOINT((355.623231460806,2097.175989639014,0.));
#2285 = IFCCARTESIANPOINT((348.5691208327189,2095.51402640203,0.));
#2286 = IFCCARTESIANPOINT((348.5691208327189,2095.51402640203,0.));
#2287 = IFCCARTESIANPOINT((355.623231460806,2097.175989639014,0.));
#2288 = IFCPOLYLINE((#2289,#2290,#2291,#2292,#2293,#2294,#2295,#2296,#2297));
#2289 = IFCCARTESIANPOINT((348.5691208327189,2095.51402640203,0.));
#2290 = IFCCARTESIANPOINT((347.99628996645697,2097.136795948165,0.));
#2291 = IFCCARTESIANPOINT((347.3541164163842,2098.6284173749177,0.));
#2292 = IFCCARTESIANPOINT((346.6426001825008,2099.98889068229,0.));
#2293 = IFCCARTESIANPOINT((345.86174126480694,2101.2182158702813,0.));
#2294 = IFCCARTESIANPOINT((345.0115396633022,2102.3163929388916,0.));
#2295 = IFCCARTESIANPOINT((344.0919953779869,2103.2834218881208,0.));
#2296 = IFCCARTESIANPOINT((343.10310840886086,2104.119302717969,0.));
#2297 = IFCCARTESIANPOINT((348.5691208327189,2095.51402640203,0.));
#2298 = IFCPOLYLINE((#2299,#2300));
#2299 = IFCCARTESIANPOINT((343.10310840886086,2104.119302717969,0.));
#2300 = IFCCARTESIANPOINT((343.10310840886086,2104.119302717969,0.));
#2301 = IFCPOLYLINE((#2302,#2303,#2304,#2305,#2306,#2307,#2308,#2309,#2310));
#2302 = IFCCARTESIANPOINT((343.10310840886086,2104.119302717969,0.));
#2303 = IFCCARTESIANPOINT((342.0418638566282,2104.834587575973,0.));
#2304 = IFCCARTESIANPOINT((340.9052468219924,2105.4398286096675,0.));
#2305 = IFCCARTESIANPOINT((339.69325730495376,2105.9350258190543,0.));
#2306 = IFCCARTESIANPOINT((338.4058953055124,2106.3201792041336,0.));
#2307 = IFCCARTESIANPOINT((337.043160823668,2106.595288764904,0.));
#2308 = IFCCARTESIANPOINT((335.60505385942076,2106.7603545013662,0.));
#2309 = IFCCARTESIANPOINT((334.09157441277057,2106.8153764135204,0.));
#2310 = IFCCARTESIANPOINT((343.10310840886086,2104.119302717969,0.));
#2311 = IFCPOLYLINE((#2312,#2313));
#2312 = IFCCARTESIANPOINT((334.09157441277057,2106.8153764135204,0.));
#2313 = IFCCARTESIANPOINT((334.09157441277057,2106.8153764135204,0.));
#2314 = IFCPOLYLINE((#2315,#2316,#2317,#2318,#2319,#2320,#2321,#2322,#2323));
#2315 = IFCCARTESIANPOINT((334.09157441277057,2106.8153764135204,0.));
#2316 = IFCCARTESIANPOINT((332.3500932068517,2106.7543247027743,0.));
#2317 = IFCCARTESIANPOINT((330.69227545639995,2106.5711695705354,0.));
#2318 = IFCCARTESIANPOINT((329.11812116141544,2106.265911016803,0.));
#2319 = IFCCARTESIANPOINT((327.6276303218982,2105.838549041579,0.));
#2320 = IFCCARTESIANPOINT((326.22080293784813,2105.289083644862,0.));
#2321 = IFCCARTESIANPOINT((324.8976390092653,2104.617514826652,0.));
#2322 = IFCCARTESIANPOINT((323.65813853614964,2103.8238425869495,0.));
#2323 = IFCCARTESIANPOINT((334.09157441277057,2106.8153764135204,0.));
#2324 = IFCPOLYLINE((#2325,#2326));
#2325 = IFCCARTESIANPOINT((323.65813853614964,2103.8238425869495,0.));
#2326 = IFCCARTESIANPOINT((323.65813853614964,2103.8238425869495,0.));
#2327 = IFCPOLYLINE((#2328,#2329,#2330,#2331,#2332,#2333,#2334,#2335,#2336));
#2328 = IFCCARTESIANPOINT((323.65813853614964,2103.8238425869495,0.));
#2329 = IFCCARTESIANPOINT((322.5113462163896,2102.927286908767,0.));
#2330 = IFCCARTESIANPOINT((321.46630674787343,2101.9470677751174,0.));
#2331 = IFCCARTESIANPOINT((320.52302013060114,2100.8831851860004,0.));
#2332 = IFCCARTESIANPOINT((319.6814863645729,2099.7356391414164,0.));
#2333 = IFCCARTESIANPOINT((318.9417054497884,2098.5044296413653,0.));
#2334 = IFCCARTESIANPOINT((318.3036773862479,2097.1895566858466,0.));
#2335 = IFCCARTESIANPOINT((317.76740217395127,2095.791020274861,0.));
#2336 = IFCCARTESIANPOINT((323.65813853614964,2103.8238425869495,0.));
#2337 = IFCPOLYLINE((#2338,#2339));
#2338 = IFCCARTESIANPOINT((317.76740217395127,2095.791020274861,0.));
#2339 = IFCCARTESIANPOINT((317.76740217395127,2095.791020274861,0.));
#2340 = IFCPOLYLINE((#2341,#2342,#2343,#2344,#2345,#2346,#2347,#2348,#2349));
#2341 = IFCCARTESIANPOINT((317.76740217395127,2095.791020274861,0.));
#2342 = IFCCARTESIANPOINT((317.316674729182,2094.344245475138,0.));
#2343 = IFCCARTESIANPOINT((316.9352899682233,2092.884657353405,0.));
#2344 = IFCCARTESIANPOINT((316.62324789107527,2091.4122559096645,0.));
#2345 = IFCCARTESIANPOINT((316.380548497738,2089.9270411439156,0.));
#2346 = IFCCARTESIANPOINT((316.20719178821133,2088.429013056158,0.));
#2347 = IFCCARTESIANPOINT((316.1031777624953,2086.918171646392,0.));
#2348 = IFCCARTESIANPOINT((316.06850642059,2085.3945169146173,0.));
#2349 = IFCCARTESIANPOINT((317.76740217395127,2095.791020274861,0.));
#2350 = IFCPOLYLINE((#2351,#2352));
#2351 = IFCCARTESIANPOINT((316.06850642059,2085.3945169146173,0.));
#2352 = IFCCARTESIANPOINT((316.06850642059,2085.3945169146173,0.));
#2353 = IFCPOLYLINE((#2354,#2355,#2356,#2357,#2358,#2359,#2360,#2361,#2362));
#2354 = IFCCARTESIANPOINT((316.06850642059,2085.3945169146173,0.));
#2355 = IFCCARTESIANPOINT((316.10958442349965,2083.4570672544514,0.));
#2356 = IFCCARTESIANPOINT((316.2328184322283,2081.591221452567,0.));
#2357 = IFCCARTESIANPOINT((316.4382084467762,2079.796979508966,0.));
#2358 = IFCCARTESIANPOINT((316.72575446714325,2078.074341423648,0.));
#2359 = IFCCARTESIANPOINT((317.09545649332944,2076.4233071966123,0.));
#2360 = IFCCARTESIANPOINT((317.54731452533485,2074.84387682786,0.));
#2361 = IFCCARTESIANPOINT((318.08132856315933,2073.33605031739,0.));
#2362 = IFCCARTESIANPOINT((316.06850642059,2085.3945169146173,0.));
#2363 = IFCPOLYLINE((#2364,#2365));
#2364 = IFCCARTESIANPOINT((318.08132856315933,2073.33605031739,0.));
#2365 = IFCCARTESIANPOINT((318.08132856315933,2073.33605031739,0.));
#2366 = IFCPOLYLINE((#2367,#2368,#2369,#2370,#2371,#2372,#2373,#2374,#2375));
#2367 = IFCCARTESIANPOINT((318.08132856315933,2073.33605031739,0.));
#2368 = IFCCARTESIANPOINT((318.7020209557473,2071.917163336156,0.));
#2369 = IFCCARTESIANPOINT((319.41391405204257,2070.604551555109,0.));
#2370 = IFCCARTESIANPOINT((320.2170078520454,2069.3982149742505,0.));
#2371 = IFCCARTESIANPOINT((321.11130235575575,2068.2981535935805,0.));
#2372 = IFCCARTESIANPOINT((322.0967975631736,2067.304367413098,0.));
#2373 = IFCCARTESIANPOINT((323.17349347429905,2066.4168564328043,0.));
#2374 = IFCCARTESIANPOINT((324.3413900891319,2065.635620652698,0.));
#2375 = IFCCARTESIANPOINT((318.08132856315933,2073.33605031739,0.));
#2376 = IFCPOLYLINE((#2377,#2378));
#2377 = IFCCARTESIANPOINT((324.3413900891319,2065.635620652698,0.));
#2378 = IFCCARTESIANPOINT((324.3413900891319,2065.635620652698,0.));
#2379 = IFCPOLYLINE((#2380,#2381,#2382,#2383,#2384,#2385,#2386,#2387,#2388));
#2380 = IFCCARTESIANPOINT((324.3413900891319,2065.635620652698,0.));
#2381 = IFCCARTESIANPOINT((325.56920782747517,2064.9595294855444,0.));
#2382 = IFCCARTESIANPOINT((326.8256671091314,2064.387452344106,0.));
#2383 = IFCCARTESIANPOINT((328.11076793410075,2063.919389228384,0.));
#2384 = IFCCARTESIANPOINT((329.4245103023832,2063.555340138378,0.));
#2385 = IFCCARTESIANPOINT((330.76689421397884,2063.295305074088,0.));
#2386 = IFCCARTESIANPOINT((332.13791966888755,2063.1392840355143,0.));
#2387 = IFCCARTESIANPOINT((333.5375866671093,2063.087277022656,0.));
#2388 = IFCCARTESIANPOINT((324.3413900891319,2065.635620652698,0.));
#2389 = IFCPOLYLINE((#2390,#2391));
#2390 = IFCCARTESIANPOINT((333.5375866671093,2063.087277022656,0.));
#2391 = IFCCARTESIANPOINT((333.5375866671093,2063.087277022656,0.));
#2392 = IFCPOLYLINE((#2393,#2394,#2395,#2396,#2397,#2398,#2399,#2400,#2401));
#2393 = IFCCARTESIANPOINT((333.5375866671093,2063.087277022656,0.));
#2394 = IFCCARTESIANPOINT((335.219900474342,2063.1581271561154,0.));
#2395 = IFCCARTESIANPOINT((336.8268417991717,2063.370677556491,0.));
#2396 = IFCCARTESIANPOINT((338.3584106415985,2063.7249282237844,0.));
#2397 = IFCCARTESIANPOINT((339.8146070016225,2064.220879157996,0.));
#2398 = IFCCARTESIANPOINT((341.1954308792436,2064.858530359124,0.));
#2399 = IFCCARTESIANPOINT((342.50088227446173,2065.6378818271705,0.));
#2400 = IFCCARTESIANPOINT((343.730961187277,2066.5589335621335,0.));
#2401 = IFCCARTESIANPOINT((333.5375866671093,2063.087277022656,0.));
#2402 = IFCPOLYLINE((#2403,#2404));
#2403 = IFCCARTESIANPOINT((343.730961187277,2066.5589335621335,0.));
#2404 = IFCCARTESIANPOINT((343.730961187277,2066.5589335621335,0.));
#2405 = IFCPOLYLINE((#2406,#2407,#2408,#2409,#2410,#2411,#2412,#2413,#2414));
#2406 = IFCCARTESIANPOINT((343.730961187277,2066.5589335621335,0.));
#2407 = IFCCARTESIANPOINT((344.86833194673676,2067.619424389543,0.));
#2408 = IFCCARTESIANPOINT((345.89565888188815,2068.8170931349246,0.));
#2409 = IFCCARTESIANPOINT((346.81294199273145,2070.1519397982793,0.));
#2410 = IFCCARTESIANPOINT((347.6201812792665,2071.6239643796084,0.));
#2411 = IFCCARTESIANPOINT((348.31737674149326,2073.23316687891,0.));
#2412 = IFCCARTESIANPOINT((348.9045283794118,2074.979547296185,0.));
#2413 = IFCCARTESIANPOINT((349.38163619302213,2076.8631056314334,0.));
#2414 = IFCCARTESIANPOINT((343.730961187277,2066.5589335621335,0.));
#2415 = IFCPOLYLINE((#2416,#2417,#2418,#2419,#2420,#2421));
#2416 = IFCCARTESIANPOINT((364.4501028750092,2057.87979221344,0.));
#2417 = IFCCARTESIANPOINT((364.4501028750092,2097.102124606259,0.));
#2418 = IFCCARTESIANPOINT((370.4331705281511,2097.102124606259,0.));
#2419 = IFCCARTESIANPOINT((370.4331705281511,2091.1559894694947,0.));
#2420 = IFCCARTESIANPOINT((370.4331705281511,2091.1559894694947,0.));
#2421 = IFCCARTESIANPOINT((364.4501028750092,2057.87979221344,0.));
#2422 = IFCPOLYLINE((#2423,#2424,#2425,#2426,#2427,#2428,#2429,#2430,#2431));
#2423 = IFCCARTESIANPOINT((370.4331705281511,2091.1559894694947,0.));
#2424 = IFCCARTESIANPOINT((371.08024328958004,2092.2903453296585,0.));
#2425 = IFCCARTESIANPOINT((371.7129952793523,2093.308627566921,0.));
#2426 = IFCCARTESIANPOINT((372.331426497468,2094.210836181284,0.));
#2427 = IFCCARTESIANPOINT((372.9355369439273,2094.9969711727463,0.));
#2428 = IFCCARTESIANPOINT((373.5253266187299,2095.667032541308,0.));
#2429 = IFCCARTESIANPOINT((374.1007955218761,2096.221020286969,0.));
#2430 = IFCCARTESIANPOINT((374.6619436533656,2096.65893440973,0.));
#2431 = IFCCARTESIANPOINT((370.4331705281511,2091.1559894694947,0.));
#2432 = IFCPOLYLINE((#2433,#2434));
#2433 = IFCCARTESIANPOINT((374.6619436533656,2096.65893440973,0.));
#2434 = IFCCARTESIANPOINT((374.6619436533656,2096.65893440973,0.));
#2435 = IFCPOLYLINE((#2436,#2437,#2438,#2439,#2440,#2441,#2442,#2443,#2444));
#2436 = IFCCARTESIANPOINT((374.6619436533656,2096.65893440973,0.));
#2437 = IFCCARTESIANPOINT((375.2238455096793,2097.0116776273762,0.));
#2438 = IFCCARTESIANPOINT((375.8015755872974,2097.3101526576907,0.));
#2439 = IFCCARTESIANPOINT((376.3951338862202,2097.5543595006766,0.));
#2440 = IFCCARTESIANPOINT((377.00452040644757,2097.7442981563318,0.));
#2441 = IFCCARTESIANPOINT((377.62973514797966,2097.879968624657,0.));
#2442 = IFCCARTESIANPOINT((378.2707781108163,2097.961370905652,0.));
#2443 = IFCCARTESIANPOINT((378.9276492949575,2097.9885049993172,0.));
#2444 = IFCCARTESIANPOINT((374.6619436533656,2096.65893440973,0.));
#2445 = IFCPOLYLINE((#2446,#2447));
#2446 = IFCCARTESIANPOINT((378.9276492949575,2097.9885049993172,0.));
#2447 = IFCCARTESIANPOINT((378.9276492949575,2097.9885049993172,0.));
#2448 = IFCPOLYLINE((#2449,#2450,#2451,#2452,#2453,#2454,#2455,#2456,#2457));
#2449 = IFCCARTESIANPOINT((378.9276492949575,2097.9885049993172,0.));
#2450 = IFCCARTESIANPOINT((379.8901558952425,2097.944788959524,0.));
#2451 = IFCCARTESIANPOINT((380.85718484447165,2097.8136408401424,0.));
#2452 = IFCCARTESIANPOINT((381.82873614264497,2097.595060641174,0.));
#2453 = IFCCARTESIANPOINT((382.80480978976254,2097.289048362619,0.));
#2454 = IFCCARTESIANPOINT((383.7854057858242,2096.8956040044754,0.));
#2455 = IFCCARTESIANPOINT((384.77052413083004,2096.4147275667447,0.));
#2456 = IFCCARTESIANPOINT((385.7601648247801,2095.846419049427,0.));
#2457 = IFCCARTESIANPOINT((378.9276492949575,2097.9885049993172,0.));
#2458 = IFCPOLYLINE((#2459,#2460,#2461,#2462));
#2459 = IFCCARTESIANPOINT((385.7601648247801,2095.846419049427,0.));
#2460 = IFCCARTESIANPOINT((383.4703488093801,2089.678688814398,0.));
#2461 = IFCCARTESIANPOINT((383.4703488093801,2089.678688814398,0.));
#2462 = IFCCARTESIANPOINT((385.7601648247801,2095.846419049427,0.));
#2463 = IFCPOLYLINE((#2464,#2465,#2466,#2467,#2468,#2469,#2470,#2471,#2472));
#2464 = IFCCARTESIANPOINT((383.4703488093801,2089.678688814398,0.));
#2465 = IFCCARTESIANPOINT((382.7739070719774,2090.0608273001812,0.));
#2466 = IFCCARTESIANPOINT((382.0774653345746,2090.384175249689,0.));
#2467 = IFCCARTESIANPOINT((381.38102359717175,2090.648732662923,0.));
#2468 = IFCCARTESIANPOINT((380.6845818597691,2090.8544995398834,0.));
#2469 = IFCCARTESIANPOINT((379.9881401223663,2091.0014758805687,0.));
#2470 = IFCCARTESIANPOINT((379.2916983849635,2091.0896616849805,0.));
#2471 = IFCCARTESIANPOINT((378.59525664756075,2091.1190569531173,0.));
#2472 = IFCCARTESIANPOINT((383.4703488093801,2089.678688814398,0.));
#2473 = IFCPOLYLINE((#2474,#2475));
#2474 = IFCCARTESIANPOINT((378.59525664756075,2091.1190569531173,0.));
#2475 = IFCCARTESIANPOINT((378.59525664756075,2091.1190569531173,0.));
#2476 = IFCPOLYLINE((#2477,#2478,#2479,#2480,#2481,#2482,#2483,#2484,#2485));
#2477 = IFCCARTESIANPOINT((378.59525664756075,2091.1190569531173,0.));
#2478 = IFCCARTESIANPOINT((377.98172464080125,2091.0922997218645,0.));
#2479 = IFCCARTESIANPOINT((377.38628202981823,2091.0120280281053,0.));
#2480 = IFCCARTESIANPOINT((376.80892881461205,2090.8782418718397,0.));
#2481 = IFCCARTESIANPOINT((376.2496649951826,2090.690941253069,0.));
#2482 = IFCCARTESIANPOINT((375.7084905715298,2090.4501261717915,0.));
#2483 = IFCCARTESIANPOINT((375.1854055436537,2090.1557966280084,0.));
#2484 = IFCCARTESIANPOINT((374.6804099115543,2089.807952621719,0.));
#2485 = IFCCARTESIANPOINT((378.59525664756075,2091.1190569531173,0.));
#2486 = IFCPOLYLINE((#2487,#2488));
#2487 = IFCCARTESIANPOINT((374.6804099115543,2089.807952621719,0.));
#2488 = IFCCARTESIANPOINT((374.6804099115543,2089.807952621719,0.));
#2489 = IFCPOLYLINE((#2490,#2491,#2492,#2493,#2494,#2495,#2496,#2497,#2498));
#2490 = IFCCARTESIANPOINT((374.6804099115543,2089.807952621719,0.));
#2491 = IFCCARTESIANPOINT((374.20480954759205,2089.4126239515163,0.));
#2492 = IFCCARTESIANPOINT((373.7699103241273,2088.9758404159907,0.));
#2493 = IFCCARTESIANPOINT((373.37571224116016,2088.4976020151444,0.));
#2494 = IFCCARTESIANPOINT((373.02221529869064,2087.9779087489765,0.));
#2495 = IFCCARTESIANPOINT((372.70941949671857,2087.416760617487,0.));
#2496 = IFCCARTESIANPOINT((372.4373248352441,2086.8141576206763,0.));
#2497 = IFCCARTESIANPOINT((372.2059313142672,2086.170099758543,0.));
#2498 = IFCCARTESIANPOINT((374.6804099115543,2089.807952621719,0.));
#2499 = IFCPOLYLINE((#2500,#2501));
#2500 = IFCCARTESIANPOINT((372.2059313142672,2086.170099758543,0.));
#2501 = IFCCARTESIANPOINT((372.2059313142672,2086.170099758543,0.));
#2502 = IFCPOLYLINE((#2503,#2504,#2505,#2506,#2507,#2508,#2509,#2510,#2511));
#2503 = IFCCARTESIANPOINT((372.2059313142672,2086.170099758543,0.));
#2504 = IFCCARTESIANPOINT((371.911978632896,2085.1435265482164,0.));
#2505 = IFCCARTESIANPOINT((371.66324944096635,2084.0898192442232,0.));
#2506 = IFCCARTESIANPOINT((371.45974373847844,2083.0089778465654,0.));
#2507 = IFCCARTESIANPOINT((371.3014615254325,2081.9010023552432,0.));
#2508 = IFCCARTESIANPOINT((371.18840280182815,2080.7658927702555,0.));
#2509 = IFCCARTESIANPOINT((371.1205675676655,2079.603649091603,0.));
#2510 = IFCCARTESIANPOINT((371.09795582294464,2078.414271319285,0.));
#2511 = IFCCARTESIANPOINT((372.2059313142672,2086.170099758543,0.));
#2512 = IFCPOLYLINE((#2513,#2514,#2515,#2516));
#2513 = IFCCARTESIANPOINT((371.09795582294464,2078.414271319285,0.));
#2514 = IFCCARTESIANPOINT((371.09795582294464,2057.87979221344,0.));
#2515 = IFCCARTESIANPOINT((364.4501028750092,2057.87979221344,0.));
#2516 = IFCCARTESIANPOINT((371.09795582294464,2078.414271319285,0.));
#2517 = IFCPOLYLINE((#2518,#2519,#2520,#2521));
#2518 = IFCCARTESIANPOINT((416.5618834835477,2070.5107128145173,0.));
#2519 = IFCCARTESIANPOINT((423.4313315297477,2069.6612649378367,0.));
#2520 = IFCCARTESIANPOINT((423.4313315297477,2069.6612649378367,0.));
#2521 = IFCCARTESIANPOINT((416.5618834835477,2070.5107128145173,0.));
#2522 = IFCPOLYLINE((#2523,#2524,#2525,#2526,#2527,#2528,#2529,#2530,#2531));
#2523 = IFCCARTESIANPOINT((423.4313315297477,2069.6612649378367,0.));
#2524 = IFCCARTESIANPOINT((422.91050767634374,2067.996286801557,0.));
#2525 = IFCCARTESIANPOINT((422.2766250993354,2066.441352489585,0.));
#2526 = IFCCARTESIANPOINT((421.52968379872266,2064.9964620019214,0.));
#2527 = IFCCARTESIANPOINT((420.6696837745056,2063.661615338566,0.));
#2528 = IFCCARTESIANPOINT((419.69662502668416,2062.436812499519,0.));
#2529 = IFCCARTESIANPOINT((418.61050755525844,2061.3220534847806,0.));
#2530 = IFCCARTESIANPOINT((417.41133136022836,2060.3173382943496,0.));
#2531 = IFCCARTESIANPOINT((423.4313315297477,2069.6612649378367,0.));
#2532 = IFCPOLYLINE((#2533,#2534));
#2533 = IFCCARTESIANPOINT((417.41133136022836,2060.3173382943496,0.));
#2534 = IFCCARTESIANPOINT((417.41133136022836,2060.3173382943496,0.));
#2535 = IFCPOLYLINE((#2536,#2537,#2538,#2539,#2540,#2541,#2542,#2543,#2544));
#2536 = IFCCARTESIANPOINT((417.41133136022836,2060.3173382943496,0.));
#2537 = IFCCARTESIANPOINT((416.1058799650103,2059.4354802502367,0.));
#2538 = IFCCARTESIANPOINT((414.7009368930202,2058.689292674447,0.));
#2539 = IFCCARTESIANPOINT((413.1965021442584,2058.0787755669835,0.));
#2540 = IFCCARTESIANPOINT((411.5925757187248,2057.6039289278456,0.));
#2541 = IFCCARTESIANPOINT((409.8891576164193,2057.2647527570325,0.));
#2542 = IFCCARTESIANPOINT((408.08624783734206,2057.0612470545443,0.));
#2543 = IFCCARTESIANPOINT((406.1838463814929,2056.993411820382,0.));
#2544 = IFCCARTESIANPOINT((417.41133136022836,2060.3173382943496,0.));
#2545 = IFCPOLYLINE((#2546,#2547));
#2546 = IFCCARTESIANPOINT((406.1838463814929,2056.993411820382,0.));
#2547 = IFCCARTESIANPOINT((406.1838463814929,2056.993411820382,0.));
#2548 = IFCPOLYLINE((#2549,#2550,#2551,#2552,#2553,#2554,#2555,#2556,#2557));
#2549 = IFCCARTESIANPOINT((406.1838463814929,2056.993411820382,0.));
#2550 = IFCCARTESIANPOINT((403.7979304510293,2057.10157133263,0.));
#2551 = IFCCARTESIANPOINT((401.5574834116032,2057.4260498693748,0.));
#2552 = IFCCARTESIANPOINT((399.46250526321455,2057.966847430615,0.));
#2553 = IFCCARTESIANPOINT((397.5129960058637,2058.7239640163525,0.));
#2554 = IFCCARTESIANPOINT((395.70895563955037,2059.6973996265856,0.));
#2555 = IFCCARTESIANPOINT((394.05038416427465,2060.8871542613156,0.));
#2556 = IFCCARTESIANPOINT((392.5372815800365,2062.2932279205415,0.));
#2557 = IFCCARTESIANPOINT((406.1838463814929,2056.993411820382,0.));
#2558 = IFCPOLYLINE((#2559,#2560));
#2559 = IFCCARTESIANPOINT((392.5372815800365,2062.2932279205415,0.));
#2560 = IFCCARTESIANPOINT((392.5372815800365,2062.2932279205415,0.));
#2561 = IFCPOLYLINE((#2562,#2563,#2564,#2565,#2566,#2567,#2568,#2569,#2570));
#2562 = IFCCARTESIANPOINT((392.5372815800365,2062.2932279205415,0.));
#2563 = IFCCARTESIANPOINT((391.1997968797972,2063.8945163091917,0.));
#2564 = IFCCARTESIANPOINT((390.06807905651766,2065.6699151321914,0.));
#2565 = IFCCARTESIANPOINT((389.14212811019803,2067.619424389542,0.));
#2566 = IFCCARTESIANPOINT((388.42194404083835,2069.743044081244,0.));
#2567 = IFCCARTESIANPOINT((387.90752684843864,2072.040774207296,0.));
#2568 = IFCCARTESIANPOINT((387.5988765329987,2074.5126147676992,0.));
#2569 = IFCCARTESIANPOINT((387.4959930945188,2077.158565762453,0.));
#2570 = IFCCARTESIANPOINT((392.5372815800365,2062.2932279205415,0.));
#2571 = IFCPOLYLINE((#2572,#2573));
#2572 = IFCCARTESIANPOINT((387.4959930945188,2077.158565762453,0.));
#2573 = IFCCARTESIANPOINT((387.4959930945188,2077.158565762453,0.));
#2574 = IFCPOLYLINE((#2575,#2576,#2577,#2578,#2579,#2580,#2581,#2582,#2583));
#2575 = IFCCARTESIANPOINT((387.4959930945188,2077.158565762453,0.));
#2576 = IFCCARTESIANPOINT((387.60000712023486,2079.896094323327,0.));
#2577 = IFCCARTESIANPOINT((387.9120491973828,2082.452728926432,0.));
#2578 = IFCCARTESIANPOINT((388.43211932596273,2084.828469571771,0.));
#2579 = IFCCARTESIANPOINT((389.16021750597474,2087.023316259344,0.));
#2580 = IFCCARTESIANPOINT((390.0963437374187,2089.037268989149,0.));
#2581 = IFCCARTESIANPOINT((391.2404980202947,2090.8703277611876,0.));
#2582 = IFCCARTESIANPOINT((392.59268035460263,2092.522492575459,0.));
#2583 = IFCCARTESIANPOINT((387.4959930945188,2077.158565762453,0.));
#2584 = IFCPOLYLINE((#2585,#2586));
#2585 = IFCCARTESIANPOINT((392.59268035460263,2092.522492575459,0.));
#2586 = IFCCARTESIANPOINT((392.59268035460263,2092.522492575459,0.));
#2587 = IFCPOLYLINE((#2588,#2589,#2590,#2591,#2592,#2593,#2594,#2595,#2596));
#2588 = IFCCARTESIANPOINT((392.59268035460263,2092.522492575459,0.));
#2589 = IFCCARTESIANPOINT((394.1106821501971,2093.9726591368913,0.));
#2590 = IFCCARTESIANPOINT((395.7522948169321,2095.19972315041,0.));
#2591 = IFCCARTESIANPOINT((397.51751835480786,2096.2036846160167,0.));
#2592 = IFCCARTESIANPOINT((399.40635276382454,2096.9845435337106,0.));
#2593 = IFCCARTESIANPOINT((401.41879804398184,2097.542299903492,0.));
#2594 = IFCCARTESIANPOINT((403.55485419527986,2097.876953725361,0.));
#2595 = IFCCARTESIANPOINT((405.8145212177187,2097.9885049993172,0.));
#2596 = IFCCARTESIANPOINT((392.59268035460263,2092.522492575459,0.));
#2597 = IFCPOLYLINE((#2598,#2599));
#2598 = IFCCARTESIANPOINT((405.8145212177187,2097.9885049993172,0.));
#2599 = IFCCARTESIANPOINT((405.8145212177187,2097.9885049993172,0.));
#2600 = IFCPOLYLINE((#2601,#2602,#2603,#2604,#2605,#2606,#2607,#2608,#2609));
#2601 = IFCCARTESIANPOINT((405.8145212177187,2097.9885049993172,0.));
#2602 = IFCCARTESIANPOINT((408.00333810669895,2097.8792148998336,0.));
#2603 = IFCCARTESIANPOINT((410.0745739231304,2097.5513446013806,0.));
#2604 = IFCCARTESIANPOINT((412.0282286670134,2097.0048941039595,0.));
#2605 = IFCCARTESIANPOINT((413.8643023383481,2096.2398634075703,0.));
#2606 = IFCCARTESIANPOINT((415.5827949371341,2095.256252512212,0.));
#2607 = IFCCARTESIANPOINT((417.1837064633716,2094.0540614178863,0.));
#2608 = IFCCARTESIANPOINT((418.6670369170606,2092.6332901245914,0.));
#2609 = IFCCARTESIANPOINT((405.8145212177187,2097.9885049993172,0.));
#2610 = IFCPOLYLINE((#2611,#2612));
#2611 = IFCCARTESIANPOINT((418.6670369170606,2092.6332901245914,0.));
#2612 = IFCCARTESIANPOINT((418.6670369170606,2092.6332901245914,0.));
#2613 = IFCPOLYLINE((#2614,#2615,#2616,#2617,#2618,#2619,#2620,#2621,#2622));
#2614 = IFCCARTESIANPOINT((418.6670369170606,2092.6332901245914,0.));
#2615 = IFCCARTESIANPOINT((419.98982398323153,2091.0142892025774,0.));
#2616 = IFCCARTESIANPOINT((421.1091053469144,2089.217409222092,0.));
#2617 = IFCCARTESIANPOINT((422.0248810081096,2087.242650183136,0.));
#2618 = IFCCARTESIANPOINT((422.73715096681707,2085.09001208571,0.));
#2619 = IFCCARTESIANPOINT((423.24591522303655,2082.759494929812,0.));
#2620 = IFCCARTESIANPOINT((423.55117377676834,2080.2510987154437,0.));
#2621 = IFCCARTESIANPOINT((423.6529266280122,2077.5648234426044,0.));
#2622 = IFCCARTESIANPOINT((418.6670369170606,2092.6332901245914,0.));
#2623 = IFCPOLYLINE((#2624,#2625));
#2624 = IFCCARTESIANPOINT((423.6529266280122,2077.5648234426044,0.));
#2625 = IFCCARTESIANPOINT((423.6529266280122,2077.5648234426044,0.));
#2626 = IFCPOLYLINE((#2627,#2628,#2629,#2630,#2631,#2632,#2633,#2634,#2635));
#2627 = IFCCARTESIANPOINT((423.6529266280122,2077.5648234426044,0.));
#2628 = IFCCARTESIANPOINT((423.6521729031883,2077.383929484838,0.));
#2629 = IFCCARTESIANPOINT((423.64991172871606,2077.1789163327016,0.));
#2630 = IFCCARTESIANPOINT((423.64614310459586,2076.9497839861965,0.));
#2631 = IFCCARTESIANPOINT((423.64086703082785,2076.696532445323,0.));
#2632 = IFCCARTESIANPOINT((423.63408350741145,2076.4191617100805,0.));
#2633 = IFCCARTESIANPOINT((423.62579253434717,2076.1176717804688,0.));
#2634 = IFCCARTESIANPOINT((423.6159941116348,2075.7920626564883,0.));
#2635 = IFCCARTESIANPOINT((423.6529266280122,2077.5648234426044,0.));
#2636 = IFCPOLYLINE((#2637,#2638,#2639,#2640));
#2637 = IFCCARTESIANPOINT((423.6159941116348,2075.7920626564883,0.));
#2638 = IFCCARTESIANPOINT((394.36544114071876,2075.7920626564883,0.));
#2639 = IFCCARTESIANPOINT((394.36544114071876,2075.7920626564883,0.));
#2640 = IFCCARTESIANPOINT((423.6159941116348,2075.7920626564883,0.));
#2641 = IFCPOLYLINE((#2642,#2643,#2644,#2645,#2646,#2647,#2648,#2649,#2650));
#2642 = IFCCARTESIANPOINT((394.36544114071876,2075.7920626564883,0.));
#2643 = IFCCARTESIANPOINT((394.53050687718115,2074.0072422731882,0.));
#2644 = IFCCARTESIANPOINT((394.81466113584,2072.346032761028,0.));
#2645 = IFCCARTESIANPOINT((395.2179039166955,2070.8084341200088,0.));
#2646 = IFCCARTESIANPOINT((395.74023521974766,2069.3944463501307,0.));
#2647 = IFCCARTESIANPOINT((396.38165504499625,2068.104069451393,0.));
#2648 = IFCCARTESIANPOINT((397.1421633924415,2066.937303423796,0.));
#2649 = IFCCARTESIANPOINT((398.02176026208326,2065.89414826734,0.));
#2650 = IFCCARTESIANPOINT((394.36544114071876,2075.7920626564883,0.));
#2651 = IFCPOLYLINE((#2652,#2653));
#2652 = IFCCARTESIANPOINT((398.02176026208326,2065.89414826734,0.));
#2653 = IFCCARTESIANPOINT((398.02176026208326,2065.89414826734,0.));
#2654 = IFCPOLYLINE((#2655,#2656,#2657,#2658,#2659,#2660,#2661,#2662,#2663));
#2655 = IFCCARTESIANPOINT((398.02176026208326,2065.89414826734,0.));
#2656 = IFCCARTESIANPOINT((398.99406528508075,2064.9828949550893,0.));
#2657 = IFCCARTESIANPOINT((400.0326980925925,2064.2118344601076,0.));
#2658 = IFCCARTESIANPOINT((401.13765868461894,2063.5809667823946,0.));
#2659 = IFCCARTESIANPOINT((402.30894706116004,2063.0902919219525,0.));
#2660 = IFCCARTESIANPOINT((403.5465632222156,2062.7398098787785,0.));
#2661 = IFCCARTESIANPOINT((404.85050716778574,2062.5295206528745,0.));
#2662 = IFCCARTESIANPOINT((406.22077889787033,2062.45942424424,0.));
#2663 = IFCCARTESIANPOINT((398.02176026208326,2065.89414826734,0.));
#2664 = IFCPOLYLINE((#2665,#2666));
#2665 = IFCCARTESIANPOINT((406.22077889787033,2062.45942424424,0.));
#2666 = IFCCARTESIANPOINT((406.22077889787033,2062.45942424424,0.));
#2667 = IFCPOLYLINE((#2668,#2669,#2670,#2671,#2672,#2673,#2674,#2675,#2676));
#2668 = IFCCARTESIANPOINT((406.22077889787033,2062.45942424424,0.));
#2669 = IFCCARTESIANPOINT((407.24358348407776,2062.49861793509,0.));
#2670 = IFCCARTESIANPOINT((408.22267203049125,2062.616199007638,0.));
#2671 = IFCCARTESIANPOINT((409.15804453711115,2062.8121674618856,0.));
#2672 = IFCCARTESIANPOINT((410.0497010039375,2063.086523297832,0.));
#2673 = IFCCARTESIANPOINT((410.8976414309701,2063.4392665154774,0.));
#2674 = IFCCARTESIANPOINT((411.70186581820894,2063.8703971148225,0.));
#2675 = IFCCARTESIANPOINT((412.4623741656542,2064.3799150958657,0.));
#2676 = IFCCARTESIANPOINT((406.22077889787033,2062.45942424424,0.));
#2677 = IFCPOLYLINE((#2678,#2679));
#2678 = IFCCARTESIANPOINT((412.4623741656542,2064.3799150958657,0.));
#2679 = IFCCARTESIANPOINT((412.4623741656542,2064.3799150958657,0.));
#2680 = IFCPOLYLINE((#2681,#2682,#2683,#2684,#2685,#2686,#2687,#2688,#2689));
#2681 = IFCCARTESIANPOINT((412.4623741656542,2064.3799150958657,0.));
#2682 = IFCCARTESIANPOINT((413.1791664733058,2064.975357706849,0.));
#2683 = IFCCARTESIANPOINT((413.8522427411636,2065.6642621960114,0.));
#2684 = IFCCARTESIANPOINT((414.4816029692277,2066.446628563353,0.));
#2685 = IFCCARTESIANPOINT((415.0672471574983,2067.3224568088754,0.));
#2686 = IFCCARTESIANPOINT((415.6091753059751,2068.291746932576,0.));
#2687 = IFCCARTESIANPOINT((416.10738741465826,2069.354498934457,0.));
#2688 = IFCCARTESIANPOINT((416.5618834835477,2070.5107128145173,0.));
#2689 = IFCCARTESIANPOINT((412.4623741656542,2064.3799150958657,0.));
#2690 = IFCPOLYLINE((#2691,#2692));
#2691 = IFCCARTESIANPOINT((416.63574851630256,2081.2580750803463,0.));
#2692 = IFCCARTESIANPOINT((416.63574851630256,2081.2580750803463,0.));
#2693 = IFCPOLYLINE((#2694,#2695,#2696,#2697,#2698,#2699,#2700,#2701,#2702));
#2694 = IFCCARTESIANPOINT((416.63574851630256,2081.2580750803463,0.));
#2695 = IFCCARTESIANPOINT((416.4759588536085,2082.621563287015,0.));
#2696 = IFCCARTESIANPOINT((416.24984140639975,2083.8840523672634,0.));
#2697 = IFCCARTESIANPOINT((415.95739617467643,2085.0455423210915,0.));
#2698 = IFCCARTESIANPOINT((415.5986231584387,2086.106033148501,0.));
#2699 = IFCCARTESIANPOINT((415.17352235768635,2087.0655248494895,0.));
#2700 = IFCCARTESIANPOINT((414.6820937724195,2087.9240174240585,0.));
#2701 = IFCCARTESIANPOINT((414.12433740263805,2088.6815108722076,0.));
#2702 = IFCCARTESIANPOINT((416.63574851630256,2081.2580750803463,0.));
#2703 = IFCPOLYLINE((#2704,#2705));
#2704 = IFCCARTESIANPOINT((414.12433740263805,2088.6815108722076,0.));
#2705 = IFCCARTESIANPOINT((414.12433740263805,2088.6815108722076,0.));
#2706 = IFCPOLYLINE((#2707,#2708,#2709,#2710,#2711,#2712,#2713,#2714,#2715));
#2707 = IFCCARTESIANPOINT((414.12433740263805,2088.6815108722076,0.));
#2708 = IFCCARTESIANPOINT((413.1784127484818,2089.7005468342954,0.));
#2709 = IFCCARTESIANPOINT((412.15560816227446,2090.562808032984,0.));
#2710 = IFCCARTESIANPOINT((411.0559236440161,2091.2682944682747,0.));
#2711 = IFCCARTESIANPOINT((409.879359193707,2091.817006140168,0.));
#2712 = IFCCARTESIANPOINT((408.6259148113468,2092.208943048663,0.));
#2713 = IFCCARTESIANPOINT((407.2955904969357,2092.44410519376,0.));
#2714 = IFCCARTESIANPOINT((405.88838625047356,2092.522492575459,0.));
#2715 = IFCCARTESIANPOINT((414.12433740263805,2088.6815108722076,0.));
#2716 = IFCPOLYLINE((#2717,#2718));
#2717 = IFCCARTESIANPOINT((405.88838625047356,2092.522492575459,0.));
#2718 = IFCCARTESIANPOINT((405.88838625047356,2092.522492575459,0.));
#2719 = IFCPOLYLINE((#2720,#2721,#2722,#2723,#2724,#2725,#2726,#2727,#2728));
#2720 = IFCCARTESIANPOINT((405.88838625047356,2092.522492575459,0.));
#2721 = IFCCARTESIANPOINT((404.6096920865086,2092.4599334150653,0.));
#2722 = IFCCARTESIANPOINT((403.3905421836416,2092.2722559338813,0.));
#2723 = IFCCARTESIANPOINT((402.23093654187295,2091.9594601319095,0.));
#2724 = IFCCARTESIANPOINT((401.13087516120277,2091.5215460091486,0.));
#2725 = IFCCARTESIANPOINT((400.09035804163074,2090.958513565599,0.));
#2726 = IFCCARTESIANPOINT((399.1093851831571,2090.2703628012605,0.));
#2727 = IFCCARTESIANPOINT((398.18795658578165,2089.4570937161334,0.));
#2728 = IFCCARTESIANPOINT((405.88838625047356,2092.522492575459,0.));
#2729 = IFCPOLYLINE((#2730,#2731));
#2730 = IFCCARTESIANPOINT((398.18795658578165,2089.4570937161334,0.));
#2731 = IFCCARTESIANPOINT((398.18795658578165,2089.4570937161334,0.));
#2732 = IFCPOLYLINE((#2733,#2734,#2735,#2736,#2737,#2738,#2739,#2740,#2741));
#2733 = IFCCARTESIANPOINT((398.18795658578165,2089.4570937161334,0.));
#2734 = IFCCARTESIANPOINT((397.3532063431697,2088.5390568804664,0.));
#2735 = IFCCARTESIANPOINT((396.63226854898585,2087.5366028645076,0.));
#2736 = IFCCARTESIANPOINT((396.0251432032305,2086.4497316682578,0.));
#2737 = IFCCARTESIANPOINT((395.5318303059036,2085.278443291717,0.));
#2738 = IFCCARTESIANPOINT((395.152329857005,2084.0227377348847,0.));
#2739 = IFCCARTESIANPOINT((394.88664185653477,2082.682614997761,0.));
#2740 = IFCCARTESIANPOINT((394.73476630449295,2081.2580750803463,0.));
#2741 = IFCCARTESIANPOINT((398.18795658578165,2089.4570937161334,0.));
#2742 = IFCPOLYLINE((#2743,#2744));
#2743 = IFCCARTESIANPOINT((457.37231408059597,2062.717951858882,0.));
#2744 = IFCCARTESIANPOINT((457.37231408059597,2062.717951858882,0.));
#2745 = IFCPOLYLINE((#2746,#2747,#2748,#2749,#2750,#2751,#2752,#2753,#2754));
#2746 = IFCCARTESIANPOINT((457.37231408059597,2062.717951858882,0.));
#2747 = IFCCARTESIANPOINT((456.3227522631357,2061.8587055594894,0.));
#2748 = IFCCARTESIANPOINT((455.28449631803574,2061.0748317424986,0.));
#2749 = IFCCARTESIANPOINT((454.25754624529617,2060.3663304079114,0.));
#2750 = IFCCARTESIANPOINT((453.24190204491725,2059.733201555727,0.));
#2751 = IFCCARTESIANPOINT((452.23756371689865,2059.175445185946,0.));
#2752 = IFCCARTESIANPOINT((451.24453126124047,2058.6930612985675,0.));
#2753 = IFCCARTESIANPOINT((450.26280467794277,2058.2860498935916,0.));
#2754 = IFCCARTESIANPOINT((457.37231408059597,2062.717951858882,0.));
#2755 = IFCPOLYLINE((#2756,#2757));
#2756 = IFCCARTESIANPOINT((450.26280467794277,2058.2860498935916,0.));
#2757 = IFCCARTESIANPOINT((450.26280467794277,2058.2860498935916,0.));
#2758 = IFCPOLYLINE((#2759,#2760,#2761,#2762,#2763,#2764,#2765,#2766,#2767));
#2759 = IFCCARTESIANPOINT((450.26280467794277,2058.2860498935916,0.));
#2760 = IFCCARTESIANPOINT((449.276555745701,2057.943105098659,0.));
#2761 = IFCCARTESIANPOINT((448.2699562432102,2057.6529210414074,0.));
#2762 = IFCCARTESIANPOINT((447.24300617047066,2057.4154977218377,0.));
#2763 = IFCCARTESIANPOINT((446.1957055274825,2057.230835139951,0.));
#2764 = IFCCARTESIANPOINT((445.12805431424545,2057.098933295746,0.));
#2765 = IFCCARTESIANPOINT((444.0400525307597,2057.0197921892227,0.));
#2766 = IFCCARTESIANPOINT((442.93170017702505,2056.993411820382,0.));
#2767 = IFCCARTESIANPOINT((450.26280467794277,2058.2860498935916,0.));
#2768 = IFCPOLYLINE((#2769,#2770));
#2769 = IFCCARTESIANPOINT((442.93170017702505,2056.993411820382,0.));
#2770 = IFCCARTESIANPOINT((442.93170017702505,2056.993411820382,0.));
#2771 = IFCPOLYLINE((#2772,#2773,#2774,#2775,#2776,#2777,#2778,#2779,#2780));
#2772 = IFCCARTESIANPOINT((442.93170017702505,2056.993411820382,0.));
#2773 = IFCCARTESIANPOINT((441.1461260689005,2057.057855292837,0.));
#2774 = IFCCARTESIANPOINT((439.4826553822685,2057.2511857102,0.));
#2775 = IFCCARTESIANPOINT((437.9412881171292,2057.573403072472,0.));
#2776 = IFCCARTESIANPOINT((436.52202427348277,2058.0245073796536,0.));
#2777 = IFCCARTESIANPOINT((435.2248638513289,2058.604498631744,0.));
#2778 = IFCCARTESIANPOINT((434.0498068506678,2059.313376828743,0.));
#2779 = IFCCARTESIANPOINT((432.9968532714993,2060.151141970651,0.));
#2780 = IFCCARTESIANPOINT((442.93170017702505,2056.993411820382,0.));
#2781 = IFCPOLYLINE((#2782,#2783));
#2782 = IFCCARTESIANPOINT((432.9968532714993,2060.151141970651,0.));
#2783 = IFCCARTESIANPOINT((432.9968532714993,2060.151141970651,0.));
#2784 = IFCPOLYLINE((#2785,#2786,#2787,#2788,#2789,#2790,#2791,#2792,#2793));
#2785 = IFCCARTESIANPOINT((432.9968532714993,2060.151141970651,0.));
#2786 = IFCCARTESIANPOINT((432.075801536536,2061.0891525141556,0.));
#2787 = IFCCARTESIANPOINT((431.29645006848995,2062.0987669159417,0.));
#2788 = IFCCARTESIANPOINT((430.6587988673614,2063.179985176011,0.));
#2789 = IFCCARTESIANPOINT((430.1628479331504,2064.332807294364,0.));
#2790 = IFCCARTESIANPOINT((429.80859726585675,2065.557233270999,0.));
#2791 = IFCCARTESIANPOINT((429.5960468654806,2066.853263105917,0.));
#2792 = IFCCARTESIANPOINT((429.52519673202187,2068.2208967991173,0.));
#2793 = IFCCARTESIANPOINT((432.9968532714993,2060.151141970651,0.));
#2794 = IFCPOLYLINE((#2795,#2796));
#2795 = IFCCARTESIANPOINT((429.52519673202187,2068.2208967991173,0.));
#2796 = IFCCARTESIANPOINT((429.52519673202187,2068.2208967991173,0.));
#2797 = IFCPOLYLINE((#2798,#2799,#2800,#2801,#2802,#2803,#2804,#2805,#2806));
#2798 = IFCCARTESIANPOINT((429.52519673202187,2068.2208967991173,0.));
#2799 = IFCCARTESIANPOINT((429.55195396327497,2069.033789021833,0.));
#2800 = IFCCARTESIANPOINT((429.632225657034,2069.8263306742992,0.));
#2801 = IFCCARTESIANPOINT((429.7660118132991,2070.598521756516,0.));
#2802 = IFCCARTESIANPOINT((429.95331243207033,2071.3503622684857,0.));
#2803 = IFCCARTESIANPOINT((430.19412751334755,2072.081852210206,0.));
#2804 = IFCCARTESIANPOINT((430.4884570571309,2072.792991581677,0.));
#2805 = IFCCARTESIANPOINT((430.83630106342025,2073.4837803828996,0.));
#2806 = IFCCARTESIANPOINT((429.52519673202187,2068.2208967991173,0.));
#2807 = IFCPOLYLINE((#2808,#2809));
#2808 = IFCCARTESIANPOINT((430.83630106342025,2073.4837803828996,0.));
#2809 = IFCCARTESIANPOINT((430.83630106342025,2073.4837803828996,0.));
#2810 = IFCPOLYLINE((#2811,#2812,#2813,#2814,#2815,#2816,#2817,#2818,#2819));
#2811 = IFCCARTESIANPOINT((430.83630106342025,2073.4837803828996,0.));
#2812 = IFCCARTESIANPOINT((431.2274842470914,2074.145173915985,0.));
#2813 = IFCCARTESIANPOINT((431.65183132301956,2074.7681274830447,0.));
#2814 = IFCCARTESIANPOINT((432.10934229120517,2075.352641084079,0.));
#2815 = IFCCARTESIANPOINT((432.600017151648,2075.8987147190883,0.));
#2816 = IFCCARTESIANPOINT((433.12385590434815,2076.406348388072,0.));
#2817 = IFCCARTESIANPOINT((433.6808585493056,2076.87554209103,0.));
#2818 = IFCCARTESIANPOINT((434.27102508652024,2077.3062958279625,0.));
#2819 = IFCCARTESIANPOINT((430.83630106342025,2073.4837803828996,0.));
#2820 = IFCPOLYLINE((#2821,#2822));
#2821 = IFCCARTESIANPOINT((434.27102508652024,2077.3062958279625,0.));
#2822 = IFCCARTESIANPOINT((434.27102508652024,2077.3062958279625,0.));
#2823 = IFCPOLYLINE((#2824,#2825,#2826,#2827,#2828,#2829,#2830,#2831,#2832));
#2824 = IFCCARTESIANPOINT((434.27102508652024,2077.3062958279625,0.));
#2825 = IFCCARTESIANPOINT((434.88870257981205,2077.703508810226,0.));
#2826 = IFCCARTESIANPOINT((435.5282380930006,2078.072080249176,0.));
#2827 = IFCCARTESIANPOINT((436.18963162608594,2078.412010144813,0.));
#2828 = IFCCARTESIANPOINT((436.87288317906825,2078.723298497137,0.));
#2829 = IFCCARTESIANPOINT((437.5779927519473,2079.0059453061476,0.));
#2830 = IFCCARTESIANPOINT((438.3049603447233,2079.259950571846,0.));
#2831 = IFCCARTESIANPOINT((439.05378595739603,2079.48531429423,0.));
#2832 = IFCCARTESIANPOINT((434.27102508652024,2077.3062958279625,0.));
#2833 = IFCPOLYLINE((#2834,#2835));
#2834 = IFCCARTESIANPOINT((439.05378595739603,2079.48531429423,0.));
#2835 = IFCCARTESIANPOINT((439.05378595739603,2079.48531429423,0.));
#2836 = IFCPOLYLINE((#2837,#2838,#2839,#2840,#2841,#2842,#2843,#2844,#2845));
#2837 = IFCCARTESIANPOINT((439.05378595739603,2079.48531429423,0.));
#2838 = IFCCARTESIANPOINT((439.6537509173231,2079.632290634916,0.));
#2839 = IFCCARTESIANPOINT((440.3351181582453,2079.7777595259536,0.));
#2840 = IFCCARTESIANPOINT((441.09788768016256,2079.9217209673425,0.));
#2841 = IFCCARTESIANPOINT((441.94205948307507,2080.0641749590845,0.));
#2842 = IFCCARTESIANPOINT((442.8676335669826,2080.205121501178,0.));
#2843 = IFCCARTESIANPOINT((443.8746099318853,2080.344560593623,0.));
#2844 = IFCCARTESIANPOINT((444.9629885777831,2080.4824922364205,0.));
#2845 = IFCCARTESIANPOINT((439.05378595739603,2079.48531429423,0.));
#2846 = IFCPOLYLINE((#2847,#2848));
#2847 = IFCCARTESIANPOINT((444.9629885777831,2080.4824922364205,0.));
#2848 = IFCCARTESIANPOINT((444.9629885777831,2080.4824922364205,0.));
#2849 = IFCPOLYLINE((#2850,#2851,#2852,#2853,#2854,#2855,#2856,#2857,#2858));
#2850 = IFCCARTESIANPOINT((444.9629885777831,2080.4824922364205,0.));
#2851 = IFCCARTESIANPOINT((447.17667838595634,2080.7643853206077,0.));
#2852 = IFCCARTESIANPOINT((449.2170114846026,2081.061352901275,0.));
#2853 = IFCCARTESIANPOINT((451.08398787372226,2081.3733949784228,0.));
#2854 = IFCCARTESIANPOINT((452.7776075533154,2081.7005115520515,0.));
#2855 = IFCCARTESIANPOINT((454.29787052338185,2082.0427026221605,0.));
#2856 = IFCCARTESIANPOINT((455.64477678392166,2082.3999681887503,0.));
#2857 = IFCCARTESIANPOINT((456.8183263349347,2082.7723082518205,0.));
#2858 = IFCCARTESIANPOINT((444.9629885777831,2080.4824922364205,0.));
#2859 = IFCPOLYLINE((#2860,#2861));
#2860 = IFCCARTESIANPOINT((456.8183263349347,2082.7723082518205,0.));
#2861 = IFCCARTESIANPOINT((456.8183263349347,2082.7723082518205,0.));
#2862 = IFCPOLYLINE((#2863,#2864,#2865,#2866,#2867,#2868,#2869,#2870,#2871));
#2863 = IFCCARTESIANPOINT((456.8183263349347,2082.7723082518205,0.));
#2864 = IFCCARTESIANPOINT((456.8281247576472,2083.142387140419,0.));
#2865 = IFCCARTESIANPOINT((456.83641573071134,2083.4717648885194,0.));
#2866 = IFCCARTESIANPOINT((456.8431992541276,2083.7604414961224,0.));
#2867 = IFCCARTESIANPOINT((456.8484753278959,2084.0084169632282,0.));
#2868 = IFCCARTESIANPOINT((456.852243952016,2084.2156912898363,0.));
#2869 = IFCCARTESIANPOINT((456.8545051264881,2084.3822644759466,0.));
#2870 = IFCCARTESIANPOINT((456.8552588513121,2084.508136521559,0.));
#2871 = IFCCARTESIANPOINT((456.8183263349347,2082.7723082518205,0.));
#2872 = IFCPOLYLINE((#2873,#2874));
#2873 = IFCCARTESIANPOINT((456.8552588513121,2084.508136521559,0.));
#2874 = IFCCARTESIANPOINT((456.8552588513121,2084.508136521559,0.));
#2875 = IFCPOLYLINE((#2876,#2877,#2878,#2879,#2880,#2881,#2882,#2883,#2884));
#2876 = IFCCARTESIANPOINT((456.8552588513121,2084.508136521559,0.));
#2877 = IFCCARTESIANPOINT((456.8168188852867,2085.619880637002,0.));
#2878 = IFCCARTESIANPOINT((456.70149898721024,2086.633640525321,0.));
#2879 = IFCCARTESIANPOINT((456.5092991570827,2087.549416186516,0.));
#2880 = IFCCARTESIANPOINT((456.2402193949045,2088.3672076205876,0.));
#2881 = IFCCARTESIANPOINT((455.8942597006752,2089.0870148275353,0.));
#2882 = IFCCARTESIANPOINT((455.4714200743949,2089.708837807359,0.));
#2883 = IFCCARTESIANPOINT((454.9717005160637,2090.232676560059,0.));
#2884 = IFCCARTESIANPOINT((456.8552588513121,2084.508136521559,0.));
#2885 = IFCPOLYLINE((#2886,#2887));
#2886 = IFCCARTESIANPOINT((454.9717005160637,2090.232676560059,0.));
#2887 = IFCCARTESIANPOINT((454.9717005160637,2090.232676560059,0.));
#2888 = IFCPOLYLINE((#2889,#2890,#2891,#2892,#2893,#2894,#2895,#2896,#2897));
#2889 = IFCCARTESIANPOINT((454.9717005160637,2090.232676560059,0.));
#2890 = IFCCARTESIANPOINT((454.19310277284194,2090.8303803455146,0.));
#2891 = IFCCARTESIANPOINT((453.31350590320005,2091.3361297024376,0.));
#2892 = IFCCARTESIANPOINT((452.33290990713823,2091.749924630829,0.));
#2893 = IFCCARTESIANPOINT((451.25131478465676,2092.07176513069,0.));
#2894 = IFCCARTESIANPOINT((450.0687205357553,2092.3016512020185,0.));
#2895 = IFCCARTESIANPOINT((448.785127160434,2092.439582844816,0.));
#2896 = IFCCARTESIANPOINT((447.4005346586928,2092.4855600590818,0.));
#2897 = IFCCARTESIANPOINT((454.9717005160637,2090.232676560059,0.));
#2898 = IFCPOLYLINE((#2899,#2900));
#2899 = IFCCARTESIANPOINT((447.4005346586928,2092.4855600590818,0.));
#2900 = IFCCARTESIANPOINT((447.4005346586928,2092.4855600590818,0.));
#2901 = IFCPOLYLINE((#2902,#2903,#2904,#2905,#2906,#2907,#2908,#2909,#2910));
#2902 = IFCCARTESIANPOINT((447.4005346586928,2092.4855600590818,0.));
#2903 = IFCCARTESIANPOINT((446.1105346223673,2092.4520193044127,0.));
#2904 = IFCCARTESIANPOINT((444.92077998763756,2092.3513970404047,0.));
#2905 = IFCCARTESIANPOINT((443.8312707545036,2092.183693267058,0.));
#2906 = IFCCARTESIANPOINT((442.8420069229656,2091.9489079843734,0.));
#2907 = IFCCARTESIANPOINT((441.95298849302344,2091.6470411923497,0.));
#2908 = IFCCARTESIANPOINT((441.16421546467717,2091.2780928909874,0.));
#2909 = IFCCARTESIANPOINT((440.47568783792667,2090.8420630802866,0.));
#2910 = IFCCARTESIANPOINT((447.4005346586928,2092.4855600590818,0.));
#2911 = IFCPOLYLINE((#2912,#2913));
#2912 = IFCCARTESIANPOINT((440.47568783792667,2090.8420630802866,0.));
#2913 = IFCCARTESIANPOINT((440.47568783792667,2090.8420630802866,0.));
#2914 = IFCPOLYLINE((#2915,#2916,#2917,#2918,#2919,#2920,#2921,#2922,#2923));
#2915 = IFCCARTESIANPOINT((440.47568783792667,2090.8420630802866,0.));
#2916 = IFCCARTESIANPOINT((439.8610252439312,2090.320862364471,0.));
#2917 = IFCCARTESIANPOINT((439.29384731384926,2089.6964013477627,0.));
#2918 = IFCCARTESIANPOINT((438.77415404768124,2088.9686800301624,0.));
#2919 = IFCCARTESIANPOINT((438.3019454454272,2088.1376984116705,0.));
#2920 = IFCCARTESIANPOINT((437.8772215070868,2087.203456492287,0.));
#2921 = IFCCARTESIANPOINT((437.49998223266033,2086.165954272011,0.));
#2922 = IFCCARTESIANPOINT((437.17022762214765,2085.025191750843,0.));
#2923 = IFCCARTESIANPOINT((440.47568783792667,2090.8420630802866,0.));
#2924 = IFCPOLYLINE((#2925,#2926,#2927,#2928));
#2925 = IFCCARTESIANPOINT((437.17022762214765,2085.025191750843,0.));
#2926 = IFCCARTESIANPOINT((430.67010473972186,2085.911572143901,0.));
#2927 = IFCCARTESIANPOINT((430.67010473972186,2085.911572143901,0.));
#2928 = IFCCARTESIANPOINT((437.17022762214765,2085.025191750843,0.));
#2929 = IFCPOLYLINE((#2930,#2931,#2932,#2933,#2934,#2935,#2936,#2937,#2938));
#2930 = IFCCARTESIANPOINT((430.67010473972186,2085.911572143901,0.));
#2931 = IFCCARTESIANPOINT((430.9467217501406,2087.0711777856704,0.));
#2932 = IFCCARTESIANPOINT((431.27006969964884,2088.165209367748,0.));
#2933 = IFCCARTESIANPOINT((431.6401485882471,2089.193666890135,0.));
#2934 = IFCCARTESIANPOINT((432.0569584159352,2090.1565503528323,0.));
#2935 = IFCCARTESIANPOINT((432.52049918271297,2091.053859755839,0.));
#2936 = IFCCARTESIANPOINT((433.0307708885806,2091.8855950991547,0.));
#2937 = IFCCARTESIANPOINT((433.587773533538,2092.65175638278,0.));
#2938 = IFCCARTESIANPOINT((430.67010473972186,2085.911572143901,0.));
#2939 = IFCPOLYLINE((#2940,#2941));
#2940 = IFCCARTESIANPOINT((433.587773533538,2092.65175638278,0.));
#2941 = IFCCARTESIANPOINT((433.587773533538,2092.65175638278,0.));
#2942 = IFCPOLYLINE((#2943,#2944,#2945,#2946,#2947,#2948,#2949,#2950,#2951));
#2943 = IFCCARTESIANPOINT((433.587773533538,2092.65175638278,0.));
#2944 = IFCCARTESIANPOINT((434.20507416441774,2093.3610114421917,0.));
#2945 = IFCCARTESIANPOINT((434.89623982805233,2094.022028112865,0.));
#2946 = IFCCARTESIANPOINT((435.6612705244416,2094.6348063948003,0.));
#2947 = IFCCARTESIANPOINT((436.500166253586,2095.199346287998,0.));
#2948 = IFCCARTESIANPOINT((437.412927015485,2095.715647792458,0.));
#2949 = IFCCARTESIANPOINT((438.39955281013886,2096.18371090818,0.));
#2950 = IFCCARTESIANPOINT((439.46004363754764,2096.603535635164,0.));
#2951 = IFCCARTESIANPOINT((433.587773533538,2092.65175638278,0.));
#2952 = IFCPOLYLINE((#2953,#2954));
#2953 = IFCCARTESIANPOINT((439.46004363754764,2096.603535635164,0.));
#2954 = IFCCARTESIANPOINT((439.46004363754764,2096.603535635164,0.));
#2955 = IFCPOLYLINE((#2956,#2957,#2958,#2959,#2960,#2961,#2962,#2963,#2964));
#2956 = IFCCARTESIANPOINT((439.46004363754764,2096.603535635164,0.));
#2957 = IFCCARTESIANPOINT((440.5823399005269,2096.9709764868785,0.));
#2958 = IFCCARTESIANPOINT((441.75438200189177,2097.2818879767897,0.));
#2959 = IFCCARTESIANPOINT((442.9761699416427,2097.5362701049,0.));
#2960 = IFCCARTESIANPOINT((444.2477037197797,2097.7341228712075,0.));
#2961 = IFCCARTESIANPOINT((445.5689833363024,2097.875446275713,0.));
#2962 = IFCCARTESIANPOINT((446.9400087912111,2097.9602403184163,0.));
#2963 = IFCCARTESIANPOINT((448.3607800845057,2097.9885049993172,0.));
#2964 = IFCCARTESIANPOINT((439.46004363754764,2096.603535635164,0.));
#2965 = IFCPOLYLINE((#2966,#2967));
#2966 = IFCCARTESIANPOINT((448.3607800845057,2097.9885049993172,0.));
#2967 = IFCCARTESIANPOINT((448.3607800845057,2097.9885049993172,0.));
#2968 = IFCPOLYLINE((#2969,#2970,#2971,#2972,#2973,#2974,#2975,#2976,#2977));
#2969 = IFCCARTESIANPOINT((448.3607800845057,2097.9885049993172,0.));
#2970 = IFCCARTESIANPOINT((449.75743218343143,2097.964385804949,0.));
#2971 = IFCCARTESIANPOINT((451.0772043503061,2097.892028221842,0.));
#2972 = IFCCARTESIANPOINT((452.32009658512976,2097.7714322499965,0.));
#2973 = IFCCARTESIANPOINT((453.4861088879026,2097.6025978894145,0.));
#2974 = IFCCARTESIANPOINT((454.5752412586245,2097.385525140094,0.));
#2975 = IFCCARTESIANPOINT((455.58749369729543,2097.120214002036,0.));
#2976 = IFCCARTESIANPOINT((456.5228662039153,2096.80666447524,0.));
#2977 = IFCCARTESIANPOINT((448.3607800845057,2097.9885049993172,0.));
#2978 = IFCPOLYLINE((#2979,#2980));
#2979 = IFCCARTESIANPOINT((456.5228662039153,2096.80666447524,0.));
#2980 = IFCCARTESIANPOINT((456.5228662039153,2096.80666447524,0.));
#2981 = IFCPOLYLINE((#2982,#2983,#2984,#2985,#2986,#2987,#2988,#2989,#2990));
#2982 = IFCCARTESIANPOINT((456.5228662039153,2096.80666447524,0.));
#2983 = IFCCARTESIANPOINT((457.3858811274286,2096.4565592944787,0.));
#2984 = IFCCARTESIANPOINT((458.18106081677905,2096.081581194524,0.));
#2985 = IFCCARTESIANPOINT((458.9084052719669,2095.6817301753763,0.));
#2986 = IFCCARTESIANPOINT((459.56791449299243,2095.2570062370364,0.));
#2987 = IFCCARTESIANPOINT((460.1595884798551,2094.807409379503,0.));
#2988 = IFCCARTESIANPOINT((460.68342723255523,2094.3329396027766,0.));
#2989 = IFCCARTESIANPOINT((461.13943075109273,2093.8335969068576,0.));
#2990 = IFCCARTESIANPOINT((456.5228662039153,2096.80666447524,0.));
#2991 = IFCPOLYLINE((#2992,#2993));
#2992 = IFCCARTESIANPOINT((461.13943075109273,2093.8335969068576,0.));
#2993 = IFCCARTESIANPOINT((461.13943075109273,2093.8335969068576,0.));
#2994 = IFCPOLYLINE((#2995,#2996,#2997,#2998,#2999,#3000,#3001,#3002,#3003));
#2995 = IFCCARTESIANPOINT((461.13943075109273,2093.8335969068576,0.));
#2996 = IFCCARTESIANPOINT((461.5434272567724,2093.3025977683296,0.));
#2997 = IFCCARTESIANPOINT((461.91124497089845,2092.733158663775,0.));
#2998 = IFCCARTESIANPOINT((462.2428838934711,2092.125279593196,0.));
#2999 = IFCCARTESIANPOINT((462.5383440244905,2091.4789605565916,0.));
#3000 = IFCCARTESIANPOINT((462.7976253639564,2090.794201553961,0.));
#3001 = IFCCARTESIANPOINT((463.020727911869,2090.071002585305,0.));
#3002 = IFCCARTESIANPOINT((463.2076516682282,2089.3093636506237,0.));
#3003 = IFCCARTESIANPOINT((461.13943075109273,2093.8335969068576,0.));
#3004 = IFCPOLYLINE((#3005,#3006));
#3005 = IFCCARTESIANPOINT((463.2076516682282,2089.3093636506237,0.));
#3006 = IFCCARTESIANPOINT((463.2076516682282,2089.3093636506237,0.));
#3007 = IFCPOLYLINE((#3008,#3009,#3010,#3011,#3012,#3013,#3014,#3015,#3016));
#3008 = IFCCARTESIANPOINT((463.2076516682282,2089.3093636506237,0.));
#3009 = IFCCARTESIANPOINT((463.2958374726397,2088.768189226971,0.));
#3010 = IFCCARTESIANPOINT((463.3704562302185,2088.115463529362,0.));
#3011 = IFCCARTESIANPOINT((463.43150794096476,2087.351186557796,0.));
#3012 = IFCCARTESIANPOINT((463.47899260487867,2086.4753583122747,0.));
#3013 = IFCCARTESIANPOINT((463.51291022195994,2085.487978792797,0.));
#3014 = IFCCARTESIANPOINT((463.53326079220875,2084.3890479993624,0.));
#3015 = IFCCARTESIANPOINT((463.540044315625,2083.178565931972,0.));
#3016 = IFCCARTESIANPOINT((463.2076516682282,2089.3093636506237,0.));
#3017 = IFCPOLYLINE((#3018,#3019,#3020,#3021));
#3018 = IFCCARTESIANPOINT((463.540044315625,2083.178565931972,0.));
#3019 = IFCCARTESIANPOINT((463.540044315625,2074.3147620013915,0.));
#3020 = IFCCARTESIANPOINT((463.540044315625,2074.3147620013915,0.));
#3021 = IFCCARTESIANPOINT((463.540044315625,2083.178565931972,0.));
#3022 = IFCPOLYLINE((#3023,#3024,#3025,#3026,#3027,#3028,#3029,#3030,#3031));
#3023 = IFCCARTESIANPOINT((463.540044315625,2074.3147620013915,0.));
#3024 = IFCCARTESIANPOINT((463.5487121511014,2071.8052351997876,0.));
#3025 = IFCCARTESIANPOINT((463.57471565753036,2069.5738328582493,0.));
#3026 = IFCCARTESIANPOINT((463.6180548349119,2067.6205549767783,0.));
#3027 = IFCCARTESIANPOINT((463.67872968324633,2065.945401555374,0.));
#3028 = IFCCARTESIANPOINT((463.75674020253336,2064.548372594036,0.));
#3029 = IFCCARTESIANPOINT((463.852086392773,2063.429468092765,0.));
#3030 = IFCCARTESIANPOINT((463.9647682539653,2062.588688051561,0.));
#3031 = IFCCARTESIANPOINT((463.540044315625,2074.3147620013915,0.));
#3032 = IFCPOLYLINE((#3033,#3034));
#3033 = IFCCARTESIANPOINT((463.9647682539653,2062.588688051561,0.));
#3034 = IFCCARTESIANPOINT((463.9647682539653,2062.588688051561,0.));
#3035 = IFCPOLYLINE((#3036,#3037,#3038,#3039,#3040,#3041,#3042,#3043,#3044));
#3036 = IFCCARTESIANPOINT((463.9647682539653,2062.588688051561,0.));
#3037 = IFCCARTESIANPOINT((464.1030767591747,2061.8911157269226,0.));
#3038 = IFCCARTESIANPOINT((464.2753028814653,2061.2018343753475,0.));
#3039 = IFCCARTESIANPOINT((464.4814466208371,2060.5208439968374,0.));
#3040 = IFCCARTESIANPOINT((464.72150797729046,2059.8481445913917,0.));
#3041 = IFCCARTESIANPOINT((464.9954869508249,2059.18373615901,0.));
#3042 = IFCCARTESIANPOINT((465.3033835414408,2058.527618699693,0.));
#3043 = IFCCARTESIANPOINT((465.6451977491379,2057.87979221344,0.));
#3044 = IFCCARTESIANPOINT((463.9647682539653,2062.588688051561,0.));
#3045 = IFCPOLYLINE((#3046,#3047,#3048,#3049));
#3046 = IFCCARTESIANPOINT((465.6451977491379,2057.87979221344,0.));
#3047 = IFCCARTESIANPOINT((458.70188467018306,2057.87979221344,0.));
#3048 = IFCCARTESIANPOINT((458.70188467018306,2057.87979221344,0.));
#3049 = IFCCARTESIANPOINT((465.6451977491379,2057.87979221344,0.));
#3050 = IFCPOLYLINE((#3051,#3052,#3053,#3054,#3055,#3056,#3057,#3058,#3059));
#3051 = IFCCARTESIANPOINT((458.70188467018306,2057.87979221344,0.));
#3052 = IFCCARTESIANPOINT((458.4214990356444,2058.4850332471356,0.));
#3053 = IFCCARTESIANPOINT((458.1712623940667,2059.1189158241436,0.));
#3054 = IFCCARTESIANPOINT((457.9511747454502,2059.7814399444646,0.));
#3055 = IFCCARTESIANPOINT((457.7612360897949,2060.4726056081,0.));
#3056 = IFCCARTESIANPOINT((457.60144642710077,2061.192412815047,0.));
#3057 = IFCCARTESIANPOINT((457.47180575736786,2061.9408615653083,0.));
#3058 = IFCCARTESIANPOINT((457.37231408059597,2062.717951858882,0.));
#3059 = IFCCARTESIANPOINT((458.70188467018306,2057.87979221344,0.));
#3060 = IFCPOLYLINE((#3061,#3062,#3063,#3064,#3065,#3066,#3067,#3068,#3069));
#3061 = IFCCARTESIANPOINT((456.8183263349347,2077.5648234426044,0.));
#3062 = IFCCARTESIANPOINT((455.7103508436122,2077.151782239037,0.));
#3063 = IFCCARTESIANPOINT((454.45464528677985,2076.7568304312454,0.));
#3064 = IFCCARTESIANPOINT((453.05120966443786,2076.3799680192305,0.));
#3065 = IFCCARTESIANPOINT((451.5000439765863,2076.0211950029934,0.));
#3066 = IFCCARTESIANPOINT((449.801148223225,2075.680511382532,0.));
#3067 = IFCCARTESIANPOINT((447.95452240435407,2075.3579171578476,0.));
#3068 = IFCCARTESIANPOINT((445.9601665199734,2075.05341232894,0.));
#3069 = IFCCARTESIANPOINT((456.8183263349347,2077.5648234426044,0.));
#3070 = IFCPOLYLINE((#3071,#3072));
#3071 = IFCCARTESIANPOINT((445.9601665199734,2075.05341232894,0.));
#3072 = IFCCARTESIANPOINT((445.9601665199734,2075.05341232894,0.));
#3073 = IFCPOLYLINE((#3074,#3075,#3076,#3077,#3078,#3079,#3080,#3081,#3082));
#3074 = IFCCARTESIANPOINT((445.9601665199734,2075.05341232894,0.));
#3075 = IFCCARTESIANPOINT((444.83787025699434,2074.881563069062,0.));
#3076 = IFCCARTESIANPOINT((443.813558221139,2074.70368401059,0.));
#3077 = IFCCARTESIANPOINT((442.88723041240735,2074.519775153527,0.));
#3078 = IFCCARTESIANPOINT((442.05888683079957,2074.3298364978723,0.));
#3079 = IFCCARTESIANPOINT((441.32852747631546,2074.1338680436247,0.));
#3080 = IFCCARTESIANPOINT((440.69615234895514,2073.9318697907847,0.));
#3081 = IFCCARTESIANPOINT((440.1617614487186,2073.723841739353,0.));
#3082 = IFCCARTESIANPOINT((445.9601665199734,2075.05341232894,0.));
#3083 = IFCPOLYLINE((#3084,#3085));
#3084 = IFCCARTESIANPOINT((440.1617614487186,2073.723841739353,0.));
#3085 = IFCCARTESIANPOINT((440.1617614487186,2073.723841739353,0.));
#3086 = IFCPOLYLINE((#3087,#3088,#3089,#3090,#3091,#3092,#3093,#3094,#3095));
#3087 = IFCCARTESIANPOINT((440.1617614487186,2073.723841739353,0.));
#3088 = IFCCARTESIANPOINT((439.6921908833487,2073.498854879381,0.));
#3089 = IFCCARTESIANPOINT((439.25427676058774,2073.2459802009184,0.));
#3090 = IFCCARTESIANPOINT((438.8480190804361,2072.9652177039675,0.));
#3091 = IFCCARTESIANPOINT((438.4734178428938,2072.656567388528,0.));
#3092 = IFCCARTESIANPOINT((438.13047304796055,2072.320029254599,0.));
#3093 = IFCCARTESIANPOINT((437.81918469563664,2071.955603302181,0.));
#3094 = IFCCARTESIANPOINT((437.53955278592184,2071.5632895312738,0.));
#3095 = IFCCARTESIANPOINT((440.1617614487186,2073.723841739353,0.));
#3096 = IFCPOLYLINE((#3097,#3098));
#3097 = IFCCARTESIANPOINT((437.53955278592184,2071.5632895312738,0.));
#3098 = IFCCARTESIANPOINT((437.53955278592184,2071.5632895312738,0.));
#3099 = IFCPOLYLINE((#3100,#3101,#3102,#3103,#3104,#3105,#3106,#3107,#3108));
#3100 = IFCCARTESIANPOINT((437.53955278592184,2071.5632895312738,0.));
#3101 = IFCCARTESIANPOINT((437.2945922181126,2071.1506251901187,0.));
#3102 = IFCCARTESIANPOINT((437.0873178915045,2070.7251475269536,0.));
#3103 = IFCCARTESIANPOINT((436.9177298060979,2070.2868565417803,0.));
#3104 = IFCCARTESIANPOINT((436.7858279618929,2069.8357522345996,0.));
#3105 = IFCCARTESIANPOINT((436.6916123588893,2069.3718346054093,0.));
#3106 = IFCCARTESIANPOINT((436.6350829970871,2068.895103654211,0.));
#3107 = IFCCARTESIANPOINT((436.61623987648636,2068.4055593810044,0.));
#3108 = IFCCARTESIANPOINT((437.53955278592184,2071.5632895312738,0.));
#3109 = IFCPOLYLINE((#3110,#3111));
#3110 = IFCCARTESIANPOINT((436.61623987648636,2068.4055593810044,0.));
#3111 = IFCCARTESIANPOINT((436.61623987648636,2068.4055593810044,0.));
#3112 = IFCPOLYLINE((#3113,#3114,#3115,#3116,#3117,#3118,#3119,#3120,#3121));
#3113 = IFCCARTESIANPOINT((436.61623987648636,2068.4055593810044,0.));
#3114 = IFCCARTESIANPOINT((436.65731787939603,2067.6638941541605,0.));
#3115 = IFCCARTESIANPOINT((436.7805518881247,2066.958407718869,0.));
#3116 = IFCCARTESIANPOINT((436.98594190267255,2066.289100075131,0.));
#3117 = IFCCARTESIANPOINT((437.2734879230396,2065.6559712229473,0.));
#3118 = IFCCARTESIANPOINT((437.64318994922587,2065.0590211623157,0.));
#3119 = IFCCARTESIANPOINT((438.09504798123123,2064.4982498932386,0.));
#3120 = IFCCARTESIANPOINT((438.6290620190557,2063.973657415714,0.));
#3121 = IFCCARTESIANPOINT((436.61623987648636,2068.4055593810044,0.));
#3122 = IFCPOLYLINE((#3123,#3124));
#3123 = IFCCARTESIANPOINT((438.6290620190557,2063.973657415714,0.));
#3124 = IFCCARTESIANPOINT((438.6290620190557,2063.973657415714,0.));
#3125 = IFCPOLYLINE((#3126,#3127,#3128,#3129,#3130,#3131,#3132,#3133,#3134));
#3126 = IFCCARTESIANPOINT((438.6290620190557,2063.973657415714,0.));
#3127 = IFCCARTESIANPOINT((439.2422171634034,2063.5033331255204,0.));
#3128 = IFCCARTESIANPOINT((439.93149851497776,2063.105366418433,0.));
#3129 = IFCCARTESIANPOINT((440.69690607377913,2062.779757294452,0.));
#3130 = IFCCARTESIANPOINT((441.53843983980755,2062.526505753579,0.));
#3131 = IFCCARTESIANPOINT((442.4560998130628,2062.3456117958117,0.));
#3132 = IFCCARTESIANPOINT((443.449885993545,2062.2370754211515,0.));
#3133 = IFCCARTESIANPOINT((444.5197983812541,2062.200896629598,0.));
#3134 = IFCCARTESIANPOINT((438.6290620190557,2063.973657415714,0.));
#3135 = IFCPOLYLINE((#3136,#3137));
#3136 = IFCCARTESIANPOINT((444.5197983812541,2062.200896629598,0.));
#3137 = IFCCARTESIANPOINT((444.5197983812541,2062.200896629598,0.));
#3138 = IFCPOLYLINE((#3139,#3140,#3141,#3142,#3143,#3144,#3145,#3146,#3147));
#3139 = IFCCARTESIANPOINT((444.5197983812541,2062.200896629598,0.));
#3140 = IFCCARTESIANPOINT((445.5998860540877,2062.235191109092,0.));
#3141 = IFCCARTESIANPOINT((446.6453023850158,2062.3380745475715,0.));
#3142 = IFCCARTESIANPOINT((447.6560473740385,2062.5095469450375,0.));
#3143 = IFCCARTESIANPOINT((448.6321210211562,2062.749608301491,0.));
#3144 = IFCCARTESIANPOINT((449.5735233263683,2063.0582586169307,0.));
#3145 = IFCCARTESIANPOINT((450.48025428967514,2063.4354978913575,0.));
#3146 = IFCCARTESIANPOINT((451.35231391107664,2063.8813261247706,0.));
#3147 = IFCCARTESIANPOINT((444.5197983812541,2062.200896629598,0.));
#3148 = IFCPOLYLINE((#3149,#3150));
#3149 = IFCCARTESIANPOINT((451.35231391107664,2063.8813261247706,0.));
#3150 = IFCCARTESIANPOINT((451.35231391107664,2063.8813261247706,0.));
#3151 = IFCPOLYLINE((#3152,#3153,#3154,#3155,#3156,#3157,#3158,#3159,#3160));
#3152 = IFCCARTESIANPOINT((451.35231391107664,2063.8813261247706,0.));
#3153 = IFCCARTESIANPOINT((452.17462769409235,2064.3866986192825,0.));
#3154 = IFCCARTESIANPOINT((452.93212114224133,2064.9425706770035,0.));
#3155 = IFCCARTESIANPOINT((453.6247942555239,2065.5489422979344,0.));
#3156 = IFCCARTESIANPOINT((454.2526470339401,2066.2058134820763,0.));
#3157 = IFCCARTESIANPOINT((454.81567947748977,2066.9131842294273,0.));
#3158 = IFCCARTESIANPOINT((455.3138915861729,2067.6710545399883,0.));
#3159 = IFCCARTESIANPOINT((455.7472833599895,2068.4794244137593,0.));
#3160 = IFCCARTESIANPOINT((451.35231391107664,2063.8813261247706,0.));
#3161 = IFCPOLYLINE((#3162,#3163));
#3162 = IFCCARTESIANPOINT((455.7472833599895,2068.4794244137593,0.));
#3163 = IFCCARTESIANPOINT((455.7472833599895,2068.4794244137593,0.));
#3164 = IFCPOLYLINE((#3165,#3166,#3167,#3168,#3169,#3170,#3171,#3172,#3173));
#3165 = IFCCARTESIANPOINT((455.7472833599895,2068.4794244137593,0.));
#3166 = IFCCARTESIANPOINT((456.03143761864857,2069.1668214532738,0.));
#3167 = IFCCARTESIANPOINT((456.2718758375137,2069.9416505723757,0.));
#3168 = IFCCARTESIANPOINT((456.4685980165852,2070.803911771064,0.));
#3169 = IFCCARTESIANPOINT((456.62160415586317,2071.7536050493413,0.));
#3170 = IFCCARTESIANPOINT((456.7308942553473,2072.790730407205,0.));
#3171 = IFCCARTESIANPOINT((456.7964683150379,2073.915287844656,0.));
#3172 = IFCCARTESIANPOINT((456.8183263349347,2075.1272773616947,0.));
#3173 = IFCCARTESIANPOINT((455.7472833599895,2068.4794244137593,0.));
#3174 = IFCPOLYLINE((#3175,#3176,#3177));
#3175 = IFCCARTESIANPOINT((456.8183263349347,2075.1272773616947,0.));
#3176 = IFCCARTESIANPOINT((456.8183263349347,2077.5648234426044,0.));
#3177 = IFCCARTESIANPOINT((456.8183263349347,2075.1272773616947,0.));
#3178 = IFCPOLYLINE((#3179,#3180,#3181,#3182));
#3179 = IFCCARTESIANPOINT((488.3586953212507,2063.8259273502044,0.));
#3180 = IFCCARTESIANPOINT((489.3189407470636,2057.953657246195,0.));
#3181 = IFCCARTESIANPOINT((489.3189407470636,2057.953657246195,0.));
#3182 = IFCCARTESIANPOINT((488.3586953212507,2063.8259273502044,0.));
#3183 = IFCPOLYLINE((#3184,#3185,#3186,#3187,#3188,#3189,#3190,#3191,#3192));
#3184 = IFCCARTESIANPOINT((489.3189407470636,2057.953657246195,0.));
#3185 = IFCCARTESIANPOINT((488.52903713148135,2057.796882482797,0.));
#3186 = IFCCARTESIANPOINT((487.76325271026786,2057.664226913768,0.));
#3187 = IFCCARTESIANPOINT((487.0215874834232,2057.555690539107,0.));
#3188 = IFCCARTESIANPOINT((486.3040414509478,2057.4712733588162,0.));
#3189 = IFCCARTESIANPOINT((485.6106146128411,2057.410975372894,0.));
#3190 = IFCCARTESIANPOINT((484.9413069691034,2057.374796581341,0.));
#3191 = IFCCARTESIANPOINT((484.2961185197346,2057.362736984156,0.));
#3192 = IFCCARTESIANPOINT((489.3189407470636,2057.953657246195,0.));
#3193 = IFCPOLYLINE((#3194,#3195));
#3194 = IFCCARTESIANPOINT((484.2961185197346,2057.362736984156,0.));
#3195 = IFCCARTESIANPOINT((484.2961185197346,2057.362736984156,0.));
#3196 = IFCPOLYLINE((#3197,#3198,#3199,#3200,#3201,#3202,#3203,#3204,#3205));
#3197 = IFCCARTESIANPOINT((484.2961185197346,2057.362736984156,0.));
#3198 = IFCCARTESIANPOINT((483.29517195342424,2057.386102453702,0.));
#3199 = IFCCARTESIANPOINT((482.3605531716283,2057.4561988623354,0.));
#3200 = IFCCARTESIANPOINT((481.49226217434676,2057.5730262100597,0.));
#3201 = IFCCARTESIANPOINT((480.6902989615801,2057.7365844968745,0.));
#3202 = IFCCARTESIANPOINT((479.9546635333278,2057.9468737227785,0.));
#3203 = IFCCARTESIANPOINT((479.28535588959005,2058.203893887772,0.));
#3204 = IFCCARTESIANPOINT((478.68237603036687,2058.507644991856,0.));
#3205 = IFCCARTESIANPOINT((484.2961185197346,2057.362736984156,0.));
#3206 = IFCPOLYLINE((#3207,#3208));
#3207 = IFCCARTESIANPOINT((478.68237603036687,2058.507644991856,0.));
#3208 = IFCCARTESIANPOINT((478.68237603036687,2058.507644991856,0.));
#3209 = IFCPOLYLINE((#3210,#3211,#3212,#3213,#3214,#3215,#3216,#3217,#3218));
#3210 = IFCCARTESIANPOINT((478.68237603036687,2058.507644991856,0.));
#3211 = IFCCARTESIANPOINT((478.1366792577701,2058.8494591995536,0.));
#3212 = IFCCARTESIANPOINT((477.6392208739108,2059.2206686753875,0.));
#3213 = IFCCARTESIANPOINT((477.19000087878953,2059.6212734193587,0.));
#3214 = IFCCARTESIANPOINT((476.7890192724061,2060.0512734314675,0.));
#3215 = IFCCARTESIANPOINT((476.4362760547606,2060.510668711713,0.));
#3216 = IFCCARTESIANPOINT((476.13177122585284,2060.999459260096,0.));
#3217 = IFCCARTESIANPOINT((475.875504785683,2061.5176450766157,0.));
#3218 = IFCCARTESIANPOINT((478.68237603036687,2058.507644991856,0.));
#3219 = IFCPOLYLINE((#3220,#3221));
#3220 = IFCCARTESIANPOINT((475.875504785683,2061.5176450766157,0.));
#3221 = IFCCARTESIANPOINT((475.875504785683,2061.5176450766157,0.));
#3222 = IFCPOLYLINE((#3223,#3224,#3225,#3226,#3227,#3228,#3229,#3230,#3231));
#3223 = IFCCARTESIANPOINT((475.875504785683,2061.5176450766157,0.));
#3224 = IFCCARTESIANPOINT((475.6599394860109,2062.134568845084,0.));
#3225 = IFCCARTESIANPOINT((475.47753807859567,2062.91957324931,0.));
#3226 = IFCCARTESIANPOINT((475.32830056343795,2063.872658289294,0.));
#3227 = IFCCARTESIANPOINT((475.21222694053756,2064.9938239650373,0.));
#3228 = IFCCARTESIANPOINT((475.12931720989434,2066.283070276539,0.));
#3229 = IFCCARTESIANPOINT((475.07957137150845,2067.740397223799,0.));
#3230 = IFCCARTESIANPOINT((475.0629894253798,2069.3658048068173,0.));
#3231 = IFCCARTESIANPOINT((475.875504785683,2061.5176450766157,0.));
#3232 = IFCPOLYLINE((#3233,#3234,#3235,#3236,#3237,#3238,#3239,#3240,#3241,#3242,#3243,#3244,#3245,#3246));
#3233 = IFCCARTESIANPOINT((475.0629894253798,2069.3658048068173,0.));
#3234 = IFCCARTESIANPOINT((475.0629894253798,2091.9315723134205,0.));
#3235 = IFCCARTESIANPOINT((470.18789726356044,2091.9315723134205,0.));
#3236 = IFCCARTESIANPOINT((470.18789726356044,2097.102124606259,0.));
#3237 = IFCCARTESIANPOINT((475.0629894253798,2097.102124606259,0.));
#3238 = IFCCARTESIANPOINT((475.0629894253798,2106.8153764135204,0.));
#3239 = IFCCARTESIANPOINT((481.6739098569378,2110.8040881822817,0.));
#3240 = IFCCARTESIANPOINT((481.6739098569378,2097.102124606259,0.));
#3241 = IFCCARTESIANPOINT((488.3586953212507,2097.102124606259,0.));
#3242 = IFCCARTESIANPOINT((488.3586953212507,2091.9315723134205,0.));
#3243 = IFCCARTESIANPOINT((481.6739098569378,2091.9315723134205,0.));
#3244 = IFCCARTESIANPOINT((481.6739098569378,2068.996479643043,0.));
#3245 = IFCCARTESIANPOINT((481.6739098569378,2068.996479643043,0.));
#3246 = IFCCARTESIANPOINT((475.0629894253798,2069.3658048068173,0.));
#3247 = IFCPOLYLINE((#3248,#3249,#3250,#3251,#3252,#3253,#3254,#3255,#3256));
#3248 = IFCCARTESIANPOINT((481.6739098569378,2068.996479643043,0.));
#3249 = IFCCARTESIANPOINT((481.6810702427662,2068.225419148062,0.));
#3250 = IFCCARTESIANPOINT((481.7025514002509,2067.537268383723,0.));
#3251 = IFCCARTESIANPOINT((481.7383533293923,2066.9320273500275,0.));
#3252 = IFCCARTESIANPOINT((481.7884760301903,2066.409696046976,0.));
#3253 = IFCCARTESIANPOINT((481.8529195026447,2065.970274474567,0.));
#3254 = IFCCARTESIANPOINT((481.93168374675577,2065.6137626328014,0.));
#3255 = IFCCARTESIANPOINT((482.0247687625233,2065.3401605216786,0.));
#3256 = IFCCARTESIANPOINT((481.6739098569378,2068.996479643043,0.));
#3257 = IFCPOLYLINE((#3258,#3259));
#3258 = IFCCARTESIANPOINT((482.0247687625233,2065.3401605216786,0.));
#3259 = IFCCARTESIANPOINT((482.0247687625233,2065.3401605216786,0.));
#3260 = IFCPOLYLINE((#3261,#3262,#3263,#3264,#3265,#3266,#3267,#3268,#3269));
#3261 = IFCCARTESIANPOINT((482.0247687625233,2065.3401605216786,0.));
#3262 = IFCCARTESIANPOINT((482.13405886200763,2065.1147967992947,0.));
#3263 = IFCCARTESIANPOINT((482.26143835726845,2064.903000123742,0.));
#3264 = IFCCARTESIANPOINT((482.4069072483059,2064.7047704950223,0.));
#3265 = IFCCARTESIANPOINT((482.5704655351203,2064.5201079131352,0.));
#3266 = IFCCARTESIANPOINT((482.7521132177112,2064.3490123780807,0.));
#3267 = IFCCARTESIANPOINT((482.95185029607893,2064.191483889859,0.));
#3268 = IFCCARTESIANPOINT((483.1696767702233,2064.047522448469,0.));
#3269 = IFCCARTESIANPOINT((482.0247687625233,2065.3401605216786,0.));
#3270 = IFCPOLYLINE((#3271,#3272));
#3271 = IFCCARTESIANPOINT((483.1696767702233,2064.047522448469,0.));
#3272 = IFCCARTESIANPOINT((483.1696767702233,2064.047522448469,0.));
#3273 = IFCPOLYLINE((#3274,#3275,#3276,#3277,#3278,#3279,#3280,#3281,#3282));
#3274 = IFCCARTESIANPOINT((483.1696767702233,2064.047522448469,0.));
#3275 = IFCCARTESIANPOINT((483.41049185150064,2063.9201429532086,0.));
#3276 = IFCCARTESIANPOINT((483.6791947512669,2063.812360303372,0.));
#3277 = IFCCARTESIANPOINT((483.97578546952224,2063.7241744989606,0.));
#3278 = IFCCARTESIANPOINT((484.3002640062668,2063.6555855399743,0.));
#3279 = IFCCARTESIANPOINT((484.6526303615003,2063.606593426412,0.));
#3280 = IFCCARTESIANPOINT((485.03288453522293,2063.5771981582748,0.));
#3281 = IFCCARTESIANPOINT((485.4410265274346,2063.5673997355625,0.));
#3282 = IFCCARTESIANPOINT((483.1696767702233,2064.047522448469,0.));
#3283 = IFCPOLYLINE((#3284,#3285));
#3284 = IFCCARTESIANPOINT((485.4410265274346,2063.5673997355625,0.));
#3285 = IFCCARTESIANPOINT((485.4410265274346,2063.5673997355625,0.));
#3286 = IFCPOLYLINE((#3287,#3288,#3289,#3290,#3291,#3292,#3293,#3294,#3295));
#3287 = IFCCARTESIANPOINT((485.4410265274346,2063.5673997355625,0.));
#3288 = IFCCARTESIANPOINT((485.7719117251834,2063.572675809331,0.));
#3289 = IFCCARTESIANPOINT((486.13143846624513,2063.5885040306352,0.));
#3290 = IFCCARTESIANPOINT((486.51960675061997,2063.614884399476,0.));
#3291 = IFCCARTESIANPOINT((486.93641657830807,2063.651816915854,0.));
#3292 = IFCCARTESIANPOINT((487.38186794930914,2063.6993015797675,0.));
#3293 = IFCCARTESIANPOINT((487.8559608636234,2063.7573383912177,0.));
#3294 = IFCCARTESIANPOINT((488.3586953212507,2063.8259273502044,0.));
#3295 = IFCCARTESIANPOINT((485.4410265274346,2063.5673997355625,0.));
#3296 = IFCPOLYLINE((#3297,#3298,#3299,#3300));
#3297 = IFCCARTESIANPOINT((521.7087576100603,2070.5107128145173,0.));
#3298 = IFCCARTESIANPOINT((528.5782056562603,2069.6612649378367,0.));
#3299 = IFCCARTESIANPOINT((528.5782056562603,2069.6612649378367,0.));
#3300 = IFCCARTESIANPOINT((521.7087576100603,2070.5107128145173,0.));
#3301 = IFCPOLYLINE((#3302,#3303,#3304,#3305,#3306,#3307,#3308,#3309,#3310));
#3302 = IFCCARTESIANPOINT((528.5782056562603,2069.6612649378367,0.));
#3303 = IFCCARTESIANPOINT((528.0573818028564,2067.996286801557,0.));
#3304 = IFCCARTESIANPOINT((527.4234992258479,2066.441352489585,0.));
#3305 = IFCCARTESIANPOINT((526.6765579252351,2064.9964620019214,0.));
#3306 = IFCCARTESIANPOINT((525.8165579010182,2063.661615338566,0.));
#3307 = IFCCARTESIANPOINT((524.8434991531967,2062.436812499519,0.));
#3308 = IFCCARTESIANPOINT((523.757381681771,2061.3220534847806,0.));
#3309 = IFCCARTESIANPOINT((522.5582054867409,2060.3173382943496,0.));
#3310 = IFCCARTESIANPOINT((528.5782056562603,2069.6612649378367,0.));
#3311 = IFCPOLYLINE((#3312,#3313));
#3312 = IFCCARTESIANPOINT((522.5582054867409,2060.3173382943496,0.));
#3313 = IFCCARTESIANPOINT((522.5582054867409,2060.3173382943496,0.));
#3314 = IFCPOLYLINE((#3315,#3316,#3317,#3318,#3319,#3320,#3321,#3322,#3323));
#3315 = IFCCARTESIANPOINT((522.5582054867409,2060.3173382943496,0.));
#3316 = IFCCARTESIANPOINT((521.2527540915229,2059.4354802502367,0.));
#3317 = IFCCARTESIANPOINT((519.8478110195327,2058.689292674447,0.));
#3318 = IFCCARTESIANPOINT((518.3433762707708,2058.0787755669835,0.));
#3319 = IFCCARTESIANPOINT((516.7394498452373,2057.6039289278456,0.));
#3320 = IFCCARTESIANPOINT((515.0360317429319,2057.2647527570325,0.));
#3321 = IFCCARTESIANPOINT((513.2331219638545,2057.0612470545443,0.));
#3322 = IFCCARTESIANPOINT((511.33072050800547,2056.993411820382,0.));
#3323 = IFCCARTESIANPOINT((522.5582054867409,2060.3173382943496,0.));
#3324 = IFCPOLYLINE((#3325,#3326));
#3325 = IFCCARTESIANPOINT((511.33072050800547,2056.993411820382,0.));
#3326 = IFCCARTESIANPOINT((511.33072050800547,2056.993411820382,0.));
#3327 = IFCPOLYLINE((#3328,#3329,#3330,#3331,#3332,#3333,#3334,#3335,#3336));
#3328 = IFCCARTESIANPOINT((511.33072050800547,2056.993411820382,0.));
#3329 = IFCCARTESIANPOINT((508.94480457754184,2057.10157133263,0.));
#3330 = IFCCARTESIANPOINT((506.70435753811574,2057.4260498693748,0.));
#3331 = IFCCARTESIANPOINT((504.60937938972705,2057.966847430615,0.));
#3332 = IFCCARTESIANPOINT((502.65987013237634,2058.7239640163525,0.));
#3333 = IFCCARTESIANPOINT((500.8558297660629,2059.6973996265856,0.));
#3334 = IFCCARTESIANPOINT((499.19725829078726,2060.8871542613156,0.));
#3335 = IFCCARTESIANPOINT((497.68415570654906,2062.2932279205415,0.));
#3336 = IFCCARTESIANPOINT((511.33072050800547,2056.993411820382,0.));
#3337 = IFCPOLYLINE((#3338,#3339));
#3338 = IFCCARTESIANPOINT((497.68415570654906,2062.2932279205415,0.));
#3339 = IFCCARTESIANPOINT((497.68415570654906,2062.2932279205415,0.));
#3340 = IFCPOLYLINE((#3341,#3342,#3343,#3344,#3345,#3346,#3347,#3348,#3349));
#3341 = IFCCARTESIANPOINT((497.68415570654906,2062.2932279205415,0.));
#3342 = IFCCARTESIANPOINT((496.34667100630975,2063.8945163091917,0.));
#3343 = IFCCARTESIANPOINT((495.21495318303016,2065.6699151321914,0.));
#3344 = IFCCARTESIANPOINT((494.28900223671053,2067.619424389542,0.));
#3345 = IFCCARTESIANPOINT((493.56881816735097,2069.743044081244,0.));
#3346 = IFCCARTESIANPOINT((493.05440097495114,2072.040774207296,0.));
#3347 = IFCCARTESIANPOINT((492.7457506595113,2074.5126147676992,0.));
#3348 = IFCCARTESIANPOINT((492.64286722103134,2077.158565762453,0.));
#3349 = IFCCARTESIANPOINT((497.68415570654906,2062.2932279205415,0.));
#3350 = IFCPOLYLINE((#3351,#3352));
#3351 = IFCCARTESIANPOINT((492.64286722103134,2077.158565762453,0.));
#3352 = IFCCARTESIANPOINT((492.64286722103134,2077.158565762453,0.));
#3353 = IFCPOLYLINE((#3354,#3355,#3356,#3357,#3358,#3359,#3360,#3361,#3362));
#3354 = IFCCARTESIANPOINT((492.64286722103134,2077.158565762453,0.));
#3355 = IFCCARTESIANPOINT((492.7468812467475,2079.896094323327,0.));
#3356 = IFCCARTESIANPOINT((493.0589233238953,2082.452728926432,0.));
#3357 = IFCCARTESIANPOINT((493.5789934524753,2084.828469571771,0.));
#3358 = IFCCARTESIANPOINT((494.3070916324873,2087.023316259344,0.));
#3359 = IFCCARTESIANPOINT((495.24321786393125,2089.037268989149,0.));
#3360 = IFCCARTESIANPOINT((496.38737214680725,2090.8703277611876,0.));
#3361 = IFCCARTESIANPOINT((497.7395544811152,2092.522492575459,0.));
#3362 = IFCCARTESIANPOINT((492.64286722103134,2077.158565762453,0.));
#3363 = IFCPOLYLINE((#3364,#3365));
#3364 = IFCCARTESIANPOINT((497.7395544811152,2092.522492575459,0.));
#3365 = IFCCARTESIANPOINT((497.7395544811152,2092.522492575459,0.));
#3366 = IFCPOLYLINE((#3367,#3368,#3369,#3370,#3371,#3372,#3373,#3374,#3375));
#3367 = IFCCARTESIANPOINT((497.7395544811152,2092.522492575459,0.));
#3368 = IFCCARTESIANPOINT((499.25755627670964,2093.9726591368913,0.));
#3369 = IFCCARTESIANPOINT((500.8991689434446,2095.19972315041,0.));
#3370 = IFCCARTESIANPOINT((502.66439248132036,2096.2036846160167,0.));
#3371 = IFCCARTESIANPOINT((504.55322689033704,2096.9845435337106,0.));
#3372 = IFCCARTESIANPOINT((506.5656721704944,2097.542299903492,0.));
#3373 = IFCCARTESIANPOINT((508.7017283217924,2097.876953725361,0.));
#3374 = IFCCARTESIANPOINT((510.9613953442313,2097.9885049993172,0.));
#3375 = IFCCARTESIANPOINT((497.7395544811152,2092.522492575459,0.));
#3376 = IFCPOLYLINE((#3377,#3378));
#3377 = IFCCARTESIANPOINT((510.9613953442313,2097.9885049993172,0.));
#3378 = IFCCARTESIANPOINT((510.9613953442313,2097.9885049993172,0.));
#3379 = IFCPOLYLINE((#3380,#3381,#3382,#3383,#3384,#3385,#3386,#3387,#3388));
#3380 = IFCCARTESIANPOINT((510.9613953442313,2097.9885049993172,0.));
#3381 = IFCCARTESIANPOINT((513.1502122332115,2097.8792148998336,0.));
#3382 = IFCCARTESIANPOINT((515.221448049643,2097.5513446013806,0.));
#3383 = IFCCARTESIANPOINT((517.1751027935261,2097.0048941039595,0.));
#3384 = IFCCARTESIANPOINT((519.0111764648607,2096.2398634075703,0.));
#3385 = IFCCARTESIANPOINT((520.7296690636467,2095.256252512212,0.));
#3386 = IFCCARTESIANPOINT((522.3305805898842,2094.0540614178863,0.));
#3387 = IFCCARTESIANPOINT((523.8139110435732,2092.6332901245914,0.));
#3388 = IFCCARTESIANPOINT((510.9613953442313,2097.9885049993172,0.));
#3389 = IFCPOLYLINE((#3390,#3391));
#3390 = IFCCARTESIANPOINT((523.8139110435732,2092.6332901245914,0.));
#3391 = IFCCARTESIANPOINT((523.8139110435732,2092.6332901245914,0.));
#3392 = IFCPOLYLINE((#3393,#3394,#3395,#3396,#3397,#3398,#3399,#3400,#3401));
#3393 = IFCCARTESIANPOINT((523.8139110435732,2092.6332901245914,0.));
#3394 = IFCCARTESIANPOINT((525.1366981097442,2091.0142892025774,0.));
#3395 = IFCCARTESIANPOINT((526.255979473427,2089.217409222092,0.));
#3396 = IFCCARTESIANPOINT((527.1717551346221,2087.242650183136,0.));
#3397 = IFCCARTESIANPOINT((527.8840250933296,2085.09001208571,0.));
#3398 = IFCCARTESIANPOINT((528.3927893495492,2082.759494929812,0.));
#3399 = IFCCARTESIANPOINT((528.6980479032809,2080.2510987154437,0.));
#3400 = IFCCARTESIANPOINT((528.7998007545248,2077.5648234426044,0.));
#3401 = IFCCARTESIANPOINT((523.8139110435732,2092.6332901245914,0.));
#3402 = IFCPOLYLINE((#3403,#3404));
#3403 = IFCCARTESIANPOINT((528.7998007545248,2077.5648234426044,0.));
#3404 = IFCCARTESIANPOINT((528.7998007545248,2077.5648234426044,0.));
#3405 = IFCPOLYLINE((#3406,#3407,#3408,#3409,#3410,#3411,#3412,#3413,#3414));
#3406 = IFCCARTESIANPOINT((528.7998007545248,2077.5648234426044,0.));
#3407 = IFCCARTESIANPOINT((528.7990470297008,2077.383929484838,0.));
#3408 = IFCCARTESIANPOINT((528.7967858552287,2077.1789163327016,0.));
#3409 = IFCCARTESIANPOINT((528.7930172311085,2076.9497839861965,0.));
#3410 = IFCCARTESIANPOINT((528.7877411573403,2076.696532445323,0.));
#3411 = IFCCARTESIANPOINT((528.780957633924,2076.4191617100805,0.));
#3412 = IFCCARTESIANPOINT((528.7726666608597,2076.1176717804688,0.));
#3413 = IFCCARTESIANPOINT((528.7628682381473,2075.7920626564883,0.));
#3414 = IFCCARTESIANPOINT((528.7998007545248,2077.5648234426044,0.));
#3415 = IFCPOLYLINE((#3416,#3417,#3418,#3419));
#3416 = IFCCARTESIANPOINT((528.7628682381473,2075.7920626564883,0.));
#3417 = IFCCARTESIANPOINT((499.5123152672313,2075.7920626564883,0.));
#3418 = IFCCARTESIANPOINT((499.5123152672313,2075.7920626564883,0.));
#3419 = IFCCARTESIANPOINT((528.7628682381473,2075.7920626564883,0.));
#3420 = IFCPOLYLINE((#3421,#3422,#3423,#3424,#3425,#3426,#3427,#3428,#3429));
#3421 = IFCCARTESIANPOINT((499.5123152672313,2075.7920626564883,0.));
#3422 = IFCCARTESIANPOINT((499.6773810036938,2074.0072422731882,0.));
#3423 = IFCCARTESIANPOINT((499.9615352623526,2072.346032761028,0.));
#3424 = IFCCARTESIANPOINT((500.364778043208,2070.8084341200088,0.));
#3425 = IFCCARTESIANPOINT((500.88710934626016,2069.3944463501307,0.));
#3426 = IFCCARTESIANPOINT((501.5285291715088,2068.104069451393,0.));
#3427 = IFCCARTESIANPOINT((502.28903751895405,2066.937303423796,0.));
#3428 = IFCCARTESIANPOINT((503.1686343885958,2065.89414826734,0.));
#3429 = IFCCARTESIANPOINT((499.5123152672313,2075.7920626564883,0.));
#3430 = IFCPOLYLINE((#3431,#3432));
#3431 = IFCCARTESIANPOINT((503.1686343885958,2065.89414826734,0.));
#3432 = IFCCARTESIANPOINT((503.1686343885958,2065.89414826734,0.));
#3433 = IFCPOLYLINE((#3434,#3435,#3436,#3437,#3438,#3439,#3440,#3441,#3442));
#3434 = IFCCARTESIANPOINT((503.1686343885958,2065.89414826734,0.));
#3435 = IFCCARTESIANPOINT((504.1409394115933,2064.9828949550893,0.));
#3436 = IFCCARTESIANPOINT((505.1795722191051,2064.2118344601076,0.));
#3437 = IFCCARTESIANPOINT((506.2845328111315,2063.5809667823946,0.));
#3438 = IFCCARTESIANPOINT((507.45582118767265,2063.0902919219525,0.));
#3439 = IFCCARTESIANPOINT((508.69343734872814,2062.7398098787785,0.));
#3440 = IFCCARTESIANPOINT((509.99738129429824,2062.5295206528745,0.));
#3441 = IFCCARTESIANPOINT((511.3676530243829,2062.45942424424,0.));
#3442 = IFCCARTESIANPOINT((503.1686343885958,2065.89414826734,0.));
#3443 = IFCPOLYLINE((#3444,#3445));
#3444 = IFCCARTESIANPOINT((511.3676530243829,2062.45942424424,0.));
#3445 = IFCCARTESIANPOINT((511.3676530243829,2062.45942424424,0.));
#3446 = IFCPOLYLINE((#3447,#3448,#3449,#3450,#3451,#3452,#3453,#3454,#3455));
#3447 = IFCCARTESIANPOINT((511.3676530243829,2062.45942424424,0.));
#3448 = IFCCARTESIANPOINT((512.3904576105903,2062.49861793509,0.));
#3449 = IFCCARTESIANPOINT((513.3695461570038,2062.616199007638,0.));
#3450 = IFCCARTESIANPOINT((514.3049186636238,2062.8121674618856,0.));
#3451 = IFCCARTESIANPOINT((515.1965751304501,2063.086523297832,0.));
#3452 = IFCCARTESIANPOINT((516.0445155574827,2063.4392665154774,0.));
#3453 = IFCCARTESIANPOINT((516.8487399447215,2063.8703971148225,0.));
#3454 = IFCCARTESIANPOINT((517.6092482921667,2064.3799150958657,0.));
#3455 = IFCCARTESIANPOINT((511.3676530243829,2062.45942424424,0.));
#3456 = IFCPOLYLINE((#3457,#3458));
#3457 = IFCCARTESIANPOINT((517.6092482921667,2064.3799150958657,0.));
#3458 = IFCCARTESIANPOINT((517.6092482921667,2064.3799150958657,0.));
#3459 = IFCPOLYLINE((#3460,#3461,#3462,#3463,#3464,#3465,#3466,#3467,#3468));
#3460 = IFCCARTESIANPOINT((517.6092482921667,2064.3799150958657,0.));
#3461 = IFCCARTESIANPOINT((518.3260405998184,2064.975357706849,0.));
#3462 = IFCCARTESIANPOINT((518.9991168676761,2065.6642621960114,0.));
#3463 = IFCCARTESIANPOINT((519.6284770957403,2066.446628563353,0.));
#3464 = IFCCARTESIANPOINT((520.2141212840108,2067.3224568088754,0.));
#3465 = IFCCARTESIANPOINT((520.7560494324877,2068.291746932576,0.));
#3466 = IFCCARTESIANPOINT((521.2542615411709,2069.354498934457,0.));
#3467 = IFCCARTESIANPOINT((521.7087576100603,2070.5107128145173,0.));
#3468 = IFCCARTESIANPOINT((517.6092482921667,2064.3799150958657,0.));
#3469 = IFCPOLYLINE((#3470,#3471));
#3470 = IFCCARTESIANPOINT((521.7826226428151,2081.2580750803463,0.));
#3471 = IFCCARTESIANPOINT((521.7826226428151,2081.2580750803463,0.));
#3472 = IFCPOLYLINE((#3473,#3474,#3475,#3476,#3477,#3478,#3479,#3480,#3481));
#3473 = IFCCARTESIANPOINT((521.7826226428151,2081.2580750803463,0.));
#3474 = IFCCARTESIANPOINT((521.6228329801211,2082.621563287015,0.));
#3475 = IFCCARTESIANPOINT((521.3967155329123,2083.8840523672634,0.));
#3476 = IFCCARTESIANPOINT((521.104270301189,2085.0455423210915,0.));
#3477 = IFCCARTESIANPOINT((520.7454972849513,2086.106033148501,0.));
#3478 = IFCCARTESIANPOINT((520.3203964841989,2087.0655248494895,0.));
#3479 = IFCCARTESIANPOINT((519.8289678989321,2087.9240174240585,0.));
#3480 = IFCCARTESIANPOINT((519.2712115291506,2088.6815108722076,0.));
#3481 = IFCCARTESIANPOINT((521.7826226428151,2081.2580750803463,0.));
#3482 = IFCPOLYLINE((#3483,#3484));
#3483 = IFCCARTESIANPOINT((519.2712115291506,2088.6815108722076,0.));
#3484 = IFCCARTESIANPOINT((519.2712115291506,2088.6815108722076,0.));
#3485 = IFCPOLYLINE((#3486,#3487,#3488,#3489,#3490,#3491,#3492,#3493,#3494));
#3486 = IFCCARTESIANPOINT((519.2712115291506,2088.6815108722076,0.));
#3487 = IFCCARTESIANPOINT((518.3252868749944,2089.7005468342954,0.));
#3488 = IFCCARTESIANPOINT((517.3024822887869,2090.562808032984,0.));
#3489 = IFCCARTESIANPOINT((516.2027977705286,2091.2682944682747,0.));
#3490 = IFCCARTESIANPOINT((515.0262333202195,2091.817006140168,0.));
#3491 = IFCCARTESIANPOINT((513.7727889378593,2092.208943048663,0.));
#3492 = IFCCARTESIANPOINT((512.4424646234482,2092.44410519376,0.));
#3493 = IFCCARTESIANPOINT((511.0352603769861,2092.522492575459,0.));
#3494 = IFCCARTESIANPOINT((519.2712115291506,2088.6815108722076,0.));
#3495 = IFCPOLYLINE((#3496,#3497));
#3496 = IFCCARTESIANPOINT((511.0352603769861,2092.522492575459,0.));
#3497 = IFCCARTESIANPOINT((511.0352603769861,2092.522492575459,0.));
#3498 = IFCPOLYLINE((#3499,#3500,#3501,#3502,#3503,#3504,#3505,#3506,#3507));
#3499 = IFCCARTESIANPOINT((511.0352603769861,2092.522492575459,0.));
#3500 = IFCCARTESIANPOINT((509.7565662130211,2092.4599334150653,0.));
#3501 = IFCCARTESIANPOINT((508.53741631015413,2092.2722559338813,0.));
#3502 = IFCCARTESIANPOINT((507.37781066838545,2091.9594601319095,0.));
#3503 = IFCCARTESIANPOINT((506.2777492877153,2091.5215460091486,0.));
#3504 = IFCCARTESIANPOINT((505.23723216814335,2090.958513565599,0.));
#3505 = IFCCARTESIANPOINT((504.25625930966964,2090.2703628012605,0.));
#3506 = IFCCARTESIANPOINT((503.3348307122942,2089.4570937161334,0.));
#3507 = IFCCARTESIANPOINT((511.0352603769861,2092.522492575459,0.));
#3508 = IFCPOLYLINE((#3509,#3510));
#3509 = IFCCARTESIANPOINT((503.3348307122942,2089.4570937161334,0.));
#3510 = IFCCARTESIANPOINT((503.3348307122942,2089.4570937161334,0.));
#3511 = IFCPOLYLINE((#3512,#3513,#3514,#3515,#3516,#3517,#3518,#3519,#3520));
#3512 = IFCCARTESIANPOINT((503.3348307122942,2089.4570937161334,0.));
#3513 = IFCCARTESIANPOINT((502.50008046968225,2088.5390568804664,0.));
#3514 = IFCCARTESIANPOINT((501.7791426754984,2087.5366028645076,0.));
#3515 = IFCCARTESIANPOINT((501.172017329743,2086.4497316682578,0.));
#3516 = IFCCARTESIANPOINT((500.67870443241617,2085.278443291717,0.));
#3517 = IFCCARTESIANPOINT((500.29920398351754,2084.0227377348847,0.));
#3518 = IFCCARTESIANPOINT((500.0335159830474,2082.682614997761,0.));
#3519 = IFCCARTESIANPOINT((499.8816404310055,2081.2580750803463,0.));
#3520 = IFCCARTESIANPOINT((503.3348307122942,2089.4570937161334,0.));
#3521 = IFCPOLYLINE((#3522,#3523,#3524,#3525));
#3522 = IFCCARTESIANPOINT((562.3714581415989,2057.87979221344,0.));
#3523 = IFCCARTESIANPOINT((562.3714581415989,2062.828749408014,0.));
#3524 = IFCCARTESIANPOINT((562.3714581415989,2062.828749408014,0.));
#3525 = IFCCARTESIANPOINT((562.3714581415989,2057.87979221344,0.));
#3526 = IFCPOLYLINE((#3527,#3528,#3529,#3530,#3531,#3532,#3533,#3534,#3535));
#3527 = IFCCARTESIANPOINT((562.3714581415989,2062.828749408014,0.));
#3528 = IFCCARTESIANPOINT((561.2340873821393,2061.2805986194594,0.));
#3529 = IFCCARTESIANPOINT((559.9535089061139,2059.9706248752964,0.));
#3530 = IFCCARTESIANPOINT((558.5297227135231,2058.898828175527,0.));
#3531 = IFCCARTESIANPOINT((556.9627288043671,2058.065208520151,0.));
#3532 = IFCCARTESIANPOINT((555.2525271786453,2057.469765909168,0.));
#3533 = IFCCARTESIANPOINT((553.3991178363581,2057.1125003425786,0.));
#3534 = IFCCARTESIANPOINT((551.4025007775053,2056.993411820382,0.));
#3535 = IFCCARTESIANPOINT((562.3714581415989,2062.828749408014,0.));
#3536 = IFCPOLYLINE((#3537,#3538));
#3537 = IFCCARTESIANPOINT((551.4025007775053,2056.993411820382,0.));
#3538 = IFCCARTESIANPOINT((551.4025007775053,2056.993411820382,0.));
#3539 = IFCPOLYLINE((#3540,#3541,#3542,#3543,#3544,#3545,#3546,#3547,#3548));
#3540 = IFCCARTESIANPOINT((551.4025007775053,2056.993411820382,0.));
#3541 = IFCCARTESIANPOINT((550.0778293992746,2057.0461725580644,0.));
#3542 = IFCCARTESIANPOINT((548.7840607388288,2057.20445477111,0.));
#3543 = IFCCARTESIANPOINT((547.5211947961682,2057.4682584595203,0.));
#3544 = IFCCARTESIANPOINT((546.2892315712929,2057.8375836232944,0.));
#3545 = IFCCARTESIANPOINT((545.0881710642027,2058.312430262433,0.));
#3546 = IFCCARTESIANPOINT((543.9180132748977,2058.892798376935,0.));
#3547 = IFCCARTESIANPOINT((542.778758203378,2059.578687966801,0.));
#3548 = IFCCARTESIANPOINT((551.4025007775053,2056.993411820382,0.));
#3549 = IFCPOLYLINE((#3550,#3551));
#3550 = IFCCARTESIANPOINT((542.778758203378,2059.578687966801,0.));
#3551 = IFCCARTESIANPOINT((542.778758203378,2059.578687966801,0.));
#3552 = IFCPOLYLINE((#3553,#3554,#3555,#3556,#3557,#3558,#3559,#3560,#3561));
#3553 = IFCCARTESIANPOINT((542.778758203378,2059.578687966801,0.));
#3554 = IFCCARTESIANPOINT((541.6911332823042,2060.3591700220836,0.));
#3555 = IFCCARTESIANPOINT((540.6758659443373,2061.2233155328327,0.));
#3556 = IFCCARTESIANPOINT((539.7329561894769,2062.171124499049,0.));
#3557 = IFCCARTESIANPOINT((538.8624040177235,2063.2025969207325,0.));
#3558 = IFCCARTESIANPOINT((538.0642094290768,2064.3177327978833,0.));
#3559 = IFCCARTESIANPOINT((537.338372423537,2065.516532130501,0.));
#3560 = IFCCARTESIANPOINT((536.6848930011038,2066.7989949185867,0.));
#3561 = IFCCARTESIANPOINT((542.778758203378,2059.578687966801,0.));
#3562 = IFCPOLYLINE((#3563,#3564));
#3563 = IFCCARTESIANPOINT((536.6848930011038,2066.7989949185867,0.));
#3564 = IFCCARTESIANPOINT((536.6848930011038,2066.7989949185867,0.));
#3565 = IFCPOLYLINE((#3566,#3567,#3568,#3569,#3570,#3571,#3572,#3573,#3574));
#3566 = IFCCARTESIANPOINT((536.6848930011038,2066.7989949185867,0.));
#3567 = IFCCARTESIANPOINT((536.1116852724298,2068.151554115307,0.));
#3568 = IFCCARTESIANPOINT((535.6266633481671,2069.5606426738286,0.));
#3569 = IFCCARTESIANPOINT((535.2298272283158,2071.026260594153,0.));
#3570 = IFCCARTESIANPOINT((534.921176912876,2072.5484078762797,0.));
#3571 = IFCCARTESIANPOINT((534.7007124018476,2074.1270845202084,0.));
#3572 = IFCCARTESIANPOINT((534.5684336952305,2075.7622905259395,0.));
#3573 = IFCCARTESIANPOINT((534.5243407930247,2077.454025893472,0.));
#3574 = IFCCARTESIANPOINT((536.6848930011038,2066.7989949185867,0.));
#3575 = IFCPOLYLINE((#3576,#3577));
#3576 = IFCCARTESIANPOINT((534.5243407930247,2077.454025893472,0.));
#3577 = IFCCARTESIANPOINT((534.5243407930247,2077.454025893472,0.));
#3578 = IFCPOLYLINE((#3579,#3580,#3581,#3582,#3583,#3584,#3585,#3586,#3587));
#3579 = IFCCARTESIANPOINT((534.5243407930247,2077.454025893472,0.));
#3580 = IFCCARTESIANPOINT((534.5642882086985,2079.109582469452,0.));
#3581 = IFCCARTESIANPOINT((534.6841304557189,2080.7206692808136,0.));
#3582 = IFCCARTESIANPOINT((534.8838675340864,2082.2872863275575,0.));
#3583 = IFCCARTESIANPOINT((535.1634994438014,2083.8094336096847,0.));
#3584 = IFCCARTESIANPOINT((535.5230261848632,2085.2871111271934,0.));
#3585 = IFCCARTESIANPOINT((535.962447757272,2086.7203188800845,0.));
#3586 = IFCCARTESIANPOINT((536.481764161028,2088.1090568683576,0.));
#3587 = IFCCARTESIANPOINT((534.5243407930247,2077.454025893472,0.));
#3588 = IFCPOLYLINE((#3589,#3590));
#3589 = IFCCARTESIANPOINT((536.481764161028,2088.1090568683576,0.));
#3590 = IFCCARTESIANPOINT((536.481764161028,2088.1090568683576,0.));
#3591 = IFCPOLYLINE((#3592,#3593,#3594,#3595,#3596,#3597,#3598,#3599,#3600));
#3592 = IFCCARTESIANPOINT((536.481764161028,2088.1090568683576,0.));
#3593 = IFCCARTESIANPOINT((537.0809753961312,2089.429959622469,0.));
#3594 = IFCCARTESIANPOINT((537.760081462581,2090.6596616728716,0.));
#3595 = IFCCARTESIANPOINT((538.5190823603782,2091.7981630195673,0.));
#3596 = IFCCARTESIANPOINT((539.3579780895225,2092.8454636625556,0.));
#3597 = IFCCARTESIANPOINT((540.2767686500138,2093.8015636018363,0.));
#3598 = IFCCARTESIANPOINT((541.2754540418522,2094.6664628374097,0.));
#3599 = IFCCARTESIANPOINT((542.3540342650376,2095.4401613692753,0.));
#3600 = IFCCARTESIANPOINT((536.481764161028,2088.1090568683576,0.));
#3601 = IFCPOLYLINE((#3602,#3603));
#3602 = IFCCARTESIANPOINT((542.3540342650376,2095.4401613692753,0.));
#3603 = IFCCARTESIANPOINT((542.3540342650376,2095.4401613692753,0.));
#3604 = IFCPOLYLINE((#3605,#3606,#3607,#3608,#3609,#3610,#3611,#3612,#3613));
#3605 = IFCCARTESIANPOINT((542.3540342650376,2095.4401613692753,0.));
#3606 = IFCCARTESIANPOINT((543.4914050244975,2096.11625253643,0.));
#3607 = IFCCARTESIANPOINT((544.6664620251585,2096.6883296778674,0.));
#3608 = IFCCARTESIANPOINT((545.879205267021,2097.156392793589,0.));
#3609 = IFCCARTESIANPOINT((547.1296347500852,2097.5204418835956,0.));
#3610 = IFCCARTESIANPOINT((548.4177504743507,2097.7804769478853,0.));
#3611 = IFCCARTESIANPOINT((549.7435524398176,2097.9364979864595,0.));
#3612 = IFCCARTESIANPOINT((551.107040646486,2097.9885049993172,0.));
#3613 = IFCCARTESIANPOINT((542.3540342650376,2095.4401613692753,0.));
#3614 = IFCPOLYLINE((#3615,#3616));
#3615 = IFCCARTESIANPOINT((551.107040646486,2097.9885049993172,0.));
#3616 = IFCCARTESIANPOINT((551.107040646486,2097.9885049993172,0.));
#3617 = IFCPOLYLINE((#3618,#3619,#3620,#3621,#3622,#3623,#3624,#3625,#3626));
#3618 = IFCCARTESIANPOINT((551.107040646486,2097.9885049993172,0.));
#3619 = IFCCARTESIANPOINT((552.1042185886763,2097.9579791439446,0.));
#3620 = IFCCARTESIANPOINT((553.0697400882574,2097.8664015778245,0.));
#3621 = IFCCARTESIANPOINT((554.0036051452292,2097.713772300958,0.));
#3622 = IFCCARTESIANPOINT((554.905813759592,2097.5000913133467,0.));
#3623 = IFCCARTESIANPOINT((555.7763659313455,2097.2253586149877,0.));
#3624 = IFCCARTESIANPOINT((556.6152616604898,2096.889574205883,0.));
#3625 = IFCCARTESIANPOINT((557.4225009470247,2096.4927380860317,0.));
#3626 = IFCCARTESIANPOINT((551.107040646486,2097.9885049993172,0.));
#3627 = IFCPOLYLINE((#3628,#3629));
#3628 = IFCCARTESIANPOINT((557.4225009470247,2096.4927380860317,0.));
#3629 = IFCCARTESIANPOINT((557.4225009470247,2096.4927380860317,0.));
#3630 = IFCPOLYLINE((#3631,#3632,#3633,#3634,#3635,#3636,#3637,#3638,#3639));
#3631 = IFCCARTESIANPOINT((557.4225009470247,2096.4927380860317,0.));
#3632 = IFCCARTESIANPOINT((558.1928077171825,2096.046909852619,0.));
#3633 = IFCCARTESIANPOINT((558.9209058971943,2095.564149102828,0.));
#3634 = IFCCARTESIANPOINT((559.6067954870606,2095.04445583666,0.));
#3635 = IFCCARTESIANPOINT((560.2504764867814,2094.487830054115,0.));
#3636 = IFCCARTESIANPOINT((560.8519488963565,2093.8942717551918,0.));
#3637 = IFCCARTESIANPOINT((561.411212715786,2093.2637809398916,0.));
#3638 = IFCCARTESIANPOINT((561.9282679450698,2092.596357608214,0.));
#3639 = IFCCARTESIANPOINT((557.4225009470247,2096.4927380860317,0.));
#3640 = IFCPOLYLINE((#3641,#3642,#3643,#3644,#3645,#3646));
#3641 = IFCCARTESIANPOINT((561.9282679450698,2092.596357608214,0.));
#3642 = IFCCARTESIANPOINT((561.9282679450698,2112.0228612227365,0.));
#3643 = IFCCARTESIANPOINT((568.5391883766279,2112.0228612227365,0.));
#3644 = IFCCARTESIANPOINT((568.5391883766279,2057.87979221344,0.));
#3645 = IFCCARTESIANPOINT((562.3714581415989,2057.87979221344,0.));
#3646 = IFCCARTESIANPOINT((561.9282679450698,2092.596357608214,0.));
#3647 = IFCPOLYLINE((#3648,#3649,#3650,#3651,#3652,#3653,#3654,#3655,#3656));
#3648 = IFCCARTESIANPOINT((541.3568563228473,2077.454025893472,0.));
#3649 = IFCCARTESIANPOINT((541.421676657714,2075.379021452921,0.));
#3650 = IFCCARTESIANPOINT((541.6161376623132,2073.459284326119,0.));
#3651 = IFCCARTESIANPOINT((541.9402393366457,2071.6948145130664,0.));
#3652 = IFCCARTESIANPOINT((542.3939816807112,2070.0856120137655,0.));
#3653 = IFCCARTESIANPOINT((542.9773646945096,2068.631676828213,0.));
#3654 = IFCCARTESIANPOINT((543.690388378041,2067.3330089564115,0.));
#3655 = IFCCARTESIANPOINT((544.5330527313054,2066.1896083983593,0.));
#3656 = IFCCARTESIANPOINT((541.3568563228473,2077.454025893472,0.));
#3657 = IFCPOLYLINE((#3658,#3659));
#3658 = IFCCARTESIANPOINT((544.5330527313054,2066.1896083983593,0.));
#3659 = IFCCARTESIANPOINT((544.5330527313054,2066.1896083983593,0.));
#3660 = IFCPOLYLINE((#3661,#3662,#3663,#3664,#3665,#3666,#3667,#3668,#3669));
#3661 = IFCCARTESIANPOINT((544.5330527313054,2066.1896083983593,0.));
#3662 = IFCCARTESIANPOINT((545.4639028889814,2065.1999677044096,0.));
#3663 = IFCCARTESIANPOINT((546.4414839857467,2064.3625794249133,0.));
#3664 = IFCCARTESIANPOINT((547.465796021602,2063.6774435598704,0.));
#3665 = IFCCARTESIANPOINT((548.5368389965472,2063.1445601092823,0.));
#3666 = IFCCARTESIANPOINT((549.6546129105822,2062.7639290731477,0.));
#3667 = IFCCARTESIANPOINT((550.8191177637069,2062.535550451467,0.));
#3668 = IFCCARTESIANPOINT((552.0303535559215,2062.45942424424,0.));
#3669 = IFCCARTESIANPOINT((544.5330527313054,2066.1896083983593,0.));
#3670 = IFCPOLYLINE((#3671,#3672));
#3671 = IFCCARTESIANPOINT((552.0303535559215,2062.45942424424,0.));
#3672 = IFCCARTESIANPOINT((552.0303535559215,2062.45942424424,0.));
#3673 = IFCPOLYLINE((#3674,#3675,#3676,#3677,#3678,#3679,#3680,#3681,#3682));
#3674 = IFCCARTESIANPOINT((552.0303535559215,2062.45942424424,0.));
#3675 = IFCCARTESIANPOINT((553.2487497339644,2062.532158689759,0.));
#3676 = IFCCARTESIANPOINT((554.413631449501,2062.750362026315,0.));
#3677 = IFCCARTESIANPOINT((555.5249987025317,2063.114034253909,0.));
#3678 = IFCCARTESIANPOINT((556.5828514930565,2063.6231753725406,0.));
#3679 = IFCCARTESIANPOINT((557.5871898210751,2064.27778538221,0.));
#3680 = IFCCARTESIANPOINT((558.5380136865875,2065.0778642829164,0.));
#3681 = IFCCARTESIANPOINT((559.435323089594,2066.023412074661,0.));
#3682 = IFCCARTESIANPOINT((552.0303535559215,2062.45942424424,0.));
#3683 = IFCPOLYLINE((#3684,#3685));
#3684 = IFCCARTESIANPOINT((559.435323089594,2066.023412074661,0.));
#3685 = IFCCARTESIANPOINT((559.435323089594,2066.023412074661,0.));
#3686 = IFCPOLYLINE((#3687,#3688,#3689,#3690,#3691,#3692,#3693,#3694,#3695));
#3687 = IFCCARTESIANPOINT((559.435323089594,2066.023412074661,0.));
#3688 = IFCCARTESIANPOINT((560.2436929633652,2067.1181973815633,0.));
#3689 = IFCCARTESIANPOINT((560.9276982411714,2068.3659888277425,0.));
#3690 = IFCCARTESIANPOINT((561.4873389230129,2069.7667864132004,0.));
#3691 = IFCCARTESIANPOINT((561.9226150088896,2071.320590137937,0.));
#3692 = IFCCARTESIANPOINT((562.2335264988016,2073.02740000195,0.));
#3693 = IFCCARTESIANPOINT((562.4200733927487,2074.8872160052415,0.));
#3694 = IFCCARTESIANPOINT((562.4822556907311,2076.900038147811,0.));
#3695 = IFCCARTESIANPOINT((559.435323089594,2066.023412074661,0.));
#3696 = IFCPOLYLINE((#3697,#3698));
#3697 = IFCCARTESIANPOINT((562.4822556907311,2076.900038147811,0.));
#3698 = IFCCARTESIANPOINT((562.4822556907311,2076.900038147811,0.));
#3699 = IFCPOLYLINE((#3700,#3701,#3702,#3703,#3704,#3705,#3706,#3707,#3708));
#3700 = IFCCARTESIANPOINT((562.4822556907311,2076.900038147811,0.));
#3701 = IFCCARTESIANPOINT((562.4189428055128,2079.1129742311605,0.));
#3702 = IFCCARTESIANPOINT((562.2290041498575,2081.151046155334,0.));
#3703 = IFCCARTESIANPOINT((561.9124397237651,2083.0142539203334,0.));
#3704 = IFCCARTESIANPOINT((561.4692495272362,2084.7025975261586,0.));
#3705 = IFCCARTESIANPOINT((560.8994335602703,2086.216076972809,0.));
#3706 = IFCCARTESIANPOINT((560.2029918228675,2087.5546922602844,0.));
#3707 = IFCCARTESIANPOINT((559.3799243150279,2088.718443388585,0.));
#3708 = IFCCARTESIANPOINT((562.4822556907311,2076.900038147811,0.));
#3709 = IFCPOLYLINE((#3710,#3711));
#3710 = IFCCARTESIANPOINT((559.3799243150279,2088.718443388585,0.));
#3711 = IFCCARTESIANPOINT((559.3799243150279,2088.718443388585,0.));
#3712 = IFCPOLYLINE((#3713,#3714,#3715,#3716,#3717,#3718,#3719,#3720,#3721));
#3713 = IFCCARTESIANPOINT((559.3799243150279,2088.718443388585,0.));
#3714 = IFCCARTESIANPOINT((558.4641486538329,2089.717882505248,0.));
#3715 = IFCCARTESIANPOINT((557.4895824563632,2090.5635617578077,0.));
#3716 = IFCCARTESIANPOINT((556.4562257226195,2091.255481146266,0.));
#3717 = IFCCARTESIANPOINT((555.3640784526017,2091.7936406706235,0.));
#3718 = IFCCARTESIANPOINT((554.2131406463094,2092.178040330878,0.));
#3719 = IFCCARTESIANPOINT((553.0034123037428,2092.408680127031,0.));
#3720 = IFCCARTESIANPOINT((551.7348934249021,2092.4855600590818,0.));
#3721 = IFCCARTESIANPOINT((559.3799243150279,2088.718443388585,0.));
#3722 = IFCPOLYLINE((#3723,#3724));
#3723 = IFCCARTESIANPOINT((551.7348934249021,2092.4855600590818,0.));
#3724 = IFCCARTESIANPOINT((551.7348934249021,2092.4855600590818,0.));
#3725 = IFCPOLYLINE((#3726,#3727,#3728,#3729,#3730,#3731,#3732,#3733,#3734));
#3726 = IFCCARTESIANPOINT((551.7348934249021,2092.4855600590818,0.));
#3727 = IFCCARTESIANPOINT((550.4984078510827,2092.4116950263274,0.));
#3728 = IFCCARTESIANPOINT((549.3214665383614,2092.1900999280624,0.));
#3729 = IFCCARTESIANPOINT((548.2040694867384,2091.8207747642878,0.));
#3730 = IFCCARTESIANPOINT((547.1462166962139,2091.3037195350043,0.));
#3731 = IFCCARTESIANPOINT((546.1479081667874,2090.638934240211,0.));
#3732 = IFCCARTESIANPOINT((545.2091438984594,2089.8264188799076,0.));
#3733 = IFCCARTESIANPOINT((544.3299238912296,2088.8661734540947,0.));
#3734 = IFCCARTESIANPOINT((551.7348934249021,2092.4855600590818,0.));
#3735 = IFCPOLYLINE((#3736,#3737));
#3736 = IFCCARTESIANPOINT((544.3299238912296,2088.8661734540947,0.));
#3737 = IFCCARTESIANPOINT((544.3299238912296,2088.8661734540947,0.));
#3738 = IFCPOLYLINE((#3739,#3740,#3741,#3742,#3743,#3744,#3745,#3746,#3747));
#3739 = IFCCARTESIANPOINT((544.3299238912296,2088.8661734540947,0.));
#3740 = IFCCARTESIANPOINT((543.5411508628833,2087.746892090412,0.));
#3741 = IFCCARTESIANPOINT((542.8737275312056,2086.4572689164984,0.));
#3742 = IFCCARTESIANPOINT((542.3276538961966,2084.997303932354,0.));
#3743 = IFCCARTESIANPOINT((541.9029299578563,2083.3669971379795,0.));
#3744 = IFCCARTESIANPOINT((541.5995557161847,2081.5663485333744,0.));
#3745 = IFCCARTESIANPOINT((541.4175311711817,2079.5953581185386,0.));
#3746 = IFCCARTESIANPOINT((541.3568563228473,2077.454025893472,0.));
#3747 = IFCCARTESIANPOINT((544.3299238912296,2088.8661734540947,0.));
#3748 = IFCPOLYLINE((#3749,#3750,#3751,#3752,#3753,#3754,#3755));
#3749 = IFCCARTESIANPOINT((607.2444655401632,2057.87979221344,0.));
#3750 = IFCCARTESIANPOINT((595.241397717502,2097.102124606259,0.));
#3751 = IFCCARTESIANPOINT((602.110845763702,2097.102124606259,0.));
#3752 = IFCCARTESIANPOINT((608.3524410314858,2074.462492066901,0.));
#3753 = IFCCARTESIANPOINT((610.6791895632632,2066.0418783328496,0.));
#3754 = IFCCARTESIANPOINT((610.6791895632632,2066.0418783328496,0.));
#3755 = IFCCARTESIANPOINT((607.2444655401632,2057.87979221344,0.));
#3756 = IFCPOLYLINE((#3757,#3758,#3759,#3760,#3761,#3762,#3763,#3764,#3765));
#3757 = IFCCARTESIANPOINT((610.6791895632632,2066.0418783328496,0.));
#3758 = IFCCARTESIANPOINT((610.7568232201384,2066.3607039334147,0.));
#3759 = IFCCARTESIANPOINT((610.9053070104719,2066.958407718869,0.));
#3760 = IFCCARTESIANPOINT((611.1246409342643,2067.834989689214,0.));
#3761 = IFCCARTESIANPOINT((611.4148249915155,2068.990449844451,0.));
#3762 = IFCCARTESIANPOINT((611.7758591822253,2070.424788184578,0.));
#3763 = IFCCARTESIANPOINT((612.207743506394,2072.138004709596,0.));
#3764 = IFCCARTESIANPOINT((612.7104779640213,2074.1300994195044,0.));
#3765 = IFCCARTESIANPOINT((610.6791895632632,2066.0418783328496,0.));
#3766 = IFCPOLYLINE((#3767,#3768,#3769,#3770,#3771,#3772,#3773,#3774,#3775,#3776,#3777,#3778,#3779,#3780,#3781));
#3767 = IFCCARTESIANPOINT((612.7104779640213,2074.1300994195044,0.));
#3768 = IFCCARTESIANPOINT((618.9520732318051,2097.102124606259,0.));
#3769 = IFCCARTESIANPOINT((625.7845887616277,2097.102124606259,0.));
#3770 = IFCCARTESIANPOINT((631.6568588656373,2074.351694517769,0.));
#3771 = IFCCARTESIANPOINT((633.6142822336406,2066.854393693153,0.));
#3772 = IFCCARTESIANPOINT((635.8671657326631,2074.4255595505238,0.));
#3773 = IFCCARTESIANPOINT((642.5888837133534,2097.102124606259,0.));
#3774 = IFCCARTESIANPOINT((649.0520740794018,2097.102124606259,0.));
#3775 = IFCCARTESIANPOINT((636.7904786420986,2057.87979221344,0.));
#3776 = IFCCARTESIANPOINT((629.8840980795212,2057.87979221344,0.));
#3777 = IFCCARTESIANPOINT((623.6425028117374,2081.3688726294786,0.));
#3778 = IFCCARTESIANPOINT((622.1282696402632,2088.0536580937915,0.));
#3779 = IFCCARTESIANPOINT((614.187778619118,2057.87979221344,0.));
#3780 = IFCCARTESIANPOINT((607.2444655401632,2057.87979221344,0.));
#3781 = IFCCARTESIANPOINT((612.7104779640213,2074.1300994195044,0.));
#3782 = IFCPOLYLINE((#3783,#3784,#3785,#3786,#3787));
#3783 = IFCCARTESIANPOINT((654.6658165687695,2104.3778303326108,0.));
#3784 = IFCCARTESIANPOINT((654.6658165687695,2112.0228612227365,0.));
#3785 = IFCCARTESIANPOINT((661.313669516705,2112.0228612227365,0.));
#3786 = IFCCARTESIANPOINT((661.313669516705,2104.3778303326108,0.));
#3787 = IFCCARTESIANPOINT((654.6658165687695,2104.3778303326108,0.));
#3788 = IFCPOLYLINE((#3789,#3790,#3791,#3792,#3793));
#3789 = IFCCARTESIANPOINT((654.6658165687695,2097.102124606259,0.));
#3790 = IFCCARTESIANPOINT((661.313669516705,2097.102124606259,0.));
#3791 = IFCCARTESIANPOINT((661.313669516705,2057.87979221344,0.));
#3792 = IFCCARTESIANPOINT((654.6658165687695,2057.87979221344,0.));
#3793 = IFCCARTESIANPOINT((654.6658165687695,2097.102124606259,0.));
#3794 = IFCPOLYLINE((#3795,#3796,#3797,#3798));
#3795 = IFCCARTESIANPOINT((685.9476579404436,2063.8259273502044,0.));
#3796 = IFCCARTESIANPOINT((686.9079033662565,2057.953657246195,0.));
#3797 = IFCCARTESIANPOINT((686.9079033662565,2057.953657246195,0.));
#3798 = IFCCARTESIANPOINT((685.9476579404436,2063.8259273502044,0.));
#3799 = IFCPOLYLINE((#3800,#3801,#3802,#3803,#3804,#3805,#3806,#3807,#3808));
#3800 = IFCCARTESIANPOINT((686.9079033662565,2057.953657246195,0.));
#3801 = IFCCARTESIANPOINT((686.1179997506744,2057.796882482797,0.));
#3802 = IFCCARTESIANPOINT((685.3522153294607,2057.664226913768,0.));
#3803 = IFCCARTESIANPOINT((684.6105501026161,2057.555690539107,0.));
#3804 = IFCCARTESIANPOINT((683.8930040701407,2057.4712733588162,0.));
#3805 = IFCCARTESIANPOINT((683.199577232034,2057.410975372894,0.));
#3806 = IFCCARTESIANPOINT((682.5302695882963,2057.374796581341,0.));
#3807 = IFCCARTESIANPOINT((681.8850811389275,2057.362736984156,0.));
#3808 = IFCCARTESIANPOINT((686.9079033662565,2057.953657246195,0.));
#3809 = IFCPOLYLINE((#3810,#3811));
#3810 = IFCCARTESIANPOINT((681.8850811389275,2057.362736984156,0.));
#3811 = IFCCARTESIANPOINT((681.8850811389275,2057.362736984156,0.));
#3812 = IFCPOLYLINE((#3813,#3814,#3815,#3816,#3817,#3818,#3819,#3820,#3821));
#3813 = IFCCARTESIANPOINT((681.8850811389275,2057.362736984156,0.));
#3814 = IFCCARTESIANPOINT((680.8841345726172,2057.386102453702,0.));
#3815 = IFCCARTESIANPOINT((679.9495157908211,2057.4561988623354,0.));
#3816 = IFCCARTESIANPOINT((679.0812247935397,2057.5730262100597,0.));
#3817 = IFCCARTESIANPOINT((678.2792615807731,2057.7365844968745,0.));
#3818 = IFCCARTESIANPOINT((677.5436261525207,2057.9468737227785,0.));
#3819 = IFCCARTESIANPOINT((676.874318508783,2058.203893887772,0.));
#3820 = IFCCARTESIANPOINT((676.2713386495598,2058.507644991856,0.));
#3821 = IFCCARTESIANPOINT((681.8850811389275,2057.362736984156,0.));
#3822 = IFCPOLYLINE((#3823,#3824));
#3823 = IFCCARTESIANPOINT((676.2713386495598,2058.507644991856,0.));
#3824 = IFCCARTESIANPOINT((676.2713386495598,2058.507644991856,0.));
#3825 = IFCPOLYLINE((#3826,#3827,#3828,#3829,#3830,#3831,#3832,#3833,#3834));
#3826 = IFCCARTESIANPOINT((676.2713386495598,2058.507644991856,0.));
#3827 = IFCCARTESIANPOINT((675.725641876963,2058.8494591995536,0.));
#3828 = IFCCARTESIANPOINT((675.2281834931036,2059.2206686753875,0.));
#3829 = IFCCARTESIANPOINT((674.7789634979823,2059.6212734193587,0.));
#3830 = IFCCARTESIANPOINT((674.3779818915991,2060.0512734314675,0.));
#3831 = IFCCARTESIANPOINT((674.0252386739535,2060.510668711713,0.));
#3832 = IFCCARTESIANPOINT((673.7207338450457,2060.999459260096,0.));
#3833 = IFCCARTESIANPOINT((673.4644674048759,2061.5176450766157,0.));
#3834 = IFCCARTESIANPOINT((676.2713386495598,2058.507644991856,0.));
#3835 = IFCPOLYLINE((#3836,#3837));
#3836 = IFCCARTESIANPOINT((673.4644674048759,2061.5176450766157,0.));
#3837 = IFCCARTESIANPOINT((673.4644674048759,2061.5176450766157,0.));
#3838 = IFCPOLYLINE((#3839,#3840,#3841,#3842,#3843,#3844,#3845,#3846,#3847));
#3839 = IFCCARTESIANPOINT((673.4644674048759,2061.5176450766157,0.));
#3840 = IFCCARTESIANPOINT((673.2489021052038,2062.134568845084,0.));
#3841 = IFCCARTESIANPOINT((673.0665006977887,2062.91957324931,0.));
#3842 = IFCCARTESIANPOINT((672.9172631826308,2063.872658289294,0.));
#3843 = IFCCARTESIANPOINT((672.8011895597303,2064.9938239650373,0.));
#3844 = IFCCARTESIANPOINT((672.7182798290871,2066.283070276539,0.));
#3845 = IFCCARTESIANPOINT((672.6685339907013,2067.740397223799,0.));
#3846 = IFCCARTESIANPOINT((672.6519520445727,2069.3658048068173,0.));
#3847 = IFCCARTESIANPOINT((673.4644674048759,2061.5176450766157,0.));
#3848 = IFCPOLYLINE((#3849,#3850,#3851,#3852,#3853,#3854,#3855,#3856,#3857,#3858,#3859,#3860,#3861,#3862));
#3849 = IFCCARTESIANPOINT((672.6519520445727,2069.3658048068173,0.));
#3850 = IFCCARTESIANPOINT((672.6519520445727,2091.9315723134205,0.));
#3851 = IFCCARTESIANPOINT((667.7768598827533,2091.9315723134205,0.));
#3852 = IFCCARTESIANPOINT((667.7768598827533,2097.102124606259,0.));
#3853 = IFCCARTESIANPOINT((672.6519520445727,2097.102124606259,0.));
#3854 = IFCCARTESIANPOINT((672.6519520445727,2106.8153764135204,0.));
#3855 = IFCCARTESIANPOINT((679.2628724761307,2110.8040881822817,0.));
#3856 = IFCCARTESIANPOINT((679.2628724761307,2097.102124606259,0.));
#3857 = IFCCARTESIANPOINT((685.9476579404436,2097.102124606259,0.));
#3858 = IFCCARTESIANPOINT((685.9476579404436,2091.9315723134205,0.));
#3859 = IFCCARTESIANPOINT((679.2628724761307,2091.9315723134205,0.));
#3860 = IFCCARTESIANPOINT((679.2628724761307,2068.996479643043,0.));
#3861 = IFCCARTESIANPOINT((679.2628724761307,2068.996479643043,0.));
#3862 = IFCCARTESIANPOINT((672.6519520445727,2069.3658048068173,0.));
#3863 = IFCPOLYLINE((#3864,#3865,#3866,#3867,#3868,#3869,#3870,#3871,#3872));
#3864 = IFCCARTESIANPOINT((679.2628724761307,2068.996479643043,0.));
#3865 = IFCCARTESIANPOINT((679.2700328619592,2068.225419148062,0.));
#3866 = IFCCARTESIANPOINT((679.2915140194439,2067.537268383723,0.));
#3867 = IFCCARTESIANPOINT((679.3273159485851,2066.9320273500275,0.));
#3868 = IFCCARTESIANPOINT((679.3774386493832,2066.409696046976,0.));
#3869 = IFCCARTESIANPOINT((679.4418821218376,2065.970274474567,0.));
#3870 = IFCCARTESIANPOINT((679.5206463659487,2065.6137626328014,0.));
#3871 = IFCCARTESIANPOINT((679.6137313817162,2065.3401605216786,0.));
#3872 = IFCCARTESIANPOINT((679.2628724761307,2068.996479643043,0.));
#3873 = IFCPOLYLINE((#3874,#3875));
#3874 = IFCCARTESIANPOINT((679.6137313817162,2065.3401605216786,0.));
#3875 = IFCCARTESIANPOINT((679.6137313817162,2065.3401605216786,0.));
#3876 = IFCPOLYLINE((#3877,#3878,#3879,#3880,#3881,#3882,#3883,#3884,#3885));
#3877 = IFCCARTESIANPOINT((679.6137313817162,2065.3401605216786,0.));
#3878 = IFCCARTESIANPOINT((679.7230214812006,2065.1147967992947,0.));
#3879 = IFCCARTESIANPOINT((679.8504009764613,2064.903000123742,0.));
#3880 = IFCCARTESIANPOINT((679.9958698674989,2064.7047704950223,0.));
#3881 = IFCCARTESIANPOINT((680.1594281543132,2064.5201079131352,0.));
#3882 = IFCCARTESIANPOINT((680.3410758369041,2064.3490123780807,0.));
#3883 = IFCCARTESIANPOINT((680.5408129152719,2064.191483889859,0.));
#3884 = IFCCARTESIANPOINT((680.7586393894162,2064.047522448469,0.));
#3885 = IFCCARTESIANPOINT((679.6137313817162,2065.3401605216786,0.));
#3886 = IFCPOLYLINE((#3887,#3888));
#3887 = IFCCARTESIANPOINT((680.7586393894162,2064.047522448469,0.));
#3888 = IFCCARTESIANPOINT((680.7586393894162,2064.047522448469,0.));
#3889 = IFCPOLYLINE((#3890,#3891,#3892,#3893,#3894,#3895,#3896,#3897,#3898));
#3890 = IFCCARTESIANPOINT((680.7586393894162,2064.047522448469,0.));
#3891 = IFCCARTESIANPOINT((680.9994544706936,2063.9201429532086,0.));
#3892 = IFCCARTESIANPOINT((681.2681573704598,2063.812360303372,0.));
#3893 = IFCCARTESIANPOINT((681.5647480887151,2063.7241744989606,0.));
#3894 = IFCCARTESIANPOINT((681.8892266254597,2063.6555855399743,0.));
#3895 = IFCCARTESIANPOINT((682.2415929806932,2063.606593426412,0.));
#3896 = IFCCARTESIANPOINT((682.6218471544158,2063.5771981582748,0.));
#3897 = IFCCARTESIANPOINT((683.0299891466275,2063.5673997355625,0.));
#3898 = IFCCARTESIANPOINT((680.7586393894162,2064.047522448469,0.));
#3899 = IFCPOLYLINE((#3900,#3901));
#3900 = IFCCARTESIANPOINT((683.0299891466275,2063.5673997355625,0.));
#3901 = IFCCARTESIANPOINT((683.0299891466275,2063.5673997355625,0.));
#3902 = IFCPOLYLINE((#3903,#3904,#3905,#3906,#3907,#3908,#3909,#3910,#3911));
#3903 = IFCCARTESIANPOINT((683.0299891466275,2063.5673997355625,0.));
#3904 = IFCCARTESIANPOINT((683.3608743443764,2063.572675809331,0.));
#3905 = IFCCARTESIANPOINT((683.7204010854381,2063.5885040306352,0.));
#3906 = IFCCARTESIANPOINT((684.1085693698129,2063.614884399476,0.));
#3907 = IFCCARTESIANPOINT((684.525379197501,2063.651816915854,0.));
#3908 = IFCCARTESIANPOINT((684.9708305685022,2063.6993015797675,0.));
#3909 = IFCCARTESIANPOINT((685.4449234828163,2063.7573383912177,0.));
#3910 = IFCCARTESIANPOINT((685.9476579404436,2063.8259273502044,0.));
#3911 = IFCCARTESIANPOINT((683.0299891466275,2063.5673997355625,0.));
#3912 = IFCPOLYLINE((#3913,#3914,#3915,#3916,#3917,#3918));
#3913 = IFCCARTESIANPOINT((692.4477808228694,2057.87979221344,0.));
#3914 = IFCCARTESIANPOINT((692.4477808228694,2112.0228612227365,0.));
#3915 = IFCCARTESIANPOINT((699.0956337708049,2112.0228612227365,0.));
#3916 = IFCCARTESIANPOINT((699.0956337708049,2092.596357608214,0.));
#3917 = IFCCARTESIANPOINT((699.0956337708049,2092.596357608214,0.));
#3918 = IFCCARTESIANPOINT((692.4477808228694,2057.87979221344,0.));
#3919 = IFCPOLYLINE((#3920,#3921,#3922,#3923,#3924,#3925,#3926,#3927,#3928));
#3920 = IFCCARTESIANPOINT((699.0956337708049,2092.596357608214,0.));
#3921 = IFCCARTESIANPOINT((700.4749501987781,2094.026927324221,0.));
#3922 = IFCCARTESIANPOINT((701.9537583035227,2095.2374093916114,0.));
#3923 = IFCCARTESIANPOINT((703.5320580850392,2096.2278038103855,0.));
#3924 = IFCCARTESIANPOINT((705.2098495433278,2096.998110580543,0.));
#3925 = IFCCARTESIANPOINT((706.9871326783882,2097.5483297020846,0.));
#3926 = IFCCARTESIANPOINT((708.8639074902203,2097.878461175009,0.));
#3927 = IFCCARTESIANPOINT((710.8401739788242,2097.9885049993172,0.));
#3928 = IFCCARTESIANPOINT((699.0956337708049,2092.596357608214,0.));
#3929 = IFCPOLYLINE((#3930,#3931));
#3930 = IFCCARTESIANPOINT((710.8401739788242,2097.9885049993172,0.));
#3931 = IFCCARTESIANPOINT((710.8401739788242,2097.9885049993172,0.));
#3932 = IFCPOLYLINE((#3933,#3934,#3935,#3936,#3937,#3938,#3939,#3940,#3941));
#3933 = IFCCARTESIANPOINT((710.8401739788242,2097.9885049993172,0.));
#3934 = IFCCARTESIANPOINT((712.0619619185753,2097.9534567950004,0.));
#3935 = IFCCARTESIANPOINT((713.2370189192363,2097.8483121820477,0.));
#3936 = IFCCARTESIANPOINT((714.3653449808075,2097.673071160461,0.));
#3937 = IFCCARTESIANPOINT((715.4469401032893,2097.42773373024,0.));
#3938 = IFCCARTESIANPOINT((716.4818042866809,2097.1122998913834,0.));
#3939 = IFCCARTESIANPOINT((717.4699375309829,2096.726769643893,0.));
#3940 = IFCCARTESIANPOINT((718.4113398361951,2096.2711429877672,0.));
#3941 = IFCCARTESIANPOINT((710.8401739788242,2097.9885049993172,0.));
#3942 = IFCPOLYLINE((#3943,#3944));
#3943 = IFCCARTESIANPOINT((718.4113398361951,2096.2711429877672,0.));
#3944 = IFCCARTESIANPOINT((718.4113398361951,2096.2711429877672,0.));
#3945 = IFCPOLYLINE((#3946,#3947,#3948,#3949,#3950,#3951,#3952,#3953,#3954));
#3946 = IFCCARTESIANPOINT((718.4113398361951,2096.2711429877672,0.));
#3947 = IFCCARTESIANPOINT((719.2920672930732,2095.753710896072,0.));
#3948 = IFCCARTESIANPOINT((720.0981759923719,2095.1827643418696,0.));
#3949 = IFCCARTESIANPOINT((720.829665934092,2094.558303325161,0.));
#3950 = IFCCARTESIANPOINT((721.4865371182334,2093.8803278459477,0.));
#3951 = IFCCARTESIANPOINT((722.0687895447957,2093.1488379042275,0.));
#3952 = IFCCARTESIANPOINT((722.5764232137792,2092.363833500001,0.));
#3953 = IFCCARTESIANPOINT((723.0094381251838,2091.525314633269,0.));
#3954 = IFCCARTESIANPOINT((718.4113398361951,2096.2711429877672,0.));
#3955 = IFCPOLYLINE((#3956,#3957));
#3956 = IFCCARTESIANPOINT((723.0094381251838,2091.525314633269,0.));
#3957 = IFCCARTESIANPOINT((723.0094381251838,2091.525314633269,0.));
#3958 = IFCPOLYLINE((#3959,#3960,#3961,#3962,#3963,#3964,#3965,#3966,#3967));
#3959 = IFCCARTESIANPOINT((723.0094381251838,2091.525314633269,0.));
#3960 = IFCCARTESIANPOINT((723.3768789768981,2090.604262898306,0.));
#3961 = IFCCARTESIANPOINT((723.6877904668099,2089.5716598893855,0.));
#3962 = IFCCARTESIANPOINT((723.9421725949195,2088.42750560651,0.));
#3963 = IFCCARTESIANPOINT((724.1400253612273,2087.1718000496776,0.));
#3964 = IFCCARTESIANPOINT((724.2813487657327,2085.804543218889,0.));
#3965 = IFCCARTESIANPOINT((724.366142808436,2084.325735114144,0.));
#3966 = IFCCARTESIANPOINT((724.394407489337,2082.735375735443,0.));
#3967 = IFCCARTESIANPOINT((723.0094381251838,2091.525314633269,0.));
#3968 = IFCPOLYLINE((#3969,#3970,#3971,#3972,#3973,#3974));
#3969 = IFCCARTESIANPOINT((724.394407489337,2082.735375735443,0.));
#3970 = IFCCARTESIANPOINT((724.394407489337,2057.87979221344,0.));
#3971 = IFCCARTESIANPOINT((717.7465545414016,2057.87979221344,0.));
#3972 = IFCCARTESIANPOINT((717.7465545414016,2082.735375735443,0.));
#3973 = IFCCARTESIANPOINT((717.7465545414016,2082.735375735443,0.));
#3974 = IFCCARTESIANPOINT((724.394407489337,2082.735375735443,0.));
#3975 = IFCPOLYLINE((#3976,#3977,#3978,#3979,#3980,#3981,#3982,#3983,#3984));
#3976 = IFCCARTESIANPOINT((717.7465545414016,2082.735375735443,0.));
#3977 = IFCCARTESIANPOINT((717.702461639196,2084.104516878292,0.));
#3978 = IFCCARTESIANPOINT((717.5701829325787,2085.362860472008,0.));
#3979 = IFCCARTESIANPOINT((717.3497184215503,2086.510406516592,0.));
#3980 = IFCCARTESIANPOINT((717.0410681061105,2087.547155012044,0.));
#3981 = IFCCARTESIANPOINT((716.6442319862592,2088.4731059583637,0.));
#3982 = IFCCARTESIANPOINT((716.1592100619966,2089.288259355551,0.));
#3983 = IFCCARTESIANPOINT((715.5860023333225,2089.992615203606,0.));
#3984 = IFCCARTESIANPOINT((717.7465545414016,2082.735375735443,0.));
#3985 = IFCPOLYLINE((#3986,#3987));
#3986 = IFCCARTESIANPOINT((715.5860023333225,2089.992615203606,0.));
#3987 = IFCCARTESIANPOINT((715.5860023333225,2089.992615203606,0.));
#3988 = IFCPOLYLINE((#3989,#3990,#3991,#3992,#3993,#3994,#3995,#3996,#3997));
#3989 = IFCCARTESIANPOINT((715.5860023333225,2089.992615203606,0.));
#3990 = IFCCARTESIANPOINT((714.9321460484775,2090.5952182004175,0.));
#3991 = IFCCARTESIANPOINT((714.2051784557016,2091.1051130438727,0.));
#3992 = IFCCARTESIANPOINT((713.4050995549946,2091.5222997339724,0.));
#3993 = IFCCARTESIANPOINT((712.5319093463573,2091.8467782707176,0.));
#3994 = IFCCARTESIANPOINT((711.5856078297888,2092.0785486541063,0.));
#3995 = IFCCARTESIANPOINT((710.5661950052897,2092.2176108841395,0.));
#3996 = IFCCARTESIANPOINT((709.4736708728597,2092.2639649608172,0.));
#3997 = IFCCARTESIANPOINT((715.5860023333225,2089.992615203606,0.));
#3998 = IFCPOLYLINE((#3999,#4000));
#3999 = IFCCARTESIANPOINT((709.4736708728597,2092.2639649608172,0.));
#4000 = IFCCARTESIANPOINT((709.4736708728597,2092.2639649608172,0.));
#4001 = IFCPOLYLINE((#4002,#4003,#4004,#4005,#4006,#4007,#4008,#4009,#4010));
#4002 = IFCCARTESIANPOINT((709.4736708728597,2092.2639649608172,0.));
#4003 = IFCCARTESIANPOINT((708.6366594557757,2092.2326853806208,0.));
#4004 = IFCCARTESIANPOINT((707.813968810348,2092.1388466400285,0.));
#4005 = IFCCARTESIANPOINT((707.0055989365768,2091.9824487390424,0.));
#4006 = IFCCARTESIANPOINT((706.2115498344624,2091.7634916776624,0.));
#4007 = IFCCARTESIANPOINT((705.4318215040043,2091.481975455887,0.));
#4008 = IFCCARTESIANPOINT((704.666413945203,2091.137900073718,0.));
#4009 = IFCCARTESIANPOINT((703.9153271580581,2090.7312655311543,0.));
#4010 = IFCCARTESIANPOINT((709.4736708728597,2092.2639649608172,0.));
#4011 = IFCPOLYLINE((#4012,#4013));
#4012 = IFCCARTESIANPOINT((703.9153271580581,2090.7312655311543,0.));
#4013 = IFCCARTESIANPOINT((703.9153271580581,2090.7312655311543,0.));
#4014 = IFCPOLYLINE((#4015,#4016,#4017,#4018,#4019,#4020,#4021,#4022,#4023));
#4015 = IFCCARTESIANPOINT((703.9153271580581,2090.7312655311543,0.));
#4016 = IFCCARTESIANPOINT((703.2019266121148,2090.2711165260853,0.));
#4017 = IFCCARTESIANPOINT((702.5495777769175,2089.7664977563973,0.));
#4018 = IFCCARTESIANPOINT((701.9582806524668,2089.2174092220916,0.));
#4019 = IFCCARTESIANPOINT((701.4280352387625,2088.6238509231694,0.));
#4020 = IFCCARTESIANPOINT((700.9588415358044,2087.9858228596286,0.));
#4021 = IFCCARTESIANPOINT((700.5506995435928,2087.3033250314706,0.));
#4022 = IFCCARTESIANPOINT((700.2036092621274,2086.5763574386947,0.));
#4023 = IFCCARTESIANPOINT((703.9153271580581,2090.7312655311543,0.));
#4024 = IFCPOLYLINE((#4025,#4026));
#4025 = IFCCARTESIANPOINT((700.2036092621274,2086.5763574386947,0.));
#4026 = IFCCARTESIANPOINT((700.2036092621274,2086.5763574386947,0.));
#4027 = IFCPOLYLINE((#4028,#4029,#4030,#4031,#4032,#4033,#4034,#4035,#4036));
#4028 = IFCCARTESIANPOINT((700.2036092621274,2086.5763574386947,0.));
#4029 = IFCCARTESIANPOINT((699.9096565807563,2085.786453823113,0.));
#4030 = IFCCARTESIANPOINT((699.6609273888265,2084.9151479265347,0.));
#4031 = IFCCARTESIANPOINT((699.4574216863386,2083.962439748962,0.));
#4032 = IFCCARTESIANPOINT((699.2991394732926,2082.9283292903947,0.));
#4033 = IFCCARTESIANPOINT((699.1860807496882,2081.8128165508315,0.));
#4034 = IFCCARTESIANPOINT((699.1182455155258,2080.6159015302737,0.));
#4035 = IFCCARTESIANPOINT((699.0956337708049,2079.3375842287205,0.));
#4036 = IFCCARTESIANPOINT((700.2036092621274,2086.5763574386947,0.));
#4037 = IFCPOLYLINE((#4038,#4039,#4040,#4041));
#4038 = IFCCARTESIANPOINT((699.0956337708049,2079.3375842287205,0.));
#4039 = IFCCARTESIANPOINT((699.0956337708049,2057.87979221344,0.));
#4040 = IFCCARTESIANPOINT((692.4477808228694,2057.87979221344,0.));
#4041 = IFCCARTESIANPOINT((699.0956337708049,2079.3375842287205,0.));
#4042 = IFCPOLYLINE((#4043,#4044,#4045,#4046,#4047,#4048,#4049,#4050,#4051));
#4043 = IFCCARTESIANPOINT((750.4318315354176,2057.87979221344,0.));
#4044 = IFCCARTESIANPOINT((771.2248382559046,2112.0228612227365,0.));
#4045 = IFCCARTESIANPOINT((778.9437341787852,2112.0228612227365,0.));
#4046 = IFCCARTESIANPOINT((801.1032440052368,2057.87979221344,0.));
#4047 = IFCCARTESIANPOINT((792.9411578858271,2057.87979221344,0.));
#4048 = IFCCARTESIANPOINT((786.6256975852884,2074.277829485014,0.));
#4049 = IFCCARTESIANPOINT((763.9860650459304,2074.277829485014,0.));
#4050 = IFCCARTESIANPOINT((758.039929909166,2057.87979221344,0.));
#4051 = IFCCARTESIANPOINT((750.4318315354176,2057.87979221344,0.));
#4052 = IFCPOLYLINE((#4053,#4054,#4055,#4056));
#4053 = IFCCARTESIANPOINT((784.4097466026433,2080.1131670726463,0.));
#4054 = IFCCARTESIANPOINT((778.7590715968981,2095.1077687218785,0.));
#4055 = IFCCARTESIANPOINT((778.7590715968981,2095.1077687218785,0.));
#4056 = IFCCARTESIANPOINT((784.4097466026433,2080.1131670726463,0.));
#4057 = IFCPOLYLINE((#4058,#4059,#4060,#4061,#4062,#4063,#4064,#4065,#4066));
#4058 = IFCCARTESIANPOINT((778.7590715968981,2095.1077687218785,0.));
#4059 = IFCCARTESIANPOINT((778.047555363015,2097.010170177728,0.));
#4060 = IFCCARTESIANPOINT((777.3903073164615,2098.813079956805,0.));
#4061 = IFCCARTESIANPOINT((776.7873274572382,2100.5164980591103,0.));
#4062 = IFCCARTESIANPOINT((776.2386157853452,2102.120424484644,0.));
#4063 = IFCCARTESIANPOINT((775.7441723007823,2103.624859233406,0.));
#4064 = IFCCARTESIANPOINT((775.3039970035494,2105.0298023053956,0.));
#4065 = IFCCARTESIANPOINT((774.9180898936465,2106.335253700614,0.));
#4066 = IFCCARTESIANPOINT((778.7590715968981,2095.1077687218785,0.));
#4067 = IFCPOLYLINE((#4068,#4069));
#4068 = IFCCARTESIANPOINT((774.9180898936465,2106.335253700614,0.));
#4069 = IFCCARTESIANPOINT((774.9180898936465,2106.335253700614,0.));
#4070 = IFCPOLYLINE((#4071,#4072,#4073,#4074,#4075,#4076,#4077,#4078,#4079));
#4071 = IFCCARTESIANPOINT((774.9180898936465,2106.335253700614,0.));
#4072 = IFCCARTESIANPOINT((774.6052940916748,2104.8489083476293,0.));
#4073 = IFCCARTESIANPOINT((774.2578269477972,2103.36557789394,0.));
#4074 = IFCCARTESIANPOINT((773.8756884620143,2101.885262339547,0.));
#4075 = IFCCARTESIANPOINT((773.4588786343264,2100.40796168445,0.));
#4076 = IFCCARTESIANPOINT((773.0073974647332,2098.9336759286493,0.));
#4077 = IFCCARTESIANPOINT((772.5212449532345,2097.462405072145,0.));
#4078 = IFCCARTESIANPOINT((772.0004210998304,2095.9941491149366,0.));
#4079 = IFCCARTESIANPOINT((774.9180898936465,2106.335253700614,0.));
#4080 = IFCPOLYLINE((#4081,#4082,#4083));
#4081 = IFCCARTESIANPOINT((772.0004210998304,2095.9941491149366,0.));
#4082 = IFCCARTESIANPOINT((766.0542859630659,2080.1131670726463,0.));
#4083 = IFCCARTESIANPOINT((772.0004210998304,2095.9941491149366,0.));
#4084 = IFCPOLYLINE((#4085,#4086,#4087,#4088));
#4085 = IFCCARTESIANPOINT((803.3191949878819,2069.587399905082,0.));
#4086 = IFCCARTESIANPOINT((809.8931829030626,2070.6215103636496,0.));
#4087 = IFCCARTESIANPOINT((809.8931829030626,2070.6215103636496,0.));
#4088 = IFCCARTESIANPOINT((803.3191949878819,2069.587399905082,0.));
#4089 = IFCPOLYLINE((#4090,#4091,#4092,#4093,#4094,#4095,#4096,#4097,#4098));
#4090 = IFCCARTESIANPOINT((809.8931829030626,2070.6215103636496,0.));
#4091 = IFCCARTESIANPOINT((810.0917893941944,2069.5301168184565,0.));
#4092 = IFCCARTESIANPOINT((810.371044441497,2068.5140957556646,0.));
#4093 = IFCCARTESIANPOINT((810.7309480449707,2067.573447175276,0.));
#4094 = IFCCARTESIANPOINT((811.1715002046158,2066.7081710772914,0.));
#4095 = IFCCARTESIANPOINT((811.6927009204318,2065.9182674617086,0.));
#4096 = IFCCARTESIANPOINT((812.2945501924189,2065.2037363285294,0.));
#4097 = IFCCARTESIANPOINT((812.9770480205771,2064.564577677753,0.));
#4098 = IFCCARTESIANPOINT((809.8931829030626,2070.6215103636496,0.));
#4099 = IFCPOLYLINE((#4100,#4101));
#4100 = IFCCARTESIANPOINT((812.9770480205771,2064.564577677753,0.));
#4101 = IFCCARTESIANPOINT((812.9770480205771,2064.564577677753,0.));
#4102 = IFCPOLYLINE((#4103,#4104,#4105,#4106,#4107,#4108,#4109,#4110,#4111));
#4103 = IFCCARTESIANPOINT((812.9770480205771,2064.564577677753,0.));
#4104 = IFCCARTESIANPOINT((813.7409481297306,2064.006067583148,0.));
#4105 = IFCCARTESIANPOINT((814.5870042447029,2063.5334821184815,0.));
#4106 = IFCCARTESIANPOINT((815.5152163654946,2063.146821283754,0.));
#4107 = IFCCARTESIANPOINT((816.5255844921055,2062.846085078967,0.));
#4108 = IFCCARTESIANPOINT((817.6181086245354,2062.6312735041183,0.));
#4109 = IFCCARTESIANPOINT((818.7927887627847,2062.5023865592093,0.));
#4110 = IFCCARTESIANPOINT((820.0496249068528,2062.45942424424,0.));
#4111 = IFCCARTESIANPOINT((812.9770480205771,2064.564577677753,0.));
#4112 = IFCPOLYLINE((#4113,#4114));
#4113 = IFCCARTESIANPOINT((820.0496249068528,2062.45942424424,0.));
#4114 = IFCCARTESIANPOINT((820.0496249068528,2062.45942424424,0.));
#4115 = IFCPOLYLINE((#4116,#4117,#4118,#4119,#4120,#4121,#4122,#4123,#4124));
#4116 = IFCCARTESIANPOINT((820.0496249068528,2062.45942424424,0.));
#4117 = IFCCARTESIANPOINT((821.3098528126293,2062.4974873478536,0.));
#4118 = IFCCARTESIANPOINT((822.4736039409299,2062.611676658694,0.));
#4119 = IFCCARTESIANPOINT((823.540878291755,2062.801992176761,0.));
#4120 = IFCCARTESIANPOINT((824.5116758651045,2063.0684339020554,0.));
#4121 = IFCCARTESIANPOINT((825.385996660978,2063.4110018345764,0.));
#4122 = IFCCARTESIANPOINT((826.1638406793759,2063.8296959743247,0.));
#4123 = IFCCARTESIANPOINT((826.845207920298,2064.3245163212996,0.));
#4124 = IFCCARTESIANPOINT((820.0496249068528,2062.45942424424,0.));
#4125 = IFCPOLYLINE((#4126,#4127));
#4126 = IFCCARTESIANPOINT((826.845207920298,2064.3245163212996,0.));
#4127 = IFCCARTESIANPOINT((826.845207920298,2064.3245163212996,0.));
#4128 = IFCPOLYLINE((#4129,#4130,#4131,#4132,#4133,#4134,#4135,#4136,#4137));
#4129 = IFCCARTESIANPOINT((826.845207920298,2064.3245163212996,0.));
#4130 = IFCCARTESIANPOINT((827.4331132830407,2064.8705899563092,0.));
#4131 = IFCCARTESIANPOINT((827.9305716668996,2065.443043960159,0.));
#4132 = IFCCARTESIANPOINT((828.3375830718753,2066.041878332849,0.));
#4133 = IFCCARTESIANPOINT((828.6541474979675,2066.6670930743817,0.));
#4134 = IFCCARTESIANPOINT((828.8802649451762,2067.318688184755,0.));
#4135 = IFCCARTESIANPOINT((829.0159354135014,2067.9966636639692,0.));
#4136 = IFCCARTESIANPOINT((829.0611589029431,2068.701019512024,0.));
#4137 = IFCCARTESIANPOINT((826.845207920298,2064.3245163212996,0.));
#4138 = IFCPOLYLINE((#4139,#4140));
#4139 = IFCCARTESIANPOINT((829.0611589029431,2068.701019512024,0.));
#4140 = IFCCARTESIANPOINT((829.0611589029431,2068.701019512024,0.));
#4141 = IFCPOLYLINE((#4142,#4143,#4144,#4145,#4146,#4147,#4148,#4149,#4150));
#4142 = IFCCARTESIANPOINT((829.0611589029431,2068.701019512024,0.));
#4143 = IFCCARTESIANPOINT((829.0212114872699,2069.3251036663205,0.));
#4144 = IFCCARTESIANPOINT((828.901369240249,2069.9099941297663,0.));
#4145 = IFCCARTESIANPOINT((828.7016321618813,2070.455690902363,0.));
#4146 = IFCCARTESIANPOINT((828.4220002521666,2070.962193984111,0.));
#4147 = IFCCARTESIANPOINT((828.0624735111048,2071.4295033750086,0.));
#4148 = IFCCARTESIANPOINT((827.6230519386959,2071.8576190750573,0.));
#4149 = IFCCARTESIANPOINT((827.1037355349399,2072.246541084256,0.));
#4150 = IFCCARTESIANPOINT((829.0611589029431,2068.701019512024,0.));
#4151 = IFCPOLYLINE((#4152,#4153));
#4152 = IFCCARTESIANPOINT((827.1037355349399,2072.246541084256,0.));
#4153 = IFCCARTESIANPOINT((827.1037355349399,2072.246541084256,0.));
#4154 = IFCPOLYLINE((#4155,#4156,#4157,#4158,#4159,#4160,#4161,#4162,#4163));
#4155 = IFCCARTESIANPOINT((827.1037355349399,2072.246541084256,0.));
#4156 = IFCCARTESIANPOINT((826.63039634545,2072.5095910478426,0.));
#4157 = IFCCARTESIANPOINT((825.9912376946731,2072.7922378568533,0.));
#4158 = IFCCARTESIANPOINT((825.1862595826102,2073.0944815112884,0.));
#4159 = IFCCARTESIANPOINT((824.2154620092609,2073.416322011149,0.));
#4160 = IFCCARTESIANPOINT((823.0788449746253,2073.7577593564342,0.));
#4161 = IFCCARTESIANPOINT((821.7764084787033,2074.118793547144,0.));
#4162 = IFCCARTESIANPOINT((820.3081525214948,2074.4994245832786,0.));
#4163 = IFCCARTESIANPOINT((827.1037355349399,2072.246541084256,0.));
#4164 = IFCPOLYLINE((#4165,#4166));
#4165 = IFCCARTESIANPOINT((820.3081525214948,2074.4994245832786,0.));
#4166 = IFCCARTESIANPOINT((820.3081525214948,2074.4994245832786,0.));
#4167 = IFCPOLYLINE((#4168,#4169,#4170,#4171,#4172,#4173,#4174,#4175,#4176));
#4168 = IFCCARTESIANPOINT((820.3081525214948,2074.4994245832786,0.));
#4169 = IFCCARTESIANPOINT((818.3104048754062,2075.016856674975,0.));
#4170 = IFCCARTESIANPOINT((816.4958123615562,2075.5139381964213,0.));
#4171 = IFCCARTESIANPOINT((814.8643749799455,2075.99066914762,0.));
#4172 = IFCCARTESIANPOINT((813.4160927305741,2076.4470495285696,0.));
#4173 = IFCCARTESIANPOINT((812.1509656134413,2076.8830793392704,0.));
#4174 = IFCCARTESIANPOINT((811.0689936285478,2077.2987585797223,0.));
#4175 = IFCCARTESIANPOINT((810.1701767758932,2077.6940872499254,0.));
#4176 = IFCCARTESIANPOINT((820.3081525214948,2074.4994245832786,0.));
#4177 = IFCPOLYLINE((#4178,#4179));
#4178 = IFCCARTESIANPOINT((810.1701767758932,2077.6940872499254,0.));
#4179 = IFCCARTESIANPOINT((810.1701767758932,2077.6940872499254,0.));
#4180 = IFCPOLYLINE((#4181,#4182,#4183,#4184,#4185,#4186,#4187,#4188,#4189));
#4181 = IFCCARTESIANPOINT((810.1701767758932,2077.6940872499254,0.));
#4182 = IFCCARTESIANPOINT((809.3908253078474,2078.1003449300774,0.));
#4183 = IFCCARTESIANPOINT((808.6672494767795,2078.5488112003745,0.));
#4184 = IFCCARTESIANPOINT((807.9994492826897,2079.039486060817,0.));
#4185 = IFCCARTESIANPOINT((807.3874247255784,2079.5723695114057,0.));
#4186 = IFCCARTESIANPOINT((806.8311758054449,2080.1474615521397,0.));
#4187 = IFCCARTESIANPOINT((806.3307025222897,2080.7647621830197,0.));
#4188 = IFCCARTESIANPOINT((805.8860048761126,2081.4242714040447,0.));
#4189 = IFCCARTESIANPOINT((810.1701767758932,2077.6940872499254,0.));
#4190 = IFCPOLYLINE((#4191,#4192));
#4191 = IFCCARTESIANPOINT((805.8860048761126,2081.4242714040447,0.));
#4192 = IFCCARTESIANPOINT((805.8860048761126,2081.4242714040447,0.));
#4193 = IFCPOLYLINE((#4194,#4195,#4196,#4197,#4198,#4199,#4200,#4201,#4202));
#4194 = IFCCARTESIANPOINT((805.8860048761126,2081.4242714040447,0.));
#4195 = IFCCARTESIANPOINT((805.4989671789739,2082.1150602052676,0.));
#4196 = IFCCARTESIANPOINT((805.1714737429331,2082.8261995767384,0.));
#4197 = IFCCARTESIANPOINT((804.9035245679906,2083.5576895184586,0.));
#4198 = IFCCARTESIANPOINT((804.6951196541468,2084.3095300304276,0.));
#4199 = IFCCARTESIANPOINT((804.546259001401,2085.081721112645,0.));
#4200 = IFCCARTESIANPOINT((804.4569426097537,2085.874262765112,0.));
#4201 = IFCCARTESIANPOINT((804.4271704792045,2086.687154987827,0.));
#4202 = IFCCARTESIANPOINT((805.8860048761126,2081.4242714040447,0.));
#4203 = IFCPOLYLINE((#4204,#4205));
#4204 = IFCCARTESIANPOINT((804.4271704792045,2086.687154987827,0.));
#4205 = IFCCARTESIANPOINT((804.4271704792045,2086.687154987827,0.));
#4206 = IFCPOLYLINE((#4207,#4208,#4209,#4210,#4211,#4212,#4213,#4214,#4215));
#4207 = IFCCARTESIANPOINT((804.4271704792045,2086.687154987827,0.));
#4208 = IFCCARTESIANPOINT((804.4516665359856,2087.4284433522603,0.));
#4209 = IFCCARTESIANPOINT((804.5251547063283,2088.153903495387,0.));
#4210 = IFCCARTESIANPOINT((804.647634990233,2088.8635354172106,0.));
#4211 = IFCCARTESIANPOINT((804.8191073876997,2089.5573391177295,0.));
#4212 = IFCCARTESIANPOINT((805.039571898728,2090.235314596943,0.));
#4213 = IFCCARTESIANPOINT((805.3090285233184,2090.8974618548527,0.));
#4214 = IFCCARTESIANPOINT((805.6274772614706,2091.5437808914576,0.));
#4215 = IFCCARTESIANPOINT((804.4271704792045,2086.687154987827,0.));
#4216 = IFCPOLYLINE((#4217,#4218));
#4217 = IFCCARTESIANPOINT((805.6274772614706,2091.5437808914576,0.));
#4218 = IFCCARTESIANPOINT((805.6274772614706,2091.5437808914576,0.));
#4219 = IFCPOLYLINE((#4220,#4221,#4222,#4223,#4224,#4225,#4226,#4227,#4228));
#4220 = IFCCARTESIANPOINT((805.6274772614706,2091.5437808914576,0.));
#4221 = IFCCARTESIANPOINT((805.9881345897687,2092.166734458518,0.));
#4222 = IFCCARTESIANPOINT((806.3842169847957,2092.758785307792,0.));
#4223 = IFCCARTESIANPOINT((806.8157244465523,2093.3199334392816,0.));
#4224 = IFCCARTESIANPOINT((807.2826569750383,2093.850178852986,0.));
#4225 = IFCCARTESIANPOINT((807.7850145702535,2094.3495215489056,0.));
#4226 = IFCCARTESIANPOINT((808.3227972321982,2094.817961527039,0.));
#4227 = IFCCARTESIANPOINT((808.8960049608722,2095.255498787388,0.));
#4228 = IFCCARTESIANPOINT((805.6274772614706,2091.5437808914576,0.));
#4229 = IFCPOLYLINE((#4230,#4231));
#4230 = IFCCARTESIANPOINT((808.8960049608722,2095.255498787388,0.));
#4231 = IFCCARTESIANPOINT((808.8960049608722,2095.255498787388,0.));
#4232 = IFCPOLYLINE((#4233,#4234,#4235,#4236,#4237,#4238,#4239,#4240,#4241));
#4233 = IFCCARTESIANPOINT((808.8960049608722,2095.255498787388,0.));
#4234 = IFCCARTESIANPOINT((809.3621837645344,2095.5754549751887,0.));
#4235 = IFCCARTESIANPOINT((809.8743397824618,2095.8810903913322,0.));
#4236 = IFCCARTESIANPOINT((810.4324730146552,2096.172405035819,0.));
#4237 = IFCCARTESIANPOINT((811.0365834611146,2096.4493989086504,0.));
#4238 = IFCCARTESIANPOINT((811.6866711218395,2096.712072009824,0.));
#4239 = IFCCARTESIANPOINT((812.3827359968303,2096.960424339342,0.));
#4240 = IFCCARTESIANPOINT((813.1247780860867,2097.1944558972027,0.));
#4241 = IFCCARTESIANPOINT((808.8960049608722,2095.255498787388,0.));
#4242 = IFCPOLYLINE((#4243,#4244));
#4243 = IFCCARTESIANPOINT((813.1247780860867,2097.1944558972027,0.));
#4244 = IFCCARTESIANPOINT((813.1247780860867,2097.1944558972027,0.));
#4245 = IFCPOLYLINE((#4246,#4247,#4248,#4249,#4250,#4251,#4252,#4253,#4254));
#4246 = IFCCARTESIANPOINT((813.1247780860867,2097.1944558972027,0.));
#4247 = IFCCARTESIANPOINT((813.8977228931286,2097.405121985519,0.));
#4248 = IFCCARTESIANPOINT((814.6864959214748,2097.583377906402,0.));
#4249 = IFCCARTESIANPOINT((815.4910971711256,2097.7292236598514,0.));
#4250 = IFCCARTESIANPOINT((816.3115266420813,2097.8426592458677,0.));
#4251 = IFCCARTESIANPOINT((817.1477843343414,2097.923684664451,0.));
#4252 = IFCCARTESIANPOINT((817.9998702479061,2097.9722999156006,0.));
#4253 = IFCCARTESIANPOINT((818.8677843827754,2097.9885049993172,0.));
#4254 = IFCCARTESIANPOINT((813.1247780860867,2097.1944558972027,0.));
#4255 = IFCPOLYLINE((#4256,#4257));
#4256 = IFCCARTESIANPOINT((818.8677843827754,2097.9885049993172,0.));
#4257 = IFCCARTESIANPOINT((818.8677843827754,2097.9885049993172,0.));
#4258 = IFCPOLYLINE((#4259,#4260,#4261,#4262,#4263,#4264,#4265,#4266,#4267));
#4259 = IFCCARTESIANPOINT((818.8677843827754,2097.9885049993172,0.));
#4260 = IFCCARTESIANPOINT((820.1638142176934,2097.961370905653,0.));
#4261 = IFCCARTESIANPOINT((821.4138668383454,2097.879968624657,0.));
#4262 = IFCCARTESIANPOINT((822.6179422447314,2097.7442981563318,0.));
#4263 = IFCCARTESIANPOINT((823.776040436852,2097.5543595006766,0.));
#4264 = IFCCARTESIANPOINT((824.8881614147068,2097.310152657691,0.));
#4265 = IFCCARTESIANPOINT((825.9543051782957,2097.011677627376,0.));
#4266 = IFCCARTESIANPOINT((826.974471727619,2096.65893440973,0.));
#4267 = IFCCARTESIANPOINT((818.8677843827754,2097.9885049993172,0.));
#4268 = IFCPOLYLINE((#4269,#4270));
#4269 = IFCCARTESIANPOINT((826.974471727619,2096.65893440973,0.));
#4270 = IFCCARTESIANPOINT((826.974471727619,2096.65893440973,0.));
#4271 = IFCPOLYLINE((#4272,#4273,#4274,#4275,#4276,#4277,#4278,#4279,#4280));
#4272 = IFCCARTESIANPOINT((826.974471727619,2096.65893440973,0.));
#4273 = IFCCARTESIANPOINT((827.93434029102,2096.259837115407,0.));
#4274 = IFCCARTESIANPOINT((828.8195900968418,2095.822299855058,0.));
#4275 = IFCCARTESIANPOINT((829.630221145085,2095.3463226286835,0.));
#4276 = IFCCARTESIANPOINT((830.3662334357493,2094.831905436284,0.));
#4277 = IFCCARTESIANPOINT((831.0276269688347,2094.2790482778587,0.));
#4278 = IFCCARTESIANPOINT((831.6144017443414,2093.687751153408,0.));
#4279 = IFCCARTESIANPOINT((832.1265577622689,2093.0580140629318,0.));
#4280 = IFCCARTESIANPOINT((826.974471727619,2096.65893440973,0.));
#4281 = IFCPOLYLINE((#4282,#4283));
#4282 = IFCCARTESIANPOINT((832.1265577622689,2093.0580140629318,0.));
#4283 = IFCCARTESIANPOINT((832.1265577622689,2093.0580140629318,0.));
#4284 = IFCPOLYLINE((#4285,#4286,#4287,#4288,#4289,#4290,#4291,#4292,#4293));
#4285 = IFCCARTESIANPOINT((832.1265577622689,2093.0580140629318,0.));
#4286 = IFCCARTESIANPOINT((832.5803001063346,2092.377777409246,0.));
#4287 = IFCCARTESIANPOINT((832.9918338602541,2091.634981595165,0.));
#4288 = IFCCARTESIANPOINT((833.3611590240283,2090.82962662069,0.));
#4289 = IFCCARTESIANPOINT((833.688275597657,2089.961712485821,0.));
#4290 = IFCCARTESIANPOINT((833.9731835811399,2089.031239190557,0.));
#4291 = IFCCARTESIANPOINT((834.2158829744773,2088.038206734899,0.));
#4292 = IFCCARTESIANPOINT((834.4163737776689,2086.9826151188463,0.));
#4293 = IFCCARTESIANPOINT((832.1265577622689,2093.0580140629318,0.));
#4294 = IFCPOLYLINE((#4295,#4296,#4297,#4298));
#4295 = IFCCARTESIANPOINT((834.4163737776689,2086.9826151188463,0.));
#4296 = IFCCARTESIANPOINT((827.9162508952431,2086.0962347257882,0.));
#4297 = IFCCARTESIANPOINT((827.9162508952431,2086.0962347257882,0.));
#4298 = IFCCARTESIANPOINT((834.4163737776689,2086.9826151188463,0.));
#4299 = IFCPOLYLINE((#4300,#4301,#4302,#4303,#4304,#4305,#4306,#4307,#4308));
#4300 = IFCCARTESIANPOINT((827.9162508952431,2086.0962347257882,0.));
#4301 = IFCCARTESIANPOINT((827.755330645313,2086.934376730109,0.));
#4302 = IFCCARTESIANPOINT((827.5258214363961,2087.7182505470983,0.));
#4303 = IFCCARTESIANPOINT((827.2277232684925,2088.4478561767583,0.));
#4304 = IFCCARTESIANPOINT((826.8610361416027,2089.1231936190884,0.));
#4305 = IFCCARTESIANPOINT((826.425760055726,2089.7442628740882,0.));
#4306 = IFCCARTESIANPOINT((825.9218950108625,2090.311063941758,0.));
#4307 = IFCCARTESIANPOINT((825.3494410070125,2090.823596822098,0.));
#4308 = IFCCARTESIANPOINT((827.9162508952431,2086.0962347257882,0.));
#4309 = IFCPOLYLINE((#4310,#4311));
#4310 = IFCCARTESIANPOINT((825.3494410070125,2090.823596822098,0.));
#4311 = IFCCARTESIANPOINT((825.3494410070125,2090.823596822098,0.));
#4312 = IFCPOLYLINE((#4313,#4314,#4315,#4316,#4317,#4318,#4319,#4320,#4321));
#4313 = IFCCARTESIANPOINT((825.3494410070125,2090.823596822098,0.));
#4314 = IFCCARTESIANPOINT((824.7068905945281,2091.274324266868,0.));
#4315 = IFCCARTESIANPOINT((823.9927363237604,2091.655709027826,0.));
#4316 = IFCCARTESIANPOINT((823.2069781947101,2091.9677511049736,0.));
#4317 = IFCCARTESIANPOINT((822.3496162073773,2092.2104504983117,0.));
#4318 = IFCCARTESIANPOINT((821.4206503617615,2092.383807207838,0.));
#4319 = IFCCARTESIANPOINT((820.4200806578631,2092.487821233554,0.));
#4320 = IFCCARTESIANPOINT((819.3479070956819,2092.522492575459,0.));
#4321 = IFCCARTESIANPOINT((825.3494410070125,2090.823596822098,0.));
#4322 = IFCPOLYLINE((#4323,#4324));
#4323 = IFCCARTESIANPOINT((819.3479070956819,2092.522492575459,0.));
#4324 = IFCCARTESIANPOINT((819.3479070956819,2092.522492575459,0.));
#4325 = IFCPOLYLINE((#4326,#4327,#4328,#4329,#4330,#4331,#4332,#4333,#4334));
#4326 = IFCCARTESIANPOINT((819.3479070956819,2092.522492575459,0.));
#4327 = IFCCARTESIANPOINT((818.0929552636738,2092.491589857674,0.));
#4328 = IFCCARTESIANPOINT((816.9450323566775,2092.3988817043182,0.));
#4329 = IFCCARTESIANPOINT((815.9041383746934,2092.2443681153923,0.));
#4330 = IFCCARTESIANPOINT((814.9702733177216,2092.0280490908963,0.));
#4331 = IFCCARTESIANPOINT((814.1434371857619,2091.7499246308294,0.));
#4332 = IFCCARTESIANPOINT((813.4236299788142,2091.4099947351924,0.));
#4333 = IFCCARTESIANPOINT((812.8108516968787,2091.008259403985,0.));
#4334 = IFCCARTESIANPOINT((819.3479070956819,2092.522492575459,0.));
#4335 = IFCPOLYLINE((#4336,#4337));
#4336 = IFCCARTESIANPOINT((812.8108516968787,2091.008259403985,0.));
#4337 = IFCCARTESIANPOINT((812.8108516968787,2091.008259403985,0.));
#4338 = IFCPOLYLINE((#4339,#4340,#4341,#4342,#4343,#4344,#4345,#4346,#4347));
#4339 = IFCCARTESIANPOINT((812.8108516968787,2091.008259403985,0.));
#4340 = IFCCARTESIANPOINT((812.2915352931228,2090.5650692074564,0.));
#4341 = IFCCARTESIANPOINT((811.8521137207139,2090.100774715854,0.));
#4342 = IFCCARTESIANPOINT((811.4925869796518,2089.615375929179,0.));
#4343 = IFCCARTESIANPOINT((811.2129550699374,2089.1088728474324,0.));
#4344 = IFCCARTESIANPOINT((811.0132179915696,2088.581265470612,0.));
#4345 = IFCCARTESIANPOINT((810.8933757445491,2088.0325537987187,0.));
#4346 = IFCCARTESIANPOINT((810.8534283288755,2087.4627378317527,0.));
#4347 = IFCCARTESIANPOINT((812.8108516968787,2091.008259403985,0.));
#4348 = IFCPOLYLINE((#4349,#4350));
#4349 = IFCCARTESIANPOINT((810.8534283288755,2087.4627378317527,0.));
#4350 = IFCCARTESIANPOINT((810.8534283288755,2087.4627378317527,0.));
#4351 = IFCPOLYLINE((#4352,#4353,#4354,#4355,#4356,#4357,#4358,#4359,#4360));
#4352 = IFCCARTESIANPOINT((810.8534283288755,2087.4627378317527,0.));
#4353 = IFCCARTESIANPOINT((810.8700102750042,2087.098688741747,0.));
#4354 = IFCCARTESIANPOINT((810.91975611339,2086.745191799277,0.));
#4355 = IFCCARTESIANPOINT((811.002665844033,2086.4022470043437,0.));
#4356 = IFCCARTESIANPOINT((811.1187394669337,2086.0698543569474,0.));
#4357 = IFCCARTESIANPOINT((811.2679769820913,2085.7480138570872,0.));
#4358 = IFCCARTESIANPOINT((811.4503783895065,2085.4367255047628,0.));
#4359 = IFCCARTESIANPOINT((811.6659436891787,2085.1359892999753,0.));
#4360 = IFCCARTESIANPOINT((810.8534283288755,2087.4627378317527,0.));
#4361 = IFCPOLYLINE((#4362,#4363));
#4362 = IFCCARTESIANPOINT((811.6659436891787,2085.1359892999753,0.));
#4363 = IFCCARTESIANPOINT((811.6659436891787,2085.1359892999753,0.));
#4364 = IFCPOLYLINE((#4365,#4366,#4367,#4368,#4369,#4370,#4371,#4372,#4373));
#4365 = IFCCARTESIANPOINT((811.6659436891787,2085.1359892999753,0.));
#4366 = IFCCARTESIANPOINT((811.9169340555804,2084.8375142696605,0.));
#4367 = IFCCARTESIANPOINT((812.2056106631835,2084.554113735825,0.));
#4368 = IFCCARTESIANPOINT((812.5319735119879,2084.2857876984704,0.));
#4369 = IFCCARTESIANPOINT((812.896022601994,2084.032536157597,0.));
#4370 = IFCCARTESIANPOINT((813.2977579332014,2083.794359113204,0.));
#4371 = IFCCARTESIANPOINT((813.7371795056104,2083.571256565291,0.));
#4372 = IFCCARTESIANPOINT((814.2142873192206,2083.363228513859,0.));
#4373 = IFCCARTESIANPOINT((811.6659436891787,2085.1359892999753,0.));
#4374 = IFCPOLYLINE((#4375,#4376));
#4375 = IFCCARTESIANPOINT((814.2142873192206,2083.363228513859,0.));
#4376 = IFCCARTESIANPOINT((814.2142873192206,2083.363228513859,0.));
#4377 = IFCPOLYLINE((#4378,#4379,#4380,#4381,#4382,#4383,#4384,#4385,#4386));
#4378 = IFCCARTESIANPOINT((814.2142873192206,2083.363228513859,0.));
#4379 = IFCCARTESIANPOINT((814.5783364092267,2083.238110193071,0.));
#4380 = IFCCARTESIANPOINT((815.1006677122787,2083.0737981814323,0.));
#4381 = IFCCARTESIANPOINT((815.7812812283767,2082.870292478944,0.));
#4382 = IFCCARTESIANPOINT((816.620176957521,2082.6275930856073,0.));
#4383 = IFCCARTESIANPOINT((817.6173548997114,2082.3457000014205,0.));
#4384 = IFCCARTESIANPOINT((818.7728150549478,2082.0246132263837,0.));
#4385 = IFCCARTESIANPOINT((820.0865574232303,2081.664332760498,0.));
#4386 = IFCCARTESIANPOINT((814.2142873192206,2083.363228513859,0.));
#4387 = IFCPOLYLINE((#4388,#4389));
#4388 = IFCCARTESIANPOINT((820.0865574232303,2081.664332760498,0.));
#4389 = IFCCARTESIANPOINT((820.0865574232303,2081.664332760498,0.));
#4390 = IFCPOLYLINE((#4391,#4392,#4393,#4394,#4395,#4396,#4397,#4398,#4399));
#4391 = IFCCARTESIANPOINT((820.0865574232303,2081.664332760498,0.));
#4392 = IFCCARTESIANPOINT((822.0149623855086,2081.1401171453863,0.));
#4393 = IFCCARTESIANPOINT((823.7692569134358,2080.6437893487628,0.));
#4394 = IFCCARTESIANPOINT((825.3494410070125,2080.1753493706283,0.));
#4395 = IFCCARTESIANPOINT((826.7555146662386,2079.7347972109837,0.));
#4396 = IFCCARTESIANPOINT((827.9874778911138,2079.3221328698282,0.));
#4397 = IFCCARTESIANPOINT((829.0453306816385,2078.9373563471613,0.));
#4398 = IFCCARTESIANPOINT((829.9290730378125,2078.5804676429834,0.));
#4399 = IFCCARTESIANPOINT((820.0865574232303,2081.664332760498,0.));
#4400 = IFCPOLYLINE((#4401,#4402));
#4401 = IFCCARTESIANPOINT((829.9290730378125,2078.5804676429834,0.));
#4402 = IFCCARTESIANPOINT((829.9290730378125,2078.5804676429834,0.));
#4403 = IFCPOLYLINE((#4404,#4405,#4406,#4407,#4408,#4409,#4410,#4411,#4412));
#4404 = IFCCARTESIANPOINT((829.9290730378125,2078.5804676429834,0.));
#4405 = IFCCARTESIANPOINT((830.7012641200303,2078.2152879657415,0.));
#4406 = IFCCARTESIANPOINT((831.4244630886859,2077.805638523882,0.));
#4407 = IFCCARTESIANPOINT((832.0986699437797,2077.351519317404,0.));
#4408 = IFCCARTESIANPOINT((832.7238846853121,2076.852930346309,0.));
#4409 = IFCCARTESIANPOINT((833.3001073132821,2076.309871610596,0.));
#4410 = IFCCARTESIANPOINT((833.8273378276904,2075.7223431102657,0.));
#4411 = IFCCARTESIANPOINT((834.3055762285367,2075.0903448453173,0.));
#4412 = IFCCARTESIANPOINT((829.9290730378125,2078.5804676429834,0.));
#4413 = IFCPOLYLINE((#4414,#4415));
#4414 = IFCCARTESIANPOINT((834.3055762285367,2075.0903448453173,0.));
#4415 = IFCCARTESIANPOINT((834.3055762285367,2075.0903448453173,0.));
#4416 = IFCPOLYLINE((#4417,#4418,#4419,#4420,#4421,#4422,#4423,#4424,#4425));
#4417 = IFCCARTESIANPOINT((834.3055762285367,2075.0903448453173,0.));
#4418 = IFCCARTESIANPOINT((834.726908405169,2074.41349995334,0.));
#4419 = IFCCARTESIANPOINT((835.0834202469346,2073.6914315719196,0.));
#4420 = IFCCARTESIANPOINT((835.3751117538336,2072.924139701058,0.));
#4421 = IFCCARTESIANPOINT((835.6019829258665,2072.111624340755,0.));
#4422 = IFCCARTESIANPOINT((835.7640337630328,2071.25388549101,0.));
#4423 = IFCCARTESIANPOINT((835.8612642653325,2070.3509231518233,0.));
#4424 = IFCCARTESIANPOINT((835.8936744327657,2069.4027373231947,0.));
#4425 = IFCCARTESIANPOINT((834.3055762285367,2075.0903448453173,0.));
#4426 = IFCPOLYLINE((#4427,#4428));
#4427 = IFCCARTESIANPOINT((835.8936744327657,2069.4027373231947,0.));
#4428 = IFCCARTESIANPOINT((835.8936744327657,2069.4027373231947,0.));
#4429 = IFCPOLYLINE((#4430,#4431,#4432,#4433,#4434,#4435,#4436,#4437,#4438));
#4430 = IFCCARTESIANPOINT((835.8936744327657,2069.4027373231947,0.));
#4431 = IFCCARTESIANPOINT((835.8541038795045,2068.460958155571,0.));
#4432 = IFCCARTESIANPOINT((835.7353922197196,2067.535007209251,0.));
#4433 = IFCCARTESIANPOINT((835.5375394534118,2066.6248844842357,0.));
#4434 = IFCCARTESIANPOINT((835.2605455805815,2065.7305899805256,0.));
#4435 = IFCCARTESIANPOINT((834.9044106012277,2064.8521236981196,0.));
#4436 = IFCCARTESIANPOINT((834.469134515351,2063.989485637019,0.));
#4437 = IFCCARTESIANPOINT((833.9547173229512,2063.142675797222,0.));
#4438 = IFCCARTESIANPOINT((835.8936744327657,2069.4027373231947,0.));
#4439 = IFCPOLYLINE((#4440,#4441));
#4440 = IFCCARTESIANPOINT((833.9547173229512,2063.142675797222,0.));
#4441 = IFCCARTESIANPOINT((833.9547173229512,2063.142675797222,0.));
#4442 = IFCPOLYLINE((#4443,#4444,#4445,#4446,#4447,#4448,#4449,#4450,#4451));
#4443 = IFCCARTESIANPOINT((833.9547173229512,2063.142675797222,0.));
#4444 = IFCCARTESIANPOINT((833.3656813729727,2062.3309141617437,0.));
#4445 = IFCCARTESIANPOINT((832.7065490143593,2061.5734207135943,0.));
#4446 = IFCCARTESIANPOINT((831.9773202471112,2060.8701954527746,0.));
#4447 = IFCCARTESIANPOINT((831.1779950712285,2060.221238379286,0.));
#4448 = IFCCARTESIANPOINT((830.3085734867111,2059.626549493127,0.));
#4449 = IFCCARTESIANPOINT((829.369055493559,2059.0861287942985,0.));
#4450 = IFCCARTESIANPOINT((828.3594410917722,2058.5999762827996,0.));
#4451 = IFCCARTESIANPOINT((833.9547173229512,2063.142675797222,0.));
#4452 = IFCPOLYLINE((#4453,#4454));
#4453 = IFCCARTESIANPOINT((828.3594410917722,2058.5999762827996,0.));
#4454 = IFCCARTESIANPOINT((828.3594410917722,2058.5999762827996,0.));
#4455 = IFCPOLYLINE((#4456,#4457,#4458,#4459,#4460,#4461,#4462,#4463,#4464));
#4456 = IFCCARTESIANPOINT((828.3594410917722,2058.5999762827996,0.));
#4457 = IFCCARTESIANPOINT((827.2951816402434,2058.173744894812,0.));
#4458 = IFCCARTESIANPOINT((826.1917284978648,2057.813087566514,0.));
#4459 = IFCCARTESIANPOINT((825.0490816646368,2057.5180042979055,0.));
#4460 = IFCCARTESIANPOINT((823.8672411405595,2057.2884950889893,0.));
#4461 = IFCCARTESIANPOINT((822.6462069256327,2057.124559939763,0.));
#4462 = IFCCARTESIANPOINT((821.3859790198562,2057.026198850227,0.));
#4463 = IFCCARTESIANPOINT((820.0865574232303,2056.993411820382,0.));
#4464 = IFCCARTESIANPOINT((828.3594410917722,2058.5999762827996,0.));
#4465 = IFCPOLYLINE((#4466,#4467));
#4466 = IFCCARTESIANPOINT((820.0865574232303,2056.993411820382,0.));
#4467 = IFCCARTESIANPOINT((820.0865574232303,2056.993411820382,0.));
#4468 = IFCPOLYLINE((#4469,#4470,#4471,#4472,#4473,#4474,#4475,#4476,#4477));
#4469 = IFCCARTESIANPOINT((820.0865574232303,2056.993411820382,0.));
#4470 = IFCCARTESIANPOINT((817.9765047783613,2057.058232155249,0.));
#4471 = IFCCARTESIANPOINT((816.0149359238259,2057.2526931598477,0.));
#4472 = IFCCARTESIANPOINT((814.2018508596241,2057.57679483418,0.));
#4473 = IFCCARTESIANPOINT((812.5372495857562,2058.030537178246,0.));
#4474 = IFCCARTESIANPOINT((811.0211321022218,2058.613920192044,0.));
#4475 = IFCCARTESIANPOINT((809.6534984090214,2059.326943875576,0.));
#4476 = IFCCARTESIANPOINT((808.4343485061545,2060.16960822884,0.));
#4477 = IFCCARTESIANPOINT((820.0865574232303,2056.993411820382,0.));
#4478 = IFCPOLYLINE((#4479,#4480));
#4479 = IFCCARTESIANPOINT((808.4343485061545,2060.16960822884,0.));
#4480 = IFCCARTESIANPOINT((808.4343485061545,2060.16960822884,0.));
#4481 = IFCPOLYLINE((#4482,#4483,#4484,#4485,#4486,#4487,#4488,#4489,#4490));
#4482 = IFCCARTESIANPOINT((808.4343485061545,2060.16960822884,0.));
#4483 = IFCCARTESIANPOINT((807.3486078971409,2061.1396520773656,0.));
#4484 = IFCCARTESIANPOINT((806.3812020854996,2062.2348142466794,0.));
#4485 = IFCCARTESIANPOINT((805.5321310712308,2063.455094736782,0.));
#4486 = IFCCARTESIANPOINT((804.8013948543348,2064.800493547674,0.));
#4487 = IFCCARTESIANPOINT((804.1889934348114,2066.2710106793543,0.));
#4488 = IFCCARTESIANPOINT((803.6949268126605,2067.866646131824,0.));
#4489 = IFCCARTESIANPOINT((803.3191949878819,2069.587399905082,0.));
#4490 = IFCCARTESIANPOINT((808.4343485061545,2060.16960822884,0.));
#4491 = IFCPOLYLINE((#4492,#4493,#4494,#4495,#4496,#4497));
#4492 = IFCCARTESIANPOINT((843.7972329375334,2042.8482580478303,0.));
#4493 = IFCCARTESIANPOINT((843.7972329375334,2097.102124606259,0.));
#4494 = IFCCARTESIANPOINT((849.8541656234302,2097.102124606259,0.));
#4495 = IFCCARTESIANPOINT((849.8541656234302,2092.0054373461753,0.));
#4496 = IFCCARTESIANPOINT((849.8541656234302,2092.0054373461753,0.));
#4497 = IFCCARTESIANPOINT((843.7972329375334,2042.8482580478303,0.));
#4498 = IFCPOLYLINE((#4499,#4500,#4501,#4502,#4503,#4504,#4505,#4506,#4507));
#4499 = IFCCARTESIANPOINT((849.8541656234302,2092.0054373461753,0.));
#4500 = IFCCARTESIANPOINT((850.4774960529023,2092.829635441252,0.));
#4501 = IFCCARTESIANPOINT((851.1234382270949,2093.59278182558,0.));
#4502 = IFCCARTESIANPOINT((851.7919921460086,2094.2948764991634,0.));
#4503 = IFCCARTESIANPOINT((852.4831578096433,2094.935919462,0.));
#4504 = IFCCARTESIANPOINT((853.1969352179987,2095.5159107140903,0.));
#4505 = IFCCARTESIANPOINT((853.933324371075,2096.0348502554343,0.));
#4506 = IFCCARTESIANPOINT((854.6923252688721,2096.4927380860317,0.));
#4507 = IFCCARTESIANPOINT((849.8541656234302,2092.0054373461753,0.));
#4508 = IFCPOLYLINE((#4509,#4510));
#4509 = IFCCARTESIANPOINT((854.6923252688721,2096.4927380860317,0.));
#4510 = IFCCARTESIANPOINT((854.6923252688721,2096.4927380860317,0.));
#4511 = IFCPOLYLINE((#4512,#4513,#4514,#4515,#4516,#4517,#4518,#4519,#4520));
#4512 = IFCCARTESIANPOINT((854.6923252688721,2096.4927380860317,0.));
#4513 = IFCCARTESIANPOINT((855.4859975085748,2096.8895742058835,0.));
#4514 = IFCCARTESIANPOINT((856.3264006873669,2097.2253586149877,0.));
#4515 = IFCCARTESIANPOINT((857.2135348052489,2097.5000913133463,0.));
#4516 = IFCCARTESIANPOINT((858.1473998622208,2097.7137723009587,0.));
#4517 = IFCCARTESIANPOINT((859.1279958582825,2097.8664015778245,0.));
#4518 = IFCCARTESIANPOINT((860.155322793434,2097.957979143944,0.));
#4519 = IFCCARTESIANPOINT((861.2293806676753,2097.9885049993172,0.));
#4520 = IFCCARTESIANPOINT((854.6923252688721,2096.4927380860317,0.));
#4521 = IFCPOLYLINE((#4522,#4523));
#4522 = IFCCARTESIANPOINT((861.2293806676753,2097.9885049993172,0.));
#4523 = IFCCARTESIANPOINT((861.2293806676753,2097.9885049993172,0.));
#4524 = IFCPOLYLINE((#4525,#4526,#4527,#4528,#4529,#4530,#4531,#4532,#4533));
#4525 = IFCCARTESIANPOINT((861.2293806676753,2097.9885049993172,0.));
#4526 = IFCCARTESIANPOINT((862.6403535382578,2097.935744261636,0.));
#4527 = IFCCARTESIANPOINT((864.0030880201019,2097.777462048589,0.));
#4528 = IFCCARTESIANPOINT((865.3175841132082,2097.513658360179,0.));
#4529 = IFCCARTESIANPOINT((866.5838418175771,2097.144333196405,0.));
#4530 = IFCCARTESIANPOINT((867.8018611332079,2096.6694865572667,0.));
#4531 = IFCCARTESIANPOINT((868.9716420601009,2096.089118442764,0.));
#4532 = IFCCARTESIANPOINT((870.0931845982559,2095.403228852898,0.));
#4533 = IFCCARTESIANPOINT((861.2293806676753,2097.9885049993172,0.));
#4534 = IFCPOLYLINE((#4535,#4536));
#4535 = IFCCARTESIANPOINT((870.0931845982559,2095.403228852898,0.));
#4536 = IFCCARTESIANPOINT((870.0931845982559,2095.403228852898,0.));
#4537 = IFCPOLYLINE((#4538,#4539,#4540,#4541,#4542,#4543,#4544,#4545,#4546));
#4538 = IFCCARTESIANPOINT((870.0931845982559,2095.403228852898,0.));
#4539 = IFCCARTESIANPOINT((871.1521679760169,2094.621239347968,0.));
#4540 = IFCCARTESIANPOINT((872.1342714217265,2093.7525714882745,0.));
#4541 = IFCCARTESIANPOINT((873.0394949353849,2092.7972252738173,0.));
#4542 = IFCCARTESIANPOINT((873.8678385169931,2091.755200704598,0.));
#4543 = IFCCARTESIANPOINT((874.6193021665499,2090.6264977806145,0.));
#4544 = IFCCARTESIANPOINT((875.2938858840557,2089.4111165018676,0.));
#4545 = IFCCARTESIANPOINT((875.8915896695107,2088.1090568683576,0.));
#4546 = IFCCARTESIANPOINT((870.0931845982559,2095.403228852898,0.));
#4547 = IFCPOLYLINE((#4548,#4549));
#4548 = IFCCARTESIANPOINT((875.8915896695107,2088.1090568683576,0.));
#4549 = IFCCARTESIANPOINT((875.8915896695107,2088.1090568683576,0.));
#4550 = IFCPOLYLINE((#4551,#4552,#4553,#4554,#4555,#4556,#4557,#4558,#4559));
#4551 = IFCCARTESIANPOINT((875.8915896695107,2088.1090568683576,0.));
#4552 = IFCCARTESIANPOINT((876.410906073267,2086.7451917992776,0.));
#4553 = IFCCARTESIANPOINT((876.8503276456757,2085.3443942138197,0.));
#4554 = IFCCARTESIANPOINT((877.2098543867372,2083.906664111984,0.));
#4555 = IFCCARTESIANPOINT((877.4894862964522,2082.4320014937716,0.));
#4556 = IFCCARTESIANPOINT((877.6892233748197,2080.9204063591815,0.));
#4557 = IFCCARTESIANPOINT((877.8090656218404,2079.371878708214,0.));
#4558 = IFCCARTESIANPOINT((877.8490130375139,2077.786418540869,0.));
#4559 = IFCCARTESIANPOINT((875.8915896695107,2088.1090568683576,0.));
#4560 = IFCPOLYLINE((#4561,#4562));
#4561 = IFCCARTESIANPOINT((877.8490130375139,2077.786418540869,0.));
#4562 = IFCCARTESIANPOINT((877.8490130375139,2077.786418540869,0.));
#4563 = IFCPOLYLINE((#4564,#4565,#4566,#4567,#4568,#4569,#4570,#4571,#4572));
#4564 = IFCCARTESIANPOINT((877.8490130375139,2077.786418540869,0.));
#4565 = IFCCARTESIANPOINT((877.8049201353083,2076.0909145492164,0.));
#4566 = IFCCARTESIANPOINT((877.6726414286911,2074.4444026711244,0.));
#4567 = IFCCARTESIANPOINT((877.4521769176627,2072.8468829065946,0.));
#4568 = IFCCARTESIANPOINT((877.1435266022229,2071.298355255628,0.));
#4569 = IFCCARTESIANPOINT((876.7466904823716,2069.798819718222,0.));
#4570 = IFCCARTESIANPOINT((876.261668558109,2068.348276294378,0.));
#4571 = IFCCARTESIANPOINT((875.6884608294349,2066.9467249840964,0.));
#4572 = IFCCARTESIANPOINT((877.8490130375139,2077.786418540869,0.));
#4573 = IFCPOLYLINE((#4574,#4575));
#4574 = IFCCARTESIANPOINT((875.6884608294349,2066.9467249840964,0.));
#4575 = IFCCARTESIANPOINT((875.6884608294349,2066.9467249840964,0.));
#4576 = IFCPOLYLINE((#4577,#4578,#4579,#4580,#4581,#4582,#4583,#4584,#4585));
#4577 = IFCCARTESIANPOINT((875.6884608294349,2066.9467249840964,0.));
#4578 = IFCCARTESIANPOINT((875.0312127828818,2065.6156469448615,0.));
#4579 = IFCCARTESIANPOINT((874.2940699049814,2064.3765233341574,0.));
#4580 = IFCCARTESIANPOINT((873.4770321957338,2063.2293541519853,0.));
#4581 = IFCCARTESIANPOINT((872.5800996551395,2062.174139398345,0.));
#4582 = IFCCARTESIANPOINT((871.603272283198,2061.210879073236,0.));
#4583 = IFCCARTESIANPOINT((870.5465500799094,2060.3395731766586,0.));
#4584 = IFCCARTESIANPOINT((869.4099330452736,2059.5602217086125,0.));
#4585 = IFCCARTESIANPOINT((875.6884608294349,2066.9467249840964,0.));
#4586 = IFCPOLYLINE((#4587,#4588));
#4587 = IFCCARTESIANPOINT((869.4099330452736,2059.5602217086125,0.));
#4588 = IFCCARTESIANPOINT((869.4099330452736,2059.5602217086125,0.));
#4589 = IFCPOLYLINE((#4590,#4591,#4592,#4593,#4594,#4595,#4596,#4597,#4598));
#4590 = IFCCARTESIANPOINT((869.4099330452736,2059.5602217086125,0.));
#4591 = IFCCARTESIANPOINT((868.2247007594883,2058.8792313301033,0.));
#4592 = IFCCARTESIANPOINT((867.02213280275,2058.3030087021325,0.));
#4593 = IFCCARTESIANPOINT((865.802229175059,2057.8315538247016,0.));
#4594 = IFCCARTESIANPOINT((864.5649898764156,2057.464866697812,0.));
#4595 = IFCCARTESIANPOINT((863.3104149068192,2057.202947321462,0.));
#4596 = IFCCARTESIANPOINT((862.0385042662704,2057.0457956956516,0.));
#4597 = IFCCARTESIANPOINT((860.7492579547688,2056.993411820382,0.));
#4598 = IFCCARTESIANPOINT((869.4099330452736,2059.5602217086125,0.));
#4599 = IFCPOLYLINE((#4600,#4601));
#4600 = IFCCARTESIANPOINT((860.7492579547688,2056.993411820382,0.));
#4601 = IFCCARTESIANPOINT((860.7492579547688,2056.993411820382,0.));
#4602 = IFCPOLYLINE((#4603,#4604,#4605,#4606,#4607,#4608,#4609,#4610,#4611));
#4603 = IFCCARTESIANPOINT((860.7492579547688,2056.993411820382,0.));
#4604 = IFCCARTESIANPOINT((859.8135085857372,2057.0220533636952,0.));
#4605 = IFCCARTESIANPOINT((858.9056470351941,2057.1079779936344,0.));
#4606 = IFCCARTESIANPOINT((858.02567330314,2057.2511857101995,0.));
#4607 = IFCCARTESIANPOINT((857.1735873895756,2057.4516765133917,0.));
#4608 = IFCCARTESIANPOINT((856.3493892944998,2057.7094504032093,0.));
#4609 = IFCCARTESIANPOINT((855.5530790179132,2058.0245073796536,0.));
#4610 = IFCCARTESIANPOINT((854.7846565598156,2058.396847442724,0.));
#4611 = IFCCARTESIANPOINT((860.7492579547688,2056.993411820382,0.));
#4612 = IFCPOLYLINE((#4613,#4614));
#4613 = IFCCARTESIANPOINT((854.7846565598156,2058.396847442724,0.));
#4614 = IFCCARTESIANPOINT((854.7846565598156,2058.396847442724,0.));
#4615 = IFCPOLYLINE((#4616,#4617,#4618,#4619,#4620,#4621,#4622,#4623,#4624));
#4616 = IFCCARTESIANPOINT((854.7846565598156,2058.396847442724,0.));
#4617 = IFCCARTESIANPOINT((854.0493979939755,2058.8129035455886,0.));
#4618 = IFCCARTESIANPOINT((853.3525793941606,2059.259108641413,0.));
#4619 = IFCCARTESIANPOINT((852.6942007603711,2059.7354627301993,0.));
#4620 = IFCCARTESIANPOINT((852.0742620926076,2060.241965811947,0.));
#4621 = IFCCARTESIANPOINT((851.4927633908692,2060.7786178866554,0.));
#4622 = IFCCARTESIANPOINT((850.9497046551563,2061.3454189543254,0.));
#4623 = IFCCARTESIANPOINT((850.4450858854689,2061.942369014956,0.));
#4624 = IFCCARTESIANPOINT((854.7846565598156,2058.396847442724,0.));
#4625 = IFCPOLYLINE((#4626,#4627,#4628,#4629));
#4626 = IFCCARTESIANPOINT((850.4450858854689,2061.942369014956,0.));
#4627 = IFCCARTESIANPOINT((850.4450858854689,2042.8482580478303,0.));
#4628 = IFCCARTESIANPOINT((843.7972329375334,2042.8482580478303,0.));
#4629 = IFCCARTESIANPOINT((850.4450858854689,2061.942369014956,0.));
#4630 = IFCPOLYLINE((#4631,#4632,#4633,#4634,#4635,#4636,#4637,#4638,#4639));
#4631 = IFCCARTESIANPOINT((849.8172331070527,2077.269363311585,0.));
#4632 = IFCCARTESIANPOINT((849.8797922674473,2075.1868216227936,0.));
#4633 = IFCCARTESIANPOINT((850.0674697486304,2073.265577046343,0.));
#4634 = IFCCARTESIANPOINT((850.3802655506023,2071.5056295822355,0.));
#4635 = IFCCARTESIANPOINT((850.8181796733631,2069.9069792304704,0.));
#4636 = IFCCARTESIANPOINT((851.3812121169129,2068.469625991047,0.));
#4637 = IFCCARTESIANPOINT((852.0693628812513,2067.193569863966,0.));
#4638 = IFCCARTESIANPOINT((852.8826319663785,2066.078810849227,0.));
#4639 = IFCCARTESIANPOINT((849.8172331070527,2077.269363311585,0.));
#4640 = IFCPOLYLINE((#4641,#4642));
#4641 = IFCCARTESIANPOINT((852.8826319663785,2066.078810849227,0.));
#4642 = IFCCARTESIANPOINT((852.8826319663785,2066.078810849227,0.));
#4643 = IFCPOLYLINE((#4644,#4645,#4646,#4647,#4648,#4649,#4650,#4651,#4652));
#4644 = IFCCARTESIANPOINT((852.8826319663785,2066.078810849227,0.));
#4645 = IFCCARTESIANPOINT((853.7848405807414,2065.1185654234146,0.));
#4646 = IFCCARTESIANPOINT((854.739809932786,2064.306050063111,0.));
#4647 = IFCCARTESIANPOINT((855.7475400225125,2063.641264768317,0.));
#4648 = IFCCARTESIANPOINT((856.8080308499215,2063.1242095390335,0.));
#4649 = IFCCARTESIANPOINT((857.9212824150122,2062.7548843752593,0.));
#4650 = IFCCARTESIANPOINT((859.087294717785,2062.5332892769948,0.));
#4651 = IFCCARTESIANPOINT((860.3060677582398,2062.45942424424,0.));
#4652 = IFCCARTESIANPOINT((852.8826319663785,2066.078810849227,0.));
#4653 = IFCPOLYLINE((#4654,#4655));
#4654 = IFCCARTESIANPOINT((860.3060677582398,2062.45942424424,0.));
#4655 = IFCCARTESIANPOINT((860.3060677582398,2062.45942424424,0.));
#4656 = IFCPOLYLINE((#4657,#4658,#4659,#4660,#4661,#4662,#4663,#4664,#4665));
#4657 = IFCCARTESIANPOINT((860.3060677582398,2062.45942424424,0.));
#4658 = IFCCARTESIANPOINT((861.5463219561798,2062.5359273138793,0.));
#4659 = IFCCARTESIANPOINT((862.7345691412612,2062.7654365227954,0.));
#4660 = IFCCARTESIANPOINT((863.8708093134846,2063.1479518709903,0.));
#4661 = IFCCARTESIANPOINT((864.9550424728504,2063.683473358463,0.));
#4662 = IFCCARTESIANPOINT((865.987268619358,2064.3720009852136,0.));
#4663 = IFCCARTESIANPOINT((866.9674877530078,2065.213534751242,0.));
#4664 = IFCCARTESIANPOINT((867.8956998737995,2066.208074656548,0.));
#4665 = IFCCARTESIANPOINT((860.3060677582398,2062.45942424424,0.));
#4666 = IFCPOLYLINE((#4667,#4668));
#4667 = IFCCARTESIANPOINT((867.8956998737995,2066.208074656548,0.));
#4668 = IFCCARTESIANPOINT((867.8956998737995,2066.208074656548,0.));
#4669 = IFCPOLYLINE((#4670,#4671,#4672,#4673,#4674,#4675,#4676,#4677,#4678));
#4670 = IFCCARTESIANPOINT((867.8956998737995,2066.208074656548,0.));
#4671 = IFCCARTESIANPOINT((868.7334650157079,2067.363157949373,0.));
#4672 = IFCCARTESIANPOINT((869.442343212707,2068.6863218779554,0.));
#4673 = IFCCARTESIANPOINT((870.0223344647972,2070.1775664422967,0.));
#4674 = IFCCARTESIANPOINT((870.4734387719786,2071.8368916423965,0.));
#4675 = IFCCARTESIANPOINT((870.7956561342507,2073.6642974782544,0.));
#4676 = IFCCARTESIANPOINT((870.9889865516144,2075.6597839498713,0.));
#4677 = IFCCARTESIANPOINT((871.0534300240688,2077.8233510572463,0.));
#4678 = IFCCARTESIANPOINT((867.8956998737995,2066.208074656548,0.));
#4679 = IFCPOLYLINE((#4680,#4681));
#4680 = IFCCARTESIANPOINT((871.0534300240688,2077.8233510572463,0.));
#4681 = IFCCARTESIANPOINT((871.0534300240688,2077.8233510572463,0.));
#4682 = IFCPOLYLINE((#4683,#4684,#4685,#4686,#4687,#4688,#4689,#4690,#4691));
#4683 = IFCCARTESIANPOINT((871.0534300240688,2077.8233510572463,0.));
#4684 = IFCCARTESIANPOINT((870.9904940012626,2079.888557075086,0.));
#4685 = IFCCARTESIANPOINT((870.801685932843,2081.8000032288232,0.));
#4686 = IFCCARTESIANPOINT((870.487005818811,2083.5576895184586,0.));
#4687 = IFCCARTESIANPOINT((870.0464536591662,2085.1616159439927,0.));
#4688 = IFCCARTESIANPOINT((869.4800294539084,2086.6117825054243,0.));
#4689 = IFCCARTESIANPOINT((868.7877332030378,2087.908189202754,0.));
#4690 = IFCCARTESIANPOINT((867.9695649065543,2089.050836035982,0.));
#4691 = IFCCARTESIANPOINT((871.0534300240688,2077.8233510572463,0.));
#4692 = IFCPOLYLINE((#4693,#4694));
#4693 = IFCCARTESIANPOINT((867.9695649065543,2089.050836035982,0.));
#4694 = IFCCARTESIANPOINT((867.9695649065543,2089.050836035982,0.));
#4695 = IFCPOLYLINE((#4696,#4697,#4698,#4699,#4700,#4701,#4702,#4703,#4704));
#4696 = IFCCARTESIANPOINT((867.9695649065543,2089.050836035982,0.));
#4697 = IFCCARTESIANPOINT((867.0639645304836,2090.0404767299324,0.));
#4698 = IFCCARTESIANPOINT((866.1093720408508,2090.877865009428,0.));
#4699 = IFCCARTESIANPOINT((865.1057874376562,2091.56300087447,0.));
#4700 = IFCCARTESIANPOINT((864.0532107208999,2092.0958843250587,0.));
#4701 = IFCCARTESIANPOINT((862.9516418905814,2092.4765153611934,0.));
#4702 = IFCCARTESIANPOINT((861.8010809467013,2092.704893982874,0.));
#4703 = IFCCARTESIANPOINT((860.6015278892592,2092.781020190101,0.));
#4704 = IFCCARTESIANPOINT((867.9695649065543,2089.050836035982,0.));
#4705 = IFCPOLYLINE((#4706,#4707));
#4706 = IFCCARTESIANPOINT((860.6015278892592,2092.781020190101,0.));
#4707 = IFCCARTESIANPOINT((860.6015278892592,2092.781020190101,0.));
#4708 = IFCPOLYLINE((#4709,#4710,#4711,#4712,#4713,#4714,#4715,#4716,#4717));
#4709 = IFCCARTESIANPOINT((860.6015278892592,2092.781020190101,0.));
#4710 = IFCCARTESIANPOINT((859.4080046304094,2092.6999947715185,0.));
#4711 = IFCCARTESIANPOINT((858.254428787233,2092.456918515769,0.));
#4712 = IFCCARTESIANPOINT((857.14080035973,2092.051791422853,0.));
#4713 = IFCCARTESIANPOINT((856.067119347901,2091.4846134927716,0.));
#4714 = IFCCARTESIANPOINT((855.0333857517453,2090.755384725523,0.));
#4715 = IFCCARTESIANPOINT((854.039599571263,2089.864105121109,0.));
#4716 = IFCCARTESIANPOINT((853.0857608064543,2088.8107746795285,0.));
#4717 = IFCCARTESIANPOINT((860.6015278892592,2092.781020190101,0.));
#4718 = IFCPOLYLINE((#4719,#4720));
#4719 = IFCCARTESIANPOINT((853.0857608064543,2088.8107746795285,0.));
#4720 = IFCCARTESIANPOINT((853.0857608064543,2088.8107746795285,0.));
#4721 = IFCPOLYLINE((#4722,#4723,#4724,#4725,#4726,#4727,#4728,#4729,#4730));
#4722 = IFCCARTESIANPOINT((853.0857608064543,2088.8107746795285,0.));
#4723 = IFCCARTESIANPOINT((852.2186003964092,2087.6029306490223,0.));
#4724 = IFCCARTESIANPOINT((851.4848492802168,2086.24811027783,0.));
#4725 = IFCCARTESIANPOINT((850.8845074578776,2084.7463135659523,0.));
#4726 = IFCCARTESIANPOINT((850.4175749293919,2083.0975405133895,0.));
#4727 = IFCCARTESIANPOINT((850.084051694759,2081.3017911201396,0.));
#4728 = IFCCARTESIANPOINT((849.8839377539794,2079.3590653862057,0.));
#4729 = IFCCARTESIANPOINT((849.8172331070527,2077.269363311585,0.));
#4730 = IFCCARTESIANPOINT((853.0857608064543,2088.8107746795285,0.));
#4731 = IFCPOLYLINE((#4732,#4733));
#4732 = IFCCARTESIANPOINT((883.3888904941268,2077.4909584098496,0.));
#4733 = IFCCARTESIANPOINT((883.3888904941268,2077.4909584098496,0.));
#4734 = IFCPOLYLINE((#4735,#4736,#4737,#4738,#4739,#4740,#4741,#4742,#4743));
#4735 = IFCCARTESIANPOINT((883.3888904941268,2077.4909584098496,0.));
#4736 = IFCCARTESIANPOINT((883.5125013652678,2080.488522035013,0.));
#4737 = IFCCARTESIANPOINT((883.8833339786897,2083.255445864023,0.));
#4738 = IFCCARTESIANPOINT((884.5013883343936,2085.79172989688,0.));
#4739 = IFCCARTESIANPOINT((885.3666644323789,2088.0973741335856,0.));
#4740 = IFCCARTESIANPOINT((886.4791622726456,2090.172378574137,0.));
#4741 = IFCCARTESIANPOINT((887.8388818551939,2092.0167432185362,0.));
#4742 = IFCCARTESIANPOINT((889.4458231800236,2093.6304680667818,0.));
#4743 = IFCCARTESIANPOINT((883.3888904941268,2077.4909584098496,0.));
#4744 = IFCPOLYLINE((#4745,#4746));
#4745 = IFCCARTESIANPOINT((889.4458231800236,2093.6304680667818,0.));
#4746 = IFCCARTESIANPOINT((889.4458231800236,2093.6304680667818,0.));
#4747 = IFCPOLYLINE((#4748,#4749,#4750,#4751,#4752,#4753,#4754,#4755,#4756));
#4748 = IFCCARTESIANPOINT((889.4458231800236,2093.6304680667818,0.));
#4749 = IFCCARTESIANPOINT((890.9366908819532,2094.7866819468427,0.));
#4750 = IFCCARTESIANPOINT((892.5180055627657,2095.765016768432,0.));
#4751 = IFCCARTESIANPOINT((894.1897672224617,2096.5654725315503,0.));
#4752 = IFCCARTESIANPOINT((895.9519758610415,2097.188049236199,0.));
#4753 = IFCCARTESIANPOINT((897.8046314785047,2097.6327468823756,0.));
#4754 = IFCCARTESIANPOINT((899.7477340748515,2097.899565470082,0.));
#4755 = IFCCARTESIANPOINT((901.7812836500816,2097.9885049993172,0.));
#4756 = IFCCARTESIANPOINT((889.4458231800236,2093.6304680667818,0.));
#4757 = IFCPOLYLINE((#4758,#4759));
#4758 = IFCCARTESIANPOINT((901.7812836500816,2097.9885049993172,0.));
#4759 = IFCCARTESIANPOINT((901.7812836500816,2097.9885049993172,0.));
#4760 = IFCPOLYLINE((#4761,#4762,#4763,#4764,#4765,#4766,#4767,#4768,#4769));
#4761 = IFCCARTESIANPOINT((901.7812836500816,2097.9885049993172,0.));
#4762 = IFCCARTESIANPOINT((904.0319059746324,2097.8803454870695,0.));
#4763 = IFCCARTESIANPOINT((906.1619323273379,2097.555866950325,0.));
#4764 = IFCCARTESIANPOINT((908.1713627081991,2097.0150693890837,0.));
#4765 = IFCCARTESIANPOINT((910.0601971172158,2096.257952803347,0.));
#4766 = IFCCARTESIANPOINT((911.8284355543876,2095.2845171931135,0.));
#4767 = IFCCARTESIANPOINT((913.476078019715,2094.0947625583835,0.));
#4768 = IFCCARTESIANPOINT((915.0031245131977,2092.6886888991576,0.));
#4769 = IFCCARTESIANPOINT((901.7812836500816,2097.9885049993172,0.));
#4770 = IFCPOLYLINE((#4771,#4772));
#4771 = IFCCARTESIANPOINT((915.0031245131977,2092.6886888991576,0.));
#4772 = IFCCARTESIANPOINT((915.0031245131977,2092.6886888991576,0.));
#4773 = IFCPOLYLINE((#4774,#4775,#4776,#4777,#4778,#4779,#4780,#4781,#4782));
#4774 = IFCCARTESIANPOINT((915.0031245131977,2092.6886888991576,0.));
#4775 = IFCCARTESIANPOINT((916.3651052702182,2091.0919228594526,0.));
#4776 = IFCCARTESIANPOINT((917.5175505261583,2089.3300910832845,0.));
#4777 = IFCCARTESIANPOINT((918.4604602810184,2087.403193570654,0.));
#4778 = IFCCARTESIANPOINT((919.1938345347988,2085.311230321562,0.));
#4779 = IFCCARTESIANPOINT((919.7176732874989,2083.0542013360073,0.));
#4780 = IFCCARTESIANPOINT((920.0319765391189,2080.6321066139903,0.));
#4781 = IFCCARTESIANPOINT((920.136744289659,2078.044946155511,0.));
#4782 = IFCCARTESIANPOINT((915.0031245131977,2092.6886888991576,0.));
#4783 = IFCPOLYLINE((#4784,#4785));
#4784 = IFCCARTESIANPOINT((920.136744289659,2078.044946155511,0.));
#4785 = IFCCARTESIANPOINT((920.136744289659,2078.044946155511,0.));
#4786 = IFCPOLYLINE((#4787,#4788,#4789,#4790,#4791,#4792,#4793,#4794,#4795));
#4787 = IFCCARTESIANPOINT((920.136744289659,2078.044946155511,0.));
#4788 = IFCCARTESIANPOINT((920.0903902129813,2075.947706832651,0.));
#4789 = IFCCARTESIANPOINT((919.9513279829479,2073.9823693539947,0.));
#4790 = IFCCARTESIANPOINT((919.7195575995588,2072.148933719544,0.));
#4791 = IFCCARTESIANPOINT((919.3950790628145,2070.447399929299,0.));
#4792 = IFCCARTESIANPOINT((918.9778923727145,2068.8777679832583,0.));
#4793 = IFCCARTESIANPOINT((918.467997529259,2067.4400378814235,0.));
#4794 = IFCCARTESIANPOINT((917.8653945324477,2066.134209623793,0.));
#4795 = IFCCARTESIANPOINT((920.136744289659,2078.044946155511,0.));
#4796 = IFCPOLYLINE((#4797,#4798));
#4797 = IFCCARTESIANPOINT((917.8653945324477,2066.134209623793,0.));
#4798 = IFCCARTESIANPOINT((917.8653945324477,2066.134209623793,0.));
#4799 = IFCPOLYLINE((#4800,#4801,#4802,#4803,#4804,#4805,#4806,#4807,#4808));
#4800 = IFCCARTESIANPOINT((917.8653945324477,2066.134209623793,0.));
#4801 = IFCCARTESIANPOINT((917.1742288688134,2064.9339028415275,0.));
#4802 = IFCCARTESIANPOINT((916.3986460248874,2063.812737165784,0.));
#4803 = IFCCARTESIANPOINT((915.5386460006702,2062.7707125965635,0.));
#4804 = IFCCARTESIANPOINT((914.594228796162,2061.807829133867,0.));
#4805 = IFCCARTESIANPOINT((913.5653944113624,2060.924086777693,0.));
#4806 = IFCCARTESIANPOINT((912.4521428462717,2060.119485528042,0.));
#4807 = IFCCARTESIANPOINT((911.2544741008896,2059.394025384914,0.));
#4808 = IFCCARTESIANPOINT((917.8653945324477,2066.134209623793,0.));
#4809 = IFCPOLYLINE((#4810,#4811));
#4810 = IFCCARTESIANPOINT((911.2544741008896,2059.394025384914,0.));
#4811 = IFCCARTESIANPOINT((911.2544741008896,2059.394025384914,0.));
#4812 = IFCPOLYLINE((#4813,#4814,#4815,#4816,#4817,#4818,#4819,#4820,#4821));
#4813 = IFCCARTESIANPOINT((911.2544741008896,2059.394025384914,0.));
#4814 = IFCCARTESIANPOINT((909.9983916816456,2058.7571279086105,0.));
#4815 = IFCCARTESIANPOINT((908.7098990949678,2058.218214659429,0.));
#4816 = IFCCARTESIANPOINT((907.3889963408569,2057.7772856373717,0.));
#4817 = IFCCARTESIANPOINT((906.0356834193132,2057.434340842439,0.));
#4818 = IFCCARTESIANPOINT((904.649960330336,2057.1893802746295,0.));
#4819 = IFCCARTESIANPOINT((903.2318270739254,2057.0424039339437,0.));
#4820 = IFCCARTESIANPOINT((901.7812836500816,2056.993411820382,0.));
#4821 = IFCCARTESIANPOINT((911.2544741008896,2059.394025384914,0.));
#4822 = IFCPOLYLINE((#4823,#4824));
#4823 = IFCCARTESIANPOINT((901.7812836500816,2056.993411820382,0.));
#4824 = IFCCARTESIANPOINT((901.7812836500816,2056.993411820382,0.));
#4825 = IFCPOLYLINE((#4826,#4827,#4828,#4829,#4830,#4831,#4832,#4833,#4834));
#4826 = IFCCARTESIANPOINT((901.7812836500816,2056.993411820382,0.));
#4827 = IFCCARTESIANPOINT((899.4925982219179,2057.101194470218,0.));
#4828 = IFCCARTESIANPOINT((897.3327997386626,2057.4245424197265,0.));
#4829 = IFCCARTESIANPOINT((895.3018882003164,2057.963455668907,0.));
#4830 = IFCCARTESIANPOINT((893.3998636068795,2058.7179342177606,0.));
#4831 = IFCCARTESIANPOINT((891.6267259583515,2059.6879780662853,0.));
#4832 = IFCCARTESIANPOINT((889.9824752547322,2060.8735872144835,0.));
#4833 = IFCCARTESIANPOINT((888.467111496022,2062.274761662353,0.));
#4834 = IFCCARTESIANPOINT((901.7812836500816,2056.993411820382,0.));
#4835 = IFCPOLYLINE((#4836,#4837));
#4836 = IFCCARTESIANPOINT((888.467111496022,2062.274761662353,0.));
#4837 = IFCCARTESIANPOINT((888.467111496022,2062.274761662353,0.));
#4838 = IFCPOLYLINE((#4839,#4840,#4841,#4842,#4843,#4844,#4845,#4846,#4847));
#4839 = IFCCARTESIANPOINT((888.467111496022,2062.274761662353,0.));
#4840 = IFCCARTESIANPOINT((887.1198283730704,2063.878688087887,0.));
#4841 = IFCCARTESIANPOINT((885.9798195767264,2065.6725531690754,0.));
#4842 = IFCCARTESIANPOINT((885.0470851069904,2067.6563569059194,0.));
#4843 = IFCCARTESIANPOINT((884.3216249638626,2069.8300992984196,0.));
#4844 = IFCCARTESIANPOINT((883.8034391473427,2072.193780346574,0.));
#4845 = IFCCARTESIANPOINT((883.4925276574309,2074.7474000503844,0.));
#4846 = IFCCARTESIANPOINT((883.3888904941268,2077.4909584098496,0.));
#4847 = IFCCARTESIANPOINT((888.467111496022,2062.274761662353,0.));
#4848 = IFCPOLYLINE((#4849,#4850,#4851,#4852,#4853,#4854,#4855,#4856,#4857));
#4849 = IFCCARTESIANPOINT((890.2214060239494,2077.4909584098496,0.));
#4850 = IFCCARTESIANPOINT((890.2884875332882,2075.4155771068863,0.));
#4851 = IFCCARTESIANPOINT((890.4897320613037,2073.494709392848,0.));
#4852 = IFCCARTESIANPOINT((890.8251396079964,2071.728355267736,0.));
#4853 = IFCCARTESIANPOINT((891.2947101733668,2070.1165147315505,0.));
#4854 = IFCCARTESIANPOINT((891.8984437574138,2068.65918778429,0.));
#4855 = IFCCARTESIANPOINT((892.6363403601383,2067.3563744259563,0.));
#4856 = IFCCARTESIANPOINT((893.5083999815397,2066.208074656548,0.));
#4857 = IFCCARTESIANPOINT((890.2214060239494,2077.4909584098496,0.));
#4858 = IFCPOLYLINE((#4859,#4860));
#4859 = IFCCARTESIANPOINT((893.5083999815397,2066.208074656548,0.));
#4860 = IFCCARTESIANPOINT((893.5083999815397,2066.208074656548,0.));
#4861 = IFCPOLYLINE((#4862,#4863,#4864,#4865,#4866,#4867,#4868,#4869,#4870));
#4862 = IFCCARTESIANPOINT((893.5083999815397,2066.208074656548,0.));
#4863 = IFCCARTESIANPOINT((894.4822124541854,2065.213534751242,0.));
#4864 = IFCCARTESIANPOINT((895.5253676106412,2064.3720009852136,0.));
#4865 = IFCCARTESIANPOINT((896.6378654509078,2063.683473358463,0.));
#4866 = IFCCARTESIANPOINT((897.8197059749855,2063.1479518709907,0.));
#4867 = IFCCARTESIANPOINT((899.0708891828735,2062.765436522796,0.));
#4868 = IFCCARTESIANPOINT((900.3914150745723,2062.535927313879,0.));
#4869 = IFCCARTESIANPOINT((901.7812836500816,2062.45942424424,0.));
#4870 = IFCCARTESIANPOINT((893.5083999815397,2066.208074656548,0.));
#4871 = IFCPOLYLINE((#4872,#4873));
#4872 = IFCCARTESIANPOINT((901.7812836500816,2062.45942424424,0.));
#4873 = IFCCARTESIANPOINT((901.7812836500816,2062.45942424424,0.));
#4874 = IFCPOLYLINE((#4875,#4876,#4877,#4878,#4879,#4880,#4881,#4882,#4883));
#4875 = IFCCARTESIANPOINT((901.7812836500816,2062.45942424424,0.));
#4876 = IFCCARTESIANPOINT((903.1613538028789,2062.5363041762917,0.));
#4877 = IFCCARTESIANPOINT((904.473588721513,2062.7669439724436,0.));
#4878 = IFCCARTESIANPOINT((905.7179884059848,2063.151343632698,0.));
#4879 = IFCCARTESIANPOINT((906.8945528562941,2063.6895031570552,0.));
#4880 = IFCCARTESIANPOINT((908.0032820724407,2064.381422545514,0.));
#4881 = IFCCARTESIANPOINT((909.0441760544247,2065.2271017980743,0.));
#4882 = IFCCARTESIANPOINT((910.0172348022461,2066.2265409147367,0.));
#4883 = IFCCARTESIANPOINT((901.7812836500816,2062.45942424424,0.));
#4884 = IFCPOLYLINE((#4885,#4886));
#4885 = IFCCARTESIANPOINT((910.0172348022461,2066.2265409147367,0.));
#4886 = IFCCARTESIANPOINT((910.0172348022461,2066.2265409147367,0.));
#4887 = IFCPOLYLINE((#4888,#4889,#4890,#4891,#4892,#4893,#4894,#4895,#4896));
#4888 = IFCCARTESIANPOINT((910.0172348022461,2066.2265409147367,0.));
#4889 = IFCCARTESIANPOINT((910.8892944236478,2067.3835085196215,0.));
#4890 = IFCCARTESIANPOINT((911.627191026372,2068.7017732368477,0.));
#4891 = IFCCARTESIANPOINT((912.230924610419,2070.181335066416,0.));
#4892 = IFCCARTESIANPOINT((912.7004951757892,2071.8221940083276,0.));
#4893 = IFCCARTESIANPOINT((913.0359027224821,2073.624350062581,0.));
#4894 = IFCCARTESIANPOINT((913.2371472504979,2075.5878032291766,0.));
#4895 = IFCCARTESIANPOINT((913.3042287598364,2077.712553508114,0.));
#4896 = IFCCARTESIANPOINT((910.0172348022461,2066.2265409147367,0.));
#4897 = IFCPOLYLINE((#4898,#4899));
#4898 = IFCCARTESIANPOINT((913.3042287598364,2077.712553508114,0.));
#4899 = IFCCARTESIANPOINT((913.3042287598364,2077.712553508114,0.));
#4900 = IFCPOLYLINE((#4901,#4902,#4903,#4904,#4905,#4906,#4907,#4908,#4909));
#4901 = IFCCARTESIANPOINT((913.3042287598364,2077.712553508114,0.));
#4902 = IFCCARTESIANPOINT((913.236770388086,2079.7193458520915,0.));
#4903 = IFCCARTESIANPOINT((913.034395272834,2081.5821767546786,0.));
#4904 = IFCCARTESIANPOINT((912.6971034140811,2083.301046215877,0.));
#4905 = IFCCARTESIANPOINT((912.2248948118271,2084.8759542356856,0.));
#4906 = IFCCARTESIANPOINT((911.6177694660716,2086.306900814104,0.));
#4907 = IFCCARTESIANPOINT((910.8757273768151,2087.593885951134,0.));
#4908 = IFCCARTESIANPOINT((909.9987685440574,2088.7369096467737,0.));
#4909 = IFCCARTESIANPOINT((913.3042287598364,2077.712553508114,0.));
#4910 = IFCPOLYLINE((#4911,#4912));
#4911 = IFCCARTESIANPOINT((909.9987685440574,2088.7369096467737,0.));
#4912 = IFCCARTESIANPOINT((909.9987685440574,2088.7369096467737,0.));
#4913 = IFCPOLYLINE((#4914,#4915,#4916,#4917,#4918,#4919,#4920,#4921,#4922));
#4914 = IFCCARTESIANPOINT((909.9987685440574,2088.7369096467737,0.));
#4915 = IFCCARTESIANPOINT((909.0215643097041,2089.7314495520804,0.));
#4916 = IFCCARTESIANPOINT((907.9787860156597,2090.572983318108,0.));
#4917 = IFCCARTESIANPOINT((906.8704336619251,2091.2615109448584,0.));
#4918 = IFCCARTESIANPOINT((905.6965072485001,2091.7970324323314,0.));
#4919 = IFCCARTESIANPOINT((904.4570067753843,2092.1795477805263,0.));
#4920 = IFCCARTESIANPOINT((903.1519322425784,2092.409056989443,0.));
#4921 = IFCCARTESIANPOINT((901.7812836500816,2092.4855600590818,0.));
#4922 = IFCCARTESIANPOINT((909.9987685440574,2088.7369096467737,0.));
#4923 = IFCPOLYLINE((#4924,#4925));
#4924 = IFCCARTESIANPOINT((901.7812836500816,2092.4855600590818,0.));
#4925 = IFCCARTESIANPOINT((901.7812836500816,2092.4855600590818,0.));
#4926 = IFCPOLYLINE((#4927,#4928,#4929,#4930,#4931,#4932,#4933,#4934,#4935));
#4927 = IFCCARTESIANPOINT((901.7812836500816,2092.4855600590818,0.));
#4928 = IFCCARTESIANPOINT((900.3914150745724,2092.4094338518553,0.));
#4929 = IFCCARTESIANPOINT((899.0708891828734,2092.181055230174,0.));
#4930 = IFCCARTESIANPOINT((897.8197059749853,2091.800424194039,0.));
#4931 = IFCCARTESIANPOINT((896.637865450908,2091.2675407434513,0.));
#4932 = IFCCARTESIANPOINT((895.5253676106412,2090.582404878409,0.));
#4933 = IFCCARTESIANPOINT((894.4822124541852,2089.7450165989126,0.));
#4934 = IFCCARTESIANPOINT((893.5083999815397,2088.7553759049624,0.));
#4935 = IFCCARTESIANPOINT((901.7812836500816,2092.4855600590818,0.));
#4936 = IFCPOLYLINE((#4937,#4938));
#4937 = IFCCARTESIANPOINT((893.5083999815397,2088.7553759049624,0.));
#4938 = IFCCARTESIANPOINT((893.5083999815397,2088.7553759049624,0.));
#4939 = IFCPOLYLINE((#4940,#4941,#4942,#4943,#4944,#4945,#4946,#4947,#4948));
#4940 = IFCCARTESIANPOINT((893.5083999815397,2088.7553759049624,0.));
#4941 = IFCCARTESIANPOINT((892.6363403601384,2087.611975346911,0.));
#4942 = IFCCARTESIANPOINT((891.8984437574138,2086.3133074751086,0.));
#4943 = IFCCARTESIANPOINT((891.2947101733665,2084.8593722895566,0.));
#4944 = IFCCARTESIANPOINT((890.8251396079966,2083.250169790255,0.));
#4945 = IFCCARTESIANPOINT((890.4897320613036,2081.485699977203,0.));
#4946 = IFCCARTESIANPOINT((890.2884875332879,2079.5659628504013,0.));
#4947 = IFCCARTESIANPOINT((890.2214060239494,2077.4909584098496,0.));
#4948 = IFCCARTESIANPOINT((893.5083999815397,2088.7553759049624,0.));
#4949 = IFCPOLYLINE((#4950,#4951,#4952,#4953));
#4950 = IFCCARTESIANPOINT((925.2703640661202,2069.587399905082,0.));
#4951 = IFCCARTESIANPOINT((931.8443519813009,2070.6215103636496,0.));
#4952 = IFCCARTESIANPOINT((931.8443519813009,2070.6215103636496,0.));
#4953 = IFCCARTESIANPOINT((925.2703640661202,2069.587399905082,0.));
#4954 = IFCPOLYLINE((#4955,#4956,#4957,#4958,#4959,#4960,#4961,#4962,#4963));
#4955 = IFCCARTESIANPOINT((931.8443519813009,2070.6215103636496,0.));
#4956 = IFCCARTESIANPOINT((932.0429584724327,2069.5301168184565,0.));
#4957 = IFCCARTESIANPOINT((932.3222135197352,2068.5140957556646,0.));
#4958 = IFCCARTESIANPOINT((932.6821171232089,2067.573447175276,0.));
#4959 = IFCCARTESIANPOINT((933.1226692828541,2066.7081710772914,0.));
#4960 = IFCCARTESIANPOINT((933.64386999867,2065.9182674617086,0.));
#4961 = IFCCARTESIANPOINT((934.2457192706572,2065.2037363285294,0.));
#4962 = IFCCARTESIANPOINT((934.9282170988154,2064.564577677753,0.));
#4963 = IFCCARTESIANPOINT((931.8443519813009,2070.6215103636496,0.));
#4964 = IFCPOLYLINE((#4965,#4966));
#4965 = IFCCARTESIANPOINT((934.9282170988154,2064.564577677753,0.));
#4966 = IFCCARTESIANPOINT((934.9282170988154,2064.564577677753,0.));
#4967 = IFCPOLYLINE((#4968,#4969,#4970,#4971,#4972,#4973,#4974,#4975,#4976));
#4968 = IFCCARTESIANPOINT((934.9282170988154,2064.564577677753,0.));
#4969 = IFCCARTESIANPOINT((935.692117207969,2064.006067583148,0.));
#4970 = IFCCARTESIANPOINT((936.5381733229412,2063.5334821184815,0.));
#4971 = IFCCARTESIANPOINT((937.4663854437327,2063.146821283754,0.));
#4972 = IFCCARTESIANPOINT((938.4767535703438,2062.846085078967,0.));
#4973 = IFCCARTESIANPOINT((939.5692777027737,2062.6312735041183,0.));
#4974 = IFCCARTESIANPOINT((940.743957841023,2062.5023865592093,0.));
#4975 = IFCCARTESIANPOINT((942.0007939850911,2062.45942424424,0.));
#4976 = IFCCARTESIANPOINT((934.9282170988154,2064.564577677753,0.));
#4977 = IFCPOLYLINE((#4978,#4979));
#4978 = IFCCARTESIANPOINT((942.0007939850911,2062.45942424424,0.));
#4979 = IFCCARTESIANPOINT((942.0007939850911,2062.45942424424,0.));
#4980 = IFCPOLYLINE((#4981,#4982,#4983,#4984,#4985,#4986,#4987,#4988,#4989));
#4981 = IFCCARTESIANPOINT((942.0007939850911,2062.45942424424,0.));
#4982 = IFCCARTESIANPOINT((943.2610218908678,2062.4974873478536,0.));
#4983 = IFCCARTESIANPOINT((944.4247730191684,2062.611676658694,0.));
#4984 = IFCCARTESIANPOINT((945.4920473699933,2062.801992176761,0.));
#4985 = IFCCARTESIANPOINT((946.4628449433427,2063.0684339020554,0.));
#4986 = IFCCARTESIANPOINT((947.3371657392163,2063.4110018345764,0.));
#4987 = IFCCARTESIANPOINT((948.1150097576142,2063.8296959743247,0.));
#4988 = IFCCARTESIANPOINT((948.7963769985363,2064.3245163212996,0.));
#4989 = IFCCARTESIANPOINT((942.0007939850911,2062.45942424424,0.));
#4990 = IFCPOLYLINE((#4991,#4992));
#4991 = IFCCARTESIANPOINT((948.7963769985363,2064.3245163212996,0.));
#4992 = IFCCARTESIANPOINT((948.7963769985363,2064.3245163212996,0.));
#4993 = IFCPOLYLINE((#4994,#4995,#4996,#4997,#4998,#4999,#5000,#5001,#5002));
#4994 = IFCCARTESIANPOINT((948.7963769985363,2064.3245163212996,0.));
#4995 = IFCCARTESIANPOINT((949.3842823612789,2064.8705899563092,0.));
#4996 = IFCCARTESIANPOINT((949.8817407451381,2065.443043960159,0.));
#4997 = IFCCARTESIANPOINT((950.2887521501134,2066.041878332849,0.));
#4998 = IFCCARTESIANPOINT((950.6053165762058,2066.6670930743817,0.));
#4999 = IFCCARTESIANPOINT((950.8314340234144,2067.318688184755,0.));
#5000 = IFCCARTESIANPOINT((950.9671044917397,2067.9966636639692,0.));
#5001 = IFCCARTESIANPOINT((951.0123279811814,2068.701019512024,0.));
#5002 = IFCCARTESIANPOINT((948.7963769985363,2064.3245163212996,0.));
#5003 = IFCPOLYLINE((#5004,#5005));
#5004 = IFCCARTESIANPOINT((951.0123279811814,2068.701019512024,0.));
#5005 = IFCCARTESIANPOINT((951.0123279811814,2068.701019512024,0.));
#5006 = IFCPOLYLINE((#5007,#5008,#5009,#5010,#5011,#5012,#5013,#5014,#5015));
#5007 = IFCCARTESIANPOINT((951.0123279811814,2068.701019512024,0.));
#5008 = IFCCARTESIANPOINT((950.972380565508,2069.3251036663205,0.));
#5009 = IFCCARTESIANPOINT((950.8525383184873,2069.9099941297663,0.));
#5010 = IFCCARTESIANPOINT((950.6528012401195,2070.455690902363,0.));
#5011 = IFCCARTESIANPOINT((950.373169330405,2070.962193984111,0.));
#5012 = IFCCARTESIANPOINT((950.0136425893431,2071.4295033750086,0.));
#5013 = IFCCARTESIANPOINT((949.5742210169342,2071.8576190750573,0.));
#5014 = IFCCARTESIANPOINT((949.0549046131782,2072.246541084256,0.));
#5015 = IFCCARTESIANPOINT((951.0123279811814,2068.701019512024,0.));
#5016 = IFCPOLYLINE((#5017,#5018));
#5017 = IFCCARTESIANPOINT((949.0549046131782,2072.246541084256,0.));
#5018 = IFCCARTESIANPOINT((949.0549046131782,2072.246541084256,0.));
#5019 = IFCPOLYLINE((#5020,#5021,#5022,#5023,#5024,#5025,#5026,#5027,#5028));
#5020 = IFCCARTESIANPOINT((949.0549046131782,2072.246541084256,0.));
#5021 = IFCCARTESIANPOINT((948.5815654236884,2072.5095910478426,0.));
#5022 = IFCCARTESIANPOINT((947.9424067729116,2072.7922378568533,0.));
#5023 = IFCCARTESIANPOINT((947.1374286608484,2073.0944815112884,0.));
#5024 = IFCCARTESIANPOINT((946.1666310874994,2073.416322011149,0.));
#5025 = IFCCARTESIANPOINT((945.0300140528636,2073.7577593564342,0.));
#5026 = IFCCARTESIANPOINT((943.7275775569416,2074.118793547144,0.));
#5027 = IFCCARTESIANPOINT((942.2593215997331,2074.4994245832786,0.));
#5028 = IFCCARTESIANPOINT((949.0549046131782,2072.246541084256,0.));
#5029 = IFCPOLYLINE((#5030,#5031));
#5030 = IFCCARTESIANPOINT((942.2593215997331,2074.4994245832786,0.));
#5031 = IFCCARTESIANPOINT((942.2593215997331,2074.4994245832786,0.));
#5032 = IFCPOLYLINE((#5033,#5034,#5035,#5036,#5037,#5038,#5039,#5040,#5041));
#5033 = IFCCARTESIANPOINT((942.2593215997331,2074.4994245832786,0.));
#5034 = IFCCARTESIANPOINT((940.2615739536445,2075.016856674975,0.));
#5035 = IFCCARTESIANPOINT((938.4469814397946,2075.5139381964213,0.));
#5036 = IFCCARTESIANPOINT((936.8155440581838,2075.99066914762,0.));
#5037 = IFCCARTESIANPOINT((935.3672618088124,2076.4470495285696,0.));
#5038 = IFCCARTESIANPOINT((934.1021346916797,2076.8830793392704,0.));
#5039 = IFCCARTESIANPOINT((933.0201627067861,2077.2987585797223,0.));
#5040 = IFCCARTESIANPOINT((932.1213458541315,2077.6940872499254,0.));
#5041 = IFCCARTESIANPOINT((942.2593215997331,2074.4994245832786,0.));
#5042 = IFCPOLYLINE((#5043,#5044));
#5043 = IFCCARTESIANPOINT((932.1213458541315,2077.6940872499254,0.));
#5044 = IFCCARTESIANPOINT((932.1213458541315,2077.6940872499254,0.));
#5045 = IFCPOLYLINE((#5046,#5047,#5048,#5049,#5050,#5051,#5052,#5053,#5054));
#5046 = IFCCARTESIANPOINT((932.1213458541315,2077.6940872499254,0.));
#5047 = IFCCARTESIANPOINT((931.3419943860858,2078.1003449300774,0.));
#5048 = IFCCARTESIANPOINT((930.6184185550178,2078.5488112003745,0.));
#5049 = IFCCARTESIANPOINT((929.950618360928,2079.039486060817,0.));
#5050 = IFCCARTESIANPOINT((929.3385938038167,2079.5723695114057,0.));
#5051 = IFCCARTESIANPOINT((928.7823448836832,2080.1474615521397,0.));
#5052 = IFCCARTESIANPOINT((928.2818716005281,2080.7647621830197,0.));
#5053 = IFCCARTESIANPOINT((927.8371739543509,2081.4242714040447,0.));
#5054 = IFCCARTESIANPOINT((932.1213458541315,2077.6940872499254,0.));
#5055 = IFCPOLYLINE((#5056,#5057));
#5056 = IFCCARTESIANPOINT((927.8371739543509,2081.4242714040447,0.));
#5057 = IFCCARTESIANPOINT((927.8371739543509,2081.4242714040447,0.));
#5058 = IFCPOLYLINE((#5059,#5060,#5061,#5062,#5063,#5064,#5065,#5066,#5067));
#5059 = IFCCARTESIANPOINT((927.8371739543509,2081.4242714040447,0.));
#5060 = IFCCARTESIANPOINT((927.4501362572122,2082.1150602052676,0.));
#5061 = IFCCARTESIANPOINT((927.1226428211713,2082.8261995767384,0.));
#5062 = IFCCARTESIANPOINT((926.8546936462291,2083.5576895184586,0.));
#5063 = IFCCARTESIANPOINT((926.6462887323851,2084.3095300304276,0.));
#5064 = IFCCARTESIANPOINT((926.4974280796393,2085.081721112645,0.));
#5065 = IFCCARTESIANPOINT((926.408111687992,2085.874262765112,0.));
#5066 = IFCCARTESIANPOINT((926.3783395574428,2086.687154987827,0.));
#5067 = IFCCARTESIANPOINT((927.8371739543509,2081.4242714040447,0.));
#5068 = IFCPOLYLINE((#5069,#5070));
#5069 = IFCCARTESIANPOINT((926.3783395574428,2086.687154987827,0.));
#5070 = IFCCARTESIANPOINT((926.3783395574428,2086.687154987827,0.));
#5071 = IFCPOLYLINE((#5072,#5073,#5074,#5075,#5076,#5077,#5078,#5079,#5080));
#5072 = IFCCARTESIANPOINT((926.3783395574428,2086.687154987827,0.));
#5073 = IFCCARTESIANPOINT((926.402835614224,2087.4284433522603,0.));
#5074 = IFCCARTESIANPOINT((926.4763237845666,2088.153903495387,0.));
#5075 = IFCCARTESIANPOINT((926.5988040684712,2088.8635354172106,0.));
#5076 = IFCCARTESIANPOINT((926.770276465938,2089.5573391177295,0.));
#5077 = IFCCARTESIANPOINT((926.9907409769664,2090.235314596943,0.));
#5078 = IFCCARTESIANPOINT((927.2601976015568,2090.8974618548527,0.));
#5079 = IFCCARTESIANPOINT((927.5786463397089,2091.5437808914576,0.));
#5080 = IFCCARTESIANPOINT((926.3783395574428,2086.687154987827,0.));
#5081 = IFCPOLYLINE((#5082,#5083));
#5082 = IFCCARTESIANPOINT((927.5786463397089,2091.5437808914576,0.));
#5083 = IFCCARTESIANPOINT((927.5786463397089,2091.5437808914576,0.));
#5084 = IFCPOLYLINE((#5085,#5086,#5087,#5088,#5089,#5090,#5091,#5092,#5093));
#5085 = IFCCARTESIANPOINT((927.5786463397089,2091.5437808914576,0.));
#5086 = IFCCARTESIANPOINT((927.939303668007,2092.166734458518,0.));
#5087 = IFCCARTESIANPOINT((928.3353860630341,2092.758785307792,0.));
#5088 = IFCCARTESIANPOINT((928.7668935247906,2093.3199334392816,0.));
#5089 = IFCCARTESIANPOINT((929.2338260532766,2093.850178852986,0.));
#5090 = IFCCARTESIANPOINT((929.7361836484919,2094.3495215489056,0.));
#5091 = IFCCARTESIANPOINT((930.2739663104367,2094.817961527039,0.));
#5092 = IFCCARTESIANPOINT((930.8471740391105,2095.255498787388,0.));
#5093 = IFCCARTESIANPOINT((927.5786463397089,2091.5437808914576,0.));
#5094 = IFCPOLYLINE((#5095,#5096));
#5095 = IFCCARTESIANPOINT((930.8471740391105,2095.255498787388,0.));
#5096 = IFCCARTESIANPOINT((930.8471740391105,2095.255498787388,0.));
#5097 = IFCPOLYLINE((#5098,#5099,#5100,#5101,#5102,#5103,#5104,#5105,#5106));
#5098 = IFCCARTESIANPOINT((930.8471740391105,2095.255498787388,0.));
#5099 = IFCCARTESIANPOINT((931.3133528427727,2095.5754549751887,0.));
#5100 = IFCCARTESIANPOINT((931.8255088607001,2095.8810903913322,0.));
#5101 = IFCCARTESIANPOINT((932.3836420928934,2096.172405035819,0.));
#5102 = IFCCARTESIANPOINT((932.9877525393529,2096.4493989086504,0.));
#5103 = IFCCARTESIANPOINT((933.6378402000778,2096.712072009824,0.));
#5104 = IFCCARTESIANPOINT((934.3339050750685,2096.960424339342,0.));
#5105 = IFCCARTESIANPOINT((935.075947164325,2097.1944558972027,0.));
#5106 = IFCCARTESIANPOINT((930.8471740391105,2095.255498787388,0.));
#5107 = IFCPOLYLINE((#5108,#5109));
#5108 = IFCCARTESIANPOINT((935.075947164325,2097.1944558972027,0.));
#5109 = IFCCARTESIANPOINT((935.075947164325,2097.1944558972027,0.));
#5110 = IFCPOLYLINE((#5111,#5112,#5113,#5114,#5115,#5116,#5117,#5118,#5119));
#5111 = IFCCARTESIANPOINT((935.075947164325,2097.1944558972027,0.));
#5112 = IFCCARTESIANPOINT((935.8488919713668,2097.405121985519,0.));
#5113 = IFCCARTESIANPOINT((936.637664999713,2097.583377906402,0.));
#5114 = IFCCARTESIANPOINT((937.4422662493638,2097.7292236598514,0.));
#5115 = IFCCARTESIANPOINT((938.2626957203195,2097.8426592458677,0.));
#5116 = IFCCARTESIANPOINT((939.0989534125797,2097.923684664451,0.));
#5117 = IFCCARTESIANPOINT((939.9510393261444,2097.9722999156006,0.));
#5118 = IFCCARTESIANPOINT((940.8189534610137,2097.9885049993172,0.));
#5119 = IFCCARTESIANPOINT((935.075947164325,2097.1944558972027,0.));
#5120 = IFCPOLYLINE((#5121,#5122));
#5121 = IFCCARTESIANPOINT((940.8189534610137,2097.9885049993172,0.));
#5122 = IFCCARTESIANPOINT((940.8189534610137,2097.9885049993172,0.));
#5123 = IFCPOLYLINE((#5124,#5125,#5126,#5127,#5128,#5129,#5130,#5131,#5132));
#5124 = IFCCARTESIANPOINT((940.8189534610137,2097.9885049993172,0.));
#5125 = IFCCARTESIANPOINT((942.1149832959317,2097.961370905653,0.));
#5126 = IFCCARTESIANPOINT((943.3650359165836,2097.879968624657,0.));
#5127 = IFCCARTESIANPOINT((944.5691113229698,2097.7442981563318,0.));
#5128 = IFCCARTESIANPOINT((945.7272095150904,2097.5543595006766,0.));
#5129 = IFCCARTESIANPOINT((946.839330492945,2097.310152657691,0.));
#5130 = IFCCARTESIANPOINT((947.9054742565341,2097.011677627376,0.));
#5131 = IFCCARTESIANPOINT((948.9256408058573,2096.65893440973,0.));
#5132 = IFCCARTESIANPOINT((940.8189534610137,2097.9885049993172,0.));
#5133 = IFCPOLYLINE((#5134,#5135));
#5134 = IFCCARTESIANPOINT((948.9256408058573,2096.65893440973,0.));
#5135 = IFCCARTESIANPOINT((948.9256408058573,2096.65893440973,0.));
#5136 = IFCPOLYLINE((#5137,#5138,#5139,#5140,#5141,#5142,#5143,#5144,#5145));
#5137 = IFCCARTESIANPOINT((948.9256408058573,2096.65893440973,0.));
#5138 = IFCCARTESIANPOINT((949.8855093692584,2096.259837115407,0.));
#5139 = IFCCARTESIANPOINT((950.7707591750801,2095.822299855058,0.));
#5140 = IFCCARTESIANPOINT((951.5813902233233,2095.3463226286835,0.));
#5141 = IFCCARTESIANPOINT((952.3174025139878,2094.831905436284,0.));
#5142 = IFCCARTESIANPOINT((952.978796047073,2094.2790482778587,0.));
#5143 = IFCCARTESIANPOINT((953.5655708225795,2093.687751153408,0.));
#5144 = IFCCARTESIANPOINT((954.0777268405072,2093.0580140629318,0.));
#5145 = IFCCARTESIANPOINT((948.9256408058573,2096.65893440973,0.));
#5146 = IFCPOLYLINE((#5147,#5148));
#5147 = IFCCARTESIANPOINT((954.0777268405072,2093.0580140629318,0.));
#5148 = IFCCARTESIANPOINT((954.0777268405072,2093.0580140629318,0.));
#5149 = IFCPOLYLINE((#5150,#5151,#5152,#5153,#5154,#5155,#5156,#5157,#5158));
#5150 = IFCCARTESIANPOINT((954.0777268405072,2093.0580140629318,0.));
#5151 = IFCCARTESIANPOINT((954.531469184573,2092.377777409246,0.));
#5152 = IFCCARTESIANPOINT((954.9430029384924,2091.634981595165,0.));
#5153 = IFCCARTESIANPOINT((955.3123281022665,2090.82962662069,0.));
#5154 = IFCCARTESIANPOINT((955.6394446758953,2089.961712485821,0.));
#5155 = IFCCARTESIANPOINT((955.9243526593782,2089.031239190557,0.));
#5156 = IFCCARTESIANPOINT((956.1670520527156,2088.038206734899,0.));
#5157 = IFCCARTESIANPOINT((956.3675428559072,2086.9826151188463,0.));
#5158 = IFCCARTESIANPOINT((954.0777268405072,2093.0580140629318,0.));
#5159 = IFCPOLYLINE((#5160,#5161,#5162,#5163));
#5160 = IFCCARTESIANPOINT((956.3675428559072,2086.9826151188463,0.));
#5161 = IFCCARTESIANPOINT((949.8674199734814,2086.0962347257882,0.));
#5162 = IFCCARTESIANPOINT((949.8674199734814,2086.0962347257882,0.));
#5163 = IFCCARTESIANPOINT((956.3675428559072,2086.9826151188463,0.));
#5164 = IFCPOLYLINE((#5165,#5166,#5167,#5168,#5169,#5170,#5171,#5172,#5173));
#5165 = IFCCARTESIANPOINT((949.8674199734814,2086.0962347257882,0.));
#5166 = IFCCARTESIANPOINT((949.7064997235515,2086.934376730109,0.));
#5167 = IFCCARTESIANPOINT((949.4769905146344,2087.7182505470983,0.));
#5168 = IFCCARTESIANPOINT((949.1788923467309,2088.4478561767583,0.));
#5169 = IFCCARTESIANPOINT((948.812205219841,2089.1231936190884,0.));
#5170 = IFCCARTESIANPOINT((948.3769291339643,2089.7442628740882,0.));
#5171 = IFCCARTESIANPOINT((947.8730640891008,2090.311063941758,0.));
#5172 = IFCCARTESIANPOINT((947.3006100852508,2090.823596822098,0.));
#5173 = IFCCARTESIANPOINT((949.8674199734814,2086.0962347257882,0.));
#5174 = IFCPOLYLINE((#5175,#5176));
#5175 = IFCCARTESIANPOINT((947.3006100852508,2090.823596822098,0.));
#5176 = IFCCARTESIANPOINT((947.3006100852508,2090.823596822098,0.));
#5177 = IFCPOLYLINE((#5178,#5179,#5180,#5181,#5182,#5183,#5184,#5185,#5186));
#5178 = IFCCARTESIANPOINT((947.3006100852508,2090.823596822098,0.));
#5179 = IFCCARTESIANPOINT((946.6580596727664,2091.274324266868,0.));
#5180 = IFCCARTESIANPOINT((945.9439054019987,2091.655709027826,0.));
#5181 = IFCCARTESIANPOINT((945.1581472729483,2091.9677511049736,0.));
#5182 = IFCCARTESIANPOINT((944.3007852856157,2092.2104504983117,0.));
#5183 = IFCCARTESIANPOINT((943.3718194399999,2092.383807207838,0.));
#5184 = IFCCARTESIANPOINT((942.3712497361014,2092.487821233554,0.));
#5185 = IFCCARTESIANPOINT((941.2990761739202,2092.522492575459,0.));
#5186 = IFCCARTESIANPOINT((947.3006100852508,2090.823596822098,0.));
#5187 = IFCPOLYLINE((#5188,#5189));
#5188 = IFCCARTESIANPOINT((941.2990761739202,2092.522492575459,0.));
#5189 = IFCCARTESIANPOINT((941.2990761739202,2092.522492575459,0.));
#5190 = IFCPOLYLINE((#5191,#5192,#5193,#5194,#5195,#5196,#5197,#5198,#5199));
#5191 = IFCCARTESIANPOINT((941.2990761739202,2092.522492575459,0.));
#5192 = IFCCARTESIANPOINT((940.0441243419123,2092.491589857674,0.));
#5193 = IFCCARTESIANPOINT((938.8962014349158,2092.3988817043182,0.));
#5194 = IFCCARTESIANPOINT((937.8553074529318,2092.2443681153923,0.));
#5195 = IFCCARTESIANPOINT((936.92144239596,2092.0280490908963,0.));
#5196 = IFCCARTESIANPOINT((936.0946062640002,2091.7499246308294,0.));
#5197 = IFCCARTESIANPOINT((935.3747990570525,2091.4099947351924,0.));
#5198 = IFCCARTESIANPOINT((934.762020775117,2091.008259403985,0.));
#5199 = IFCCARTESIANPOINT((941.2990761739202,2092.522492575459,0.));
#5200 = IFCPOLYLINE((#5201,#5202));
#5201 = IFCCARTESIANPOINT((934.762020775117,2091.008259403985,0.));
#5202 = IFCCARTESIANPOINT((934.762020775117,2091.008259403985,0.));
#5203 = IFCPOLYLINE((#5204,#5205,#5206,#5207,#5208,#5209,#5210,#5211,#5212));
#5204 = IFCCARTESIANPOINT((934.762020775117,2091.008259403985,0.));
#5205 = IFCCARTESIANPOINT((934.2427043713612,2090.5650692074564,0.));
#5206 = IFCCARTESIANPOINT((933.8032827989522,2090.100774715854,0.));
#5207 = IFCCARTESIANPOINT((933.4437560578901,2089.615375929179,0.));
#5208 = IFCCARTESIANPOINT((933.1641241481756,2089.1088728474324,0.));
#5209 = IFCCARTESIANPOINT((932.9643870698078,2088.581265470612,0.));
#5210 = IFCCARTESIANPOINT((932.8445448227873,2088.0325537987187,0.));
#5211 = IFCCARTESIANPOINT((932.8045974071138,2087.4627378317527,0.));
#5212 = IFCCARTESIANPOINT((934.762020775117,2091.008259403985,0.));
#5213 = IFCPOLYLINE((#5214,#5215));
#5214 = IFCCARTESIANPOINT((932.8045974071138,2087.4627378317527,0.));
#5215 = IFCCARTESIANPOINT((932.8045974071138,2087.4627378317527,0.));
#5216 = IFCPOLYLINE((#5217,#5218,#5219,#5220,#5221,#5222,#5223,#5224,#5225));
#5217 = IFCCARTESIANPOINT((932.8045974071138,2087.4627378317527,0.));
#5218 = IFCCARTESIANPOINT((932.8211793532425,2087.098688741747,0.));
#5219 = IFCCARTESIANPOINT((932.8709251916283,2086.745191799277,0.));
#5220 = IFCCARTESIANPOINT((932.9538349222714,2086.4022470043437,0.));
#5221 = IFCCARTESIANPOINT((933.0699085451721,2086.0698543569474,0.));
#5222 = IFCCARTESIANPOINT((933.2191460603298,2085.7480138570872,0.));
#5223 = IFCCARTESIANPOINT((933.4015474677448,2085.4367255047628,0.));
#5224 = IFCCARTESIANPOINT((933.617112767417,2085.1359892999753,0.));
#5225 = IFCCARTESIANPOINT((932.8045974071138,2087.4627378317527,0.));
#5226 = IFCPOLYLINE((#5227,#5228));
#5227 = IFCCARTESIANPOINT((933.617112767417,2085.1359892999753,0.));
#5228 = IFCCARTESIANPOINT((933.617112767417,2085.1359892999753,0.));
#5229 = IFCPOLYLINE((#5230,#5231,#5232,#5233,#5234,#5235,#5236,#5237,#5238));
#5230 = IFCCARTESIANPOINT((933.617112767417,2085.1359892999753,0.));
#5231 = IFCCARTESIANPOINT((933.8681031338189,2084.8375142696605,0.));
#5232 = IFCCARTESIANPOINT((934.1567797414217,2084.554113735825,0.));
#5233 = IFCCARTESIANPOINT((934.4831425902263,2084.2857876984704,0.));
#5234 = IFCCARTESIANPOINT((934.8471916802323,2084.032536157597,0.));
#5235 = IFCCARTESIANPOINT((935.2489270114397,2083.794359113204,0.));
#5236 = IFCCARTESIANPOINT((935.6883485838487,2083.571256565291,0.));
#5237 = IFCCARTESIANPOINT((936.1654563974589,2083.363228513859,0.));
#5238 = IFCCARTESIANPOINT((933.617112767417,2085.1359892999753,0.));
#5239 = IFCPOLYLINE((#5240,#5241));
#5240 = IFCCARTESIANPOINT((936.1654563974589,2083.363228513859,0.));
#5241 = IFCCARTESIANPOINT((936.1654563974589,2083.363228513859,0.));
#5242 = IFCPOLYLINE((#5243,#5244,#5245,#5246,#5247,#5248,#5249,#5250,#5251));
#5243 = IFCCARTESIANPOINT((936.1654563974589,2083.363228513859,0.));
#5244 = IFCCARTESIANPOINT((936.5295054874653,2083.238110193071,0.));
#5245 = IFCCARTESIANPOINT((937.051836790517,2083.0737981814323,0.));
#5246 = IFCCARTESIANPOINT((937.7324503066151,2082.870292478944,0.));
#5247 = IFCCARTESIANPOINT((938.5713460357595,2082.6275930856073,0.));
#5248 = IFCCARTESIANPOINT((939.5685239779497,2082.3457000014205,0.));
#5249 = IFCCARTESIANPOINT((940.7239841331861,2082.0246132263837,0.));
#5250 = IFCCARTESIANPOINT((942.0377265014686,2081.664332760498,0.));
#5251 = IFCCARTESIANPOINT((936.1654563974589,2083.363228513859,0.));
#5252 = IFCPOLYLINE((#5253,#5254));
#5253 = IFCCARTESIANPOINT((942.0377265014686,2081.664332760498,0.));
#5254 = IFCCARTESIANPOINT((942.0377265014686,2081.664332760498,0.));
#5255 = IFCPOLYLINE((#5256,#5257,#5258,#5259,#5260,#5261,#5262,#5263,#5264));
#5256 = IFCCARTESIANPOINT((942.0377265014686,2081.664332760498,0.));
#5257 = IFCCARTESIANPOINT((943.9661314637469,2081.1401171453863,0.));
#5258 = IFCCARTESIANPOINT((945.7204259916741,2080.6437893487628,0.));
#5259 = IFCCARTESIANPOINT((947.3006100852506,2080.1753493706283,0.));
#5260 = IFCCARTESIANPOINT((948.7066837444769,2079.7347972109837,0.));
#5261 = IFCCARTESIANPOINT((949.9386469693522,2079.3221328698282,0.));
#5262 = IFCCARTESIANPOINT((950.9964997598769,2078.9373563471613,0.));
#5263 = IFCCARTESIANPOINT((951.8802421160508,2078.5804676429834,0.));
#5264 = IFCCARTESIANPOINT((942.0377265014686,2081.664332760498,0.));
#5265 = IFCPOLYLINE((#5266,#5267));
#5266 = IFCCARTESIANPOINT((951.8802421160508,2078.5804676429834,0.));
#5267 = IFCCARTESIANPOINT((951.8802421160508,2078.5804676429834,0.));
#5268 = IFCPOLYLINE((#5269,#5270,#5271,#5272,#5273,#5274,#5275,#5276,#5277));
#5269 = IFCCARTESIANPOINT((951.8802421160508,2078.5804676429834,0.));
#5270 = IFCCARTESIANPOINT((952.6524331982687,2078.2152879657415,0.));
#5271 = IFCCARTESIANPOINT((953.3756321669243,2077.805638523882,0.));
#5272 = IFCCARTESIANPOINT((954.0498390220181,2077.351519317404,0.));
#5273 = IFCCARTESIANPOINT((954.6750537635503,2076.852930346309,0.));
#5274 = IFCCARTESIANPOINT((955.2512763915204,2076.309871610596,0.));
#5275 = IFCCARTESIANPOINT((955.7785069059287,2075.7223431102657,0.));
#5276 = IFCCARTESIANPOINT((956.256745306775,2075.0903448453173,0.));
#5277 = IFCCARTESIANPOINT((951.8802421160508,2078.5804676429834,0.));
#5278 = IFCPOLYLINE((#5279,#5280));
#5279 = IFCCARTESIANPOINT((956.256745306775,2075.0903448453173,0.));
#5280 = IFCCARTESIANPOINT((956.256745306775,2075.0903448453173,0.));
#5281 = IFCPOLYLINE((#5282,#5283,#5284,#5285,#5286,#5287,#5288,#5289,#5290));
#5282 = IFCCARTESIANPOINT((956.256745306775,2075.0903448453173,0.));
#5283 = IFCCARTESIANPOINT((956.6780774834075,2074.41349995334,0.));
#5284 = IFCCARTESIANPOINT((957.0345893251728,2073.6914315719196,0.));
#5285 = IFCCARTESIANPOINT((957.326280832072,2072.924139701058,0.));
#5286 = IFCCARTESIANPOINT((957.5531520041048,2072.111624340755,0.));
#5287 = IFCCARTESIANPOINT((957.715202841271,2071.25388549101,0.));
#5288 = IFCCARTESIANPOINT((957.8124333435708,2070.3509231518233,0.));
#5289 = IFCCARTESIANPOINT((957.844843511004,2069.4027373231947,0.));
#5290 = IFCCARTESIANPOINT((956.256745306775,2075.0903448453173,0.));
#5291 = IFCPOLYLINE((#5292,#5293));
#5292 = IFCCARTESIANPOINT((957.844843511004,2069.4027373231947,0.));
#5293 = IFCCARTESIANPOINT((957.844843511004,2069.4027373231947,0.));
#5294 = IFCPOLYLINE((#5295,#5296,#5297,#5298,#5299,#5300,#5301,#5302,#5303));
#5295 = IFCCARTESIANPOINT((957.844843511004,2069.4027373231947,0.));
#5296 = IFCCARTESIANPOINT((957.8052729577428,2068.460958155571,0.));
#5297 = IFCCARTESIANPOINT((957.686561297958,2067.535007209251,0.));
#5298 = IFCCARTESIANPOINT((957.4887085316502,2066.6248844842357,0.));
#5299 = IFCCARTESIANPOINT((957.2117146588198,2065.7305899805256,0.));
#5300 = IFCCARTESIANPOINT((956.855579679466,2064.8521236981196,0.));
#5301 = IFCCARTESIANPOINT((956.4203035935893,2063.989485637019,0.));
#5302 = IFCCARTESIANPOINT((955.9058864011895,2063.142675797222,0.));
#5303 = IFCCARTESIANPOINT((957.844843511004,2069.4027373231947,0.));
#5304 = IFCPOLYLINE((#5305,#5306));
#5305 = IFCCARTESIANPOINT((955.9058864011895,2063.142675797222,0.));
#5306 = IFCCARTESIANPOINT((955.9058864011895,2063.142675797222,0.));
#5307 = IFCPOLYLINE((#5308,#5309,#5310,#5311,#5312,#5313,#5314,#5315,#5316));
#5308 = IFCCARTESIANPOINT((955.9058864011895,2063.142675797222,0.));
#5309 = IFCCARTESIANPOINT((955.316850451211,2062.3309141617437,0.));
#5310 = IFCCARTESIANPOINT((954.6577180925976,2061.5734207135943,0.));
#5311 = IFCCARTESIANPOINT((953.9284893253495,2060.8701954527746,0.));
#5312 = IFCCARTESIANPOINT((953.1291641494669,2060.221238379286,0.));
#5313 = IFCCARTESIANPOINT((952.2597425649494,2059.626549493127,0.));
#5314 = IFCCARTESIANPOINT((951.3202245717973,2059.0861287942985,0.));
#5315 = IFCCARTESIANPOINT((950.3106101700105,2058.5999762827996,0.));
#5316 = IFCCARTESIANPOINT((955.9058864011895,2063.142675797222,0.));
#5317 = IFCPOLYLINE((#5318,#5319));
#5318 = IFCCARTESIANPOINT((950.3106101700105,2058.5999762827996,0.));
#5319 = IFCCARTESIANPOINT((950.3106101700105,2058.5999762827996,0.));
#5320 = IFCPOLYLINE((#5321,#5322,#5323,#5324,#5325,#5326,#5327,#5328,#5329));
#5321 = IFCCARTESIANPOINT((950.3106101700105,2058.5999762827996,0.));
#5322 = IFCCARTESIANPOINT((949.246350718482,2058.173744894812,0.));
#5323 = IFCCARTESIANPOINT((948.1428975761031,2057.813087566514,0.));
#5324 = IFCCARTESIANPOINT((947.0002507428751,2057.5180042979055,0.));
#5325 = IFCCARTESIANPOINT((945.8184102187979,2057.2884950889893,0.));
#5326 = IFCCARTESIANPOINT((944.5973760038709,2057.124559939763,0.));
#5327 = IFCCARTESIANPOINT((943.3371480980945,2057.026198850227,0.));
#5328 = IFCCARTESIANPOINT((942.0377265014686,2056.993411820382,0.));
#5329 = IFCCARTESIANPOINT((950.3106101700105,2058.5999762827996,0.));
#5330 = IFCPOLYLINE((#5331,#5332));
#5331 = IFCCARTESIANPOINT((942.0377265014686,2056.993411820382,0.));
#5332 = IFCCARTESIANPOINT((942.0377265014686,2056.993411820382,0.));
#5333 = IFCPOLYLINE((#5334,#5335,#5336,#5337,#5338,#5339,#5340,#5341,#5342));
#5334 = IFCCARTESIANPOINT((942.0377265014686,2056.993411820382,0.));
#5335 = IFCCARTESIANPOINT((939.9276738565999,2057.058232155249,0.));
#5336 = IFCCARTESIANPOINT((937.9661050020641,2057.2526931598477,0.));
#5337 = IFCCARTESIANPOINT((936.1530199378624,2057.57679483418,0.));
#5338 = IFCCARTESIANPOINT((934.4884186639945,2058.030537178246,0.));
#5339 = IFCCARTESIANPOINT((932.9723011804602,2058.613920192044,0.));
#5340 = IFCCARTESIANPOINT((931.6046674872598,2059.326943875576,0.));
#5341 = IFCCARTESIANPOINT((930.3855175843928,2060.16960822884,0.));
#5342 = IFCCARTESIANPOINT((942.0377265014686,2056.993411820382,0.));
#5343 = IFCPOLYLINE((#5344,#5345));
#5344 = IFCCARTESIANPOINT((930.3855175843928,2060.16960822884,0.));
#5345 = IFCCARTESIANPOINT((930.3855175843928,2060.16960822884,0.));
#5346 = IFCPOLYLINE((#5347,#5348,#5349,#5350,#5351,#5352,#5353,#5354,#5355));
#5347 = IFCCARTESIANPOINT((930.3855175843928,2060.16960822884,0.));
#5348 = IFCCARTESIANPOINT((929.2997769753794,2061.1396520773656,0.));
#5349 = IFCCARTESIANPOINT((928.332371163738,2062.2348142466794,0.));
#5350 = IFCCARTESIANPOINT((927.4833001494691,2063.455094736782,0.));
#5351 = IFCCARTESIANPOINT((926.7525639325731,2064.800493547674,0.));
#5352 = IFCCARTESIANPOINT((926.1401625130497,2066.2710106793543,0.));
#5353 = IFCCARTESIANPOINT((925.6460958908987,2067.866646131824,0.));
#5354 = IFCCARTESIANPOINT((925.2703640661202,2069.587399905082,0.));
#5355 = IFCCARTESIANPOINT((930.3855175843928,2060.16960822884,0.));
#5356 = IFCPOLYLINE((#5357,#5358,#5359,#5360));
#5357 = IFCCARTESIANPOINT((992.5983414221555,2070.5107128145173,0.));
#5358 = IFCCARTESIANPOINT((999.4677894683555,2069.6612649378367,0.));
#5359 = IFCCARTESIANPOINT((999.4677894683555,2069.6612649378367,0.));
#5360 = IFCCARTESIANPOINT((992.5983414221555,2070.5107128145173,0.));
#5361 = IFCPOLYLINE((#5362,#5363,#5364,#5365,#5366,#5367,#5368,#5369,#5370));
#5362 = IFCCARTESIANPOINT((999.4677894683555,2069.6612649378367,0.));
#5363 = IFCCARTESIANPOINT((998.9469656149518,2067.996286801557,0.));
#5364 = IFCCARTESIANPOINT((998.3130830379432,2066.441352489585,0.));
#5365 = IFCCARTESIANPOINT((997.5661417373302,2064.9964620019214,0.));
#5366 = IFCCARTESIANPOINT((996.7061417131134,2063.661615338566,0.));
#5367 = IFCCARTESIANPOINT((995.7330829652919,2062.436812499519,0.));
#5368 = IFCCARTESIANPOINT((994.6469654938662,2061.3220534847806,0.));
#5369 = IFCCARTESIANPOINT((993.4477892988361,2060.3173382943496,0.));
#5370 = IFCCARTESIANPOINT((999.4677894683555,2069.6612649378367,0.));
#5371 = IFCPOLYLINE((#5372,#5373));
#5372 = IFCCARTESIANPOINT((993.4477892988361,2060.3173382943496,0.));
#5373 = IFCCARTESIANPOINT((993.4477892988361,2060.3173382943496,0.));
#5374 = IFCPOLYLINE((#5375,#5376,#5377,#5378,#5379,#5380,#5381,#5382,#5383));
#5375 = IFCCARTESIANPOINT((993.4477892988361,2060.3173382943496,0.));
#5376 = IFCCARTESIANPOINT((992.1423379036181,2059.4354802502367,0.));
#5377 = IFCCARTESIANPOINT((990.737394831628,2058.689292674447,0.));
#5378 = IFCCARTESIANPOINT((989.2329600828659,2058.0787755669835,0.));
#5379 = IFCCARTESIANPOINT((987.6290336573326,2057.6039289278456,0.));
#5380 = IFCCARTESIANPOINT((985.925615555027,2057.2647527570325,0.));
#5381 = IFCCARTESIANPOINT((984.1227057759498,2057.0612470545443,0.));
#5382 = IFCCARTESIANPOINT((982.2203043201007,2056.993411820382,0.));
#5383 = IFCCARTESIANPOINT((993.4477892988361,2060.3173382943496,0.));
#5384 = IFCPOLYLINE((#5385,#5386));
#5385 = IFCCARTESIANPOINT((982.2203043201007,2056.993411820382,0.));
#5386 = IFCCARTESIANPOINT((982.2203043201007,2056.993411820382,0.));
#5387 = IFCPOLYLINE((#5388,#5389,#5390,#5391,#5392,#5393,#5394,#5395,#5396));
#5388 = IFCCARTESIANPOINT((982.2203043201007,2056.993411820382,0.));
#5389 = IFCCARTESIANPOINT((979.8343883896373,2057.10157133263,0.));
#5390 = IFCCARTESIANPOINT((977.5939413502109,2057.4260498693748,0.));
#5391 = IFCCARTESIANPOINT((975.4989632018222,2057.966847430615,0.));
#5392 = IFCCARTESIANPOINT((973.5494539444717,2058.7239640163525,0.));
#5393 = IFCCARTESIANPOINT((971.7454135781581,2059.6973996265856,0.));
#5394 = IFCCARTESIANPOINT((970.0868421028824,2060.8871542613156,0.));
#5395 = IFCCARTESIANPOINT((968.5737395186443,2062.2932279205415,0.));
#5396 = IFCCARTESIANPOINT((982.2203043201007,2056.993411820382,0.));
#5397 = IFCPOLYLINE((#5398,#5399));
#5398 = IFCCARTESIANPOINT((968.5737395186443,2062.2932279205415,0.));
#5399 = IFCCARTESIANPOINT((968.5737395186443,2062.2932279205415,0.));
#5400 = IFCPOLYLINE((#5401,#5402,#5403,#5404,#5405,#5406,#5407,#5408,#5409));
#5401 = IFCCARTESIANPOINT((968.5737395186443,2062.2932279205415,0.));
#5402 = IFCCARTESIANPOINT((967.2362548184051,2063.8945163091917,0.));
#5403 = IFCCARTESIANPOINT((966.1045369951254,2065.6699151321914,0.));
#5404 = IFCCARTESIANPOINT((965.1785860488059,2067.619424389542,0.));
#5405 = IFCCARTESIANPOINT((964.4584019794463,2069.743044081244,0.));
#5406 = IFCCARTESIANPOINT((963.9439847870465,2072.040774207296,0.));
#5407 = IFCCARTESIANPOINT((963.6353344716066,2074.5126147676992,0.));
#5408 = IFCCARTESIANPOINT((963.5324510331266,2077.158565762453,0.));
#5409 = IFCCARTESIANPOINT((968.5737395186443,2062.2932279205415,0.));
#5410 = IFCPOLYLINE((#5411,#5412));
#5411 = IFCCARTESIANPOINT((963.5324510331266,2077.158565762453,0.));
#5412 = IFCCARTESIANPOINT((963.5324510331266,2077.158565762453,0.));
#5413 = IFCPOLYLINE((#5414,#5415,#5416,#5417,#5418,#5419,#5420,#5421,#5422));
#5414 = IFCCARTESIANPOINT((963.5324510331266,2077.158565762453,0.));
#5415 = IFCCARTESIANPOINT((963.6364650588426,2079.896094323327,0.));
#5416 = IFCCARTESIANPOINT((963.9485071359904,2082.452728926432,0.));
#5417 = IFCCARTESIANPOINT((964.4685772645705,2084.828469571771,0.));
#5418 = IFCCARTESIANPOINT((965.1966754445825,2087.023316259344,0.));
#5419 = IFCCARTESIANPOINT((966.1328016760265,2089.037268989149,0.));
#5420 = IFCCARTESIANPOINT((967.2769559589025,2090.8703277611876,0.));
#5421 = IFCCARTESIANPOINT((968.6291382932104,2092.522492575459,0.));
#5422 = IFCCARTESIANPOINT((963.5324510331266,2077.158565762453,0.));
#5423 = IFCPOLYLINE((#5424,#5425));
#5424 = IFCCARTESIANPOINT((968.6291382932104,2092.522492575459,0.));
#5425 = IFCCARTESIANPOINT((968.6291382932104,2092.522492575459,0.));
#5426 = IFCPOLYLINE((#5427,#5428,#5429,#5430,#5431,#5432,#5433,#5434,#5435));
#5427 = IFCCARTESIANPOINT((968.6291382932104,2092.522492575459,0.));
#5428 = IFCCARTESIANPOINT((970.147140088805,2093.9726591368913,0.));
#5429 = IFCCARTESIANPOINT((971.7887527555399,2095.19972315041,0.));
#5430 = IFCCARTESIANPOINT((973.5539762934155,2096.2036846160167,0.));
#5431 = IFCCARTESIANPOINT((975.4428107024323,2096.9845435337106,0.));
#5432 = IFCCARTESIANPOINT((977.4552559825896,2097.542299903492,0.));
#5433 = IFCCARTESIANPOINT((979.5913121338876,2097.876953725361,0.));
#5434 = IFCCARTESIANPOINT((981.8509791563265,2097.9885049993172,0.));
#5435 = IFCCARTESIANPOINT((968.6291382932104,2092.522492575459,0.));
#5436 = IFCPOLYLINE((#5437,#5438));
#5437 = IFCCARTESIANPOINT((981.8509791563265,2097.9885049993172,0.));
#5438 = IFCCARTESIANPOINT((981.8509791563265,2097.9885049993172,0.));
#5439 = IFCPOLYLINE((#5440,#5441,#5442,#5443,#5444,#5445,#5446,#5447,#5448));
#5440 = IFCCARTESIANPOINT((981.8509791563265,2097.9885049993172,0.));
#5441 = IFCCARTESIANPOINT((984.0397960453068,2097.8792148998336,0.));
#5442 = IFCCARTESIANPOINT((986.1110318617382,2097.5513446013806,0.));
#5443 = IFCCARTESIANPOINT((988.0646866056212,2097.0048941039595,0.));
#5444 = IFCCARTESIANPOINT((989.9007602769559,2096.2398634075703,0.));
#5445 = IFCCARTESIANPOINT((991.619252875742,2095.256252512212,0.));
#5446 = IFCCARTESIANPOINT((993.2201644019794,2094.0540614178863,0.));
#5447 = IFCCARTESIANPOINT((994.7034948556684,2092.6332901245914,0.));
#5448 = IFCCARTESIANPOINT((981.8509791563265,2097.9885049993172,0.));
#5449 = IFCPOLYLINE((#5450,#5451));
#5450 = IFCCARTESIANPOINT((994.7034948556684,2092.6332901245914,0.));
#5451 = IFCCARTESIANPOINT((994.7034948556684,2092.6332901245914,0.));
#5452 = IFCPOLYLINE((#5453,#5454,#5455,#5456,#5457,#5458,#5459,#5460,#5461));
#5453 = IFCCARTESIANPOINT((994.7034948556684,2092.6332901245914,0.));
#5454 = IFCCARTESIANPOINT((996.0262819218395,2091.0142892025774,0.));
#5455 = IFCCARTESIANPOINT((997.1455632855224,2089.217409222092,0.));
#5456 = IFCCARTESIANPOINT((998.0613389467173,2087.242650183136,0.));
#5457 = IFCCARTESIANPOINT((998.7736089054249,2085.09001208571,0.));
#5458 = IFCCARTESIANPOINT((999.2823731616445,2082.759494929812,0.));
#5459 = IFCCARTESIANPOINT((999.5876317153761,2080.2510987154437,0.));
#5460 = IFCCARTESIANPOINT((999.68938456662,2077.5648234426044,0.));
#5461 = IFCCARTESIANPOINT((994.7034948556684,2092.6332901245914,0.));
#5462 = IFCPOLYLINE((#5463,#5464));
#5463 = IFCCARTESIANPOINT((999.68938456662,2077.5648234426044,0.));
#5464 = IFCCARTESIANPOINT((999.68938456662,2077.5648234426044,0.));
#5465 = IFCPOLYLINE((#5466,#5467,#5468,#5469,#5470,#5471,#5472,#5473,#5474));
#5466 = IFCCARTESIANPOINT((999.68938456662,2077.5648234426044,0.));
#5467 = IFCCARTESIANPOINT((999.6886308417961,2077.383929484838,0.));
#5468 = IFCCARTESIANPOINT((999.6863696673239,2077.1789163327016,0.));
#5469 = IFCCARTESIANPOINT((999.6826010432036,2076.9497839861965,0.));
#5470 = IFCCARTESIANPOINT((999.6773249694356,2076.696532445323,0.));
#5471 = IFCCARTESIANPOINT((999.6705414460192,2076.4191617100805,0.));
#5472 = IFCCARTESIANPOINT((999.6622504729551,2076.1176717804688,0.));
#5473 = IFCCARTESIANPOINT((999.6524520502426,2075.7920626564883,0.));
#5474 = IFCCARTESIANPOINT((999.68938456662,2077.5648234426044,0.));
#5475 = IFCPOLYLINE((#5476,#5477,#5478,#5479));
#5476 = IFCCARTESIANPOINT((999.6524520502426,2075.7920626564883,0.));
#5477 = IFCCARTESIANPOINT((970.4018990793265,2075.7920626564883,0.));
#5478 = IFCCARTESIANPOINT((970.4018990793265,2075.7920626564883,0.));
#5479 = IFCCARTESIANPOINT((999.6524520502426,2075.7920626564883,0.));
#5480 = IFCPOLYLINE((#5481,#5482,#5483,#5484,#5485,#5486,#5487,#5488,#5489));
#5481 = IFCCARTESIANPOINT((970.4018990793265,2075.7920626564883,0.));
#5482 = IFCCARTESIANPOINT((970.5669648157891,2074.0072422731882,0.));
#5483 = IFCCARTESIANPOINT((970.8511190744479,2072.346032761028,0.));
#5484 = IFCCARTESIANPOINT((971.2543618553032,2070.8084341200088,0.));
#5485 = IFCCARTESIANPOINT((971.7766931583556,2069.3944463501307,0.));
#5486 = IFCCARTESIANPOINT((972.418112983604,2068.104069451393,0.));
#5487 = IFCCARTESIANPOINT((973.1786213310493,2066.937303423796,0.));
#5488 = IFCCARTESIANPOINT((974.058218200691,2065.89414826734,0.));
#5489 = IFCCARTESIANPOINT((970.4018990793265,2075.7920626564883,0.));
#5490 = IFCPOLYLINE((#5491,#5492));
#5491 = IFCCARTESIANPOINT((974.058218200691,2065.89414826734,0.));
#5492 = IFCCARTESIANPOINT((974.058218200691,2065.89414826734,0.));
#5493 = IFCPOLYLINE((#5494,#5495,#5496,#5497,#5498,#5499,#5500,#5501,#5502));
#5494 = IFCCARTESIANPOINT((974.058218200691,2065.89414826734,0.));
#5495 = IFCCARTESIANPOINT((975.0305232236885,2064.9828949550893,0.));
#5496 = IFCCARTESIANPOINT((976.0691560312002,2064.2118344601076,0.));
#5497 = IFCCARTESIANPOINT((977.1741166232266,2063.5809667823946,0.));
#5498 = IFCCARTESIANPOINT((978.3454049997679,2063.0902919219525,0.));
#5499 = IFCCARTESIANPOINT((979.5830211608234,2062.7398098787785,0.));
#5500 = IFCCARTESIANPOINT((980.8869651063935,2062.5295206528745,0.));
#5501 = IFCCARTESIANPOINT((982.2572368364781,2062.45942424424,0.));
#5502 = IFCCARTESIANPOINT((974.058218200691,2065.89414826734,0.));
#5503 = IFCPOLYLINE((#5504,#5505));
#5504 = IFCCARTESIANPOINT((982.2572368364781,2062.45942424424,0.));
#5505 = IFCCARTESIANPOINT((982.2572368364781,2062.45942424424,0.));
#5506 = IFCPOLYLINE((#5507,#5508,#5509,#5510,#5511,#5512,#5513,#5514,#5515));
#5507 = IFCCARTESIANPOINT((982.2572368364781,2062.45942424424,0.));
#5508 = IFCCARTESIANPOINT((983.2800414226857,2062.49861793509,0.));
#5509 = IFCCARTESIANPOINT((984.259129969099,2062.616199007638,0.));
#5510 = IFCCARTESIANPOINT((985.1945024757189,2062.8121674618856,0.));
#5511 = IFCCARTESIANPOINT((986.0861589425454,2063.086523297832,0.));
#5512 = IFCCARTESIANPOINT((986.9340993695778,2063.4392665154774,0.));
#5513 = IFCCARTESIANPOINT((987.7383237568167,2063.8703971148225,0.));
#5514 = IFCCARTESIANPOINT((988.498832104262,2064.3799150958657,0.));
#5515 = IFCCARTESIANPOINT((982.2572368364781,2062.45942424424,0.));
#5516 = IFCPOLYLINE((#5517,#5518));
#5517 = IFCCARTESIANPOINT((988.498832104262,2064.3799150958657,0.));
#5518 = IFCCARTESIANPOINT((988.498832104262,2064.3799150958657,0.));
#5519 = IFCPOLYLINE((#5520,#5521,#5522,#5523,#5524,#5525,#5526,#5527,#5528));
#5520 = IFCCARTESIANPOINT((988.498832104262,2064.3799150958657,0.));
#5521 = IFCCARTESIANPOINT((989.2156244119137,2064.975357706849,0.));
#5522 = IFCCARTESIANPOINT((989.8887006797714,2065.6642621960114,0.));
#5523 = IFCCARTESIANPOINT((990.5180609078354,2066.446628563353,0.));
#5524 = IFCCARTESIANPOINT((991.1037050961061,2067.3224568088754,0.));
#5525 = IFCCARTESIANPOINT((991.6456332445828,2068.291746932576,0.));
#5526 = IFCCARTESIANPOINT((992.1438453532661,2069.354498934457,0.));
#5527 = IFCCARTESIANPOINT((992.5983414221555,2070.5107128145173,0.));
#5528 = IFCCARTESIANPOINT((988.498832104262,2064.3799150958657,0.));
#5529 = IFCPOLYLINE((#5530,#5531));
#5530 = IFCCARTESIANPOINT((992.6722064549103,2081.2580750803463,0.));
#5531 = IFCCARTESIANPOINT((992.6722064549103,2081.2580750803463,0.));
#5532 = IFCPOLYLINE((#5533,#5534,#5535,#5536,#5537,#5538,#5539,#5540,#5541));
#5533 = IFCCARTESIANPOINT((992.6722064549103,2081.2580750803463,0.));
#5534 = IFCCARTESIANPOINT((992.5124167922164,2082.621563287015,0.));
#5535 = IFCCARTESIANPOINT((992.2862993450075,2083.8840523672634,0.));
#5536 = IFCCARTESIANPOINT((991.9938541132841,2085.0455423210915,0.));
#5537 = IFCCARTESIANPOINT((991.6350810970466,2086.106033148501,0.));
#5538 = IFCCARTESIANPOINT((991.2099802962942,2087.0655248494895,0.));
#5539 = IFCCARTESIANPOINT((990.7185517110273,2087.9240174240585,0.));
#5540 = IFCCARTESIANPOINT((990.1607953412458,2088.6815108722076,0.));
#5541 = IFCCARTESIANPOINT((992.6722064549103,2081.2580750803463,0.));
#5542 = IFCPOLYLINE((#5543,#5544));
#5543 = IFCCARTESIANPOINT((990.1607953412458,2088.6815108722076,0.));
#5544 = IFCCARTESIANPOINT((990.1607953412458,2088.6815108722076,0.));
#5545 = IFCPOLYLINE((#5546,#5547,#5548,#5549,#5550,#5551,#5552,#5553,#5554));
#5546 = IFCCARTESIANPOINT((990.1607953412458,2088.6815108722076,0.));
#5547 = IFCCARTESIANPOINT((989.2148706870897,2089.7005468342954,0.));
#5548 = IFCCARTESIANPOINT((988.1920661008821,2090.562808032984,0.));
#5549 = IFCCARTESIANPOINT((987.0923815826237,2091.2682944682747,0.));
#5550 = IFCCARTESIANPOINT((985.9158171323148,2091.817006140168,0.));
#5551 = IFCCARTESIANPOINT((984.6623727499546,2092.208943048663,0.));
#5552 = IFCCARTESIANPOINT((983.3320484355435,2092.44410519376,0.));
#5553 = IFCCARTESIANPOINT((981.9248441890813,2092.522492575459,0.));
#5554 = IFCCARTESIANPOINT((990.1607953412458,2088.6815108722076,0.));
#5555 = IFCPOLYLINE((#5556,#5557));
#5556 = IFCCARTESIANPOINT((981.9248441890813,2092.522492575459,0.));
#5557 = IFCCARTESIANPOINT((981.9248441890813,2092.522492575459,0.));
#5558 = IFCPOLYLINE((#5559,#5560,#5561,#5562,#5563,#5564,#5565,#5566,#5567));
#5559 = IFCCARTESIANPOINT((981.9248441890813,2092.522492575459,0.));
#5560 = IFCCARTESIANPOINT((980.6461500251164,2092.4599334150653,0.));
#5561 = IFCCARTESIANPOINT((979.4270001222494,2092.2722559338813,0.));
#5562 = IFCCARTESIANPOINT((978.2673944804808,2091.9594601319095,0.));
#5563 = IFCCARTESIANPOINT((977.1673330998105,2091.5215460091486,0.));
#5564 = IFCCARTESIANPOINT((976.1268159802385,2090.958513565599,0.));
#5565 = IFCCARTESIANPOINT((975.1458431217649,2090.2703628012605,0.));
#5566 = IFCCARTESIANPOINT((974.2244145243894,2089.4570937161334,0.));
#5567 = IFCCARTESIANPOINT((981.9248441890813,2092.522492575459,0.));
#5568 = IFCPOLYLINE((#5569,#5570));
#5569 = IFCCARTESIANPOINT((974.2244145243894,2089.4570937161334,0.));
#5570 = IFCCARTESIANPOINT((974.2244145243894,2089.4570937161334,0.));
#5571 = IFCPOLYLINE((#5572,#5573,#5574,#5575,#5576,#5577,#5578,#5579,#5580));
#5572 = IFCCARTESIANPOINT((974.2244145243894,2089.4570937161334,0.));
#5573 = IFCCARTESIANPOINT((973.3896642817776,2088.5390568804664,0.));
#5574 = IFCCARTESIANPOINT((972.6687264875936,2087.5366028645076,0.));
#5575 = IFCCARTESIANPOINT((972.0616011418381,2086.4497316682578,0.));
#5576 = IFCCARTESIANPOINT((971.5682882445115,2085.278443291717,0.));
#5577 = IFCCARTESIANPOINT((971.1887877956128,2084.0227377348847,0.));
#5578 = IFCCARTESIANPOINT((970.9230997951427,2082.682614997761,0.));
#5579 = IFCCARTESIANPOINT((970.7712242431007,2081.2580750803463,0.));
#5580 = IFCCARTESIANPOINT((974.2244145243894,2089.4570937161334,0.));
#5581 = IFCPOLYLINE((#5582,#5583,#5584,#5585,#5586));
#5582 = IFCCARTESIANPOINT((1009.6980965049006,2057.87979221344,0.));
#5583 = IFCCARTESIANPOINT((1009.6980965049006,2065.450958070811,0.));
#5584 = IFCCARTESIANPOINT((1017.2692623622715,2065.450958070811,0.));
#5585 = IFCCARTESIANPOINT((1017.2692623622715,2057.87979221344,0.));
#5586 = IFCCARTESIANPOINT((1009.6980965049006,2057.87979221344,0.));
#5587 = IFCPOLYLINE((#5588,#5589,#5590,#5591));
#5588 = IFCCARTESIANPOINT((1068.309999995865,2076.8631056314334,0.));
#5589 = IFCCARTESIANPOINT((1075.4749081730843,2075.05341232894,0.));
#5590 = IFCCARTESIANPOINT((1075.4749081730843,2075.05341232894,0.));
#5591 = IFCCARTESIANPOINT((1068.309999995865,2076.8631056314334,0.));
#5592 = IFCPOLYLINE((#5593,#5594,#5595,#5596,#5597,#5598,#5599,#5600,#5601));
#5593 = IFCCARTESIANPOINT((1075.4749081730843,2075.05341232894,0.));
#5594 = IFCCARTESIANPOINT((1074.7577390030208,2072.616996835267,0.));
#5595 = IFCCARTESIANPOINT((1073.8935934922715,2070.351676876647,0.));
#5596 = IFCCARTESIANPOINT((1072.8824716408365,2068.2574524530824,0.));
#5597 = IFCCARTESIANPOINT((1071.724373448716,2066.334323564573,0.));
#5598 = IFCCARTESIANPOINT((1070.41929891591,2064.5822902111177,0.));
#5599 = IFCCARTESIANPOINT((1068.9672480424183,2063.001352392717,0.));
#5600 = IFCCARTESIANPOINT((1067.3682208282407,2061.5915101093706,0.));
#5601 = IFCCARTESIANPOINT((1075.4749081730843,2075.05341232894,0.));
#5602 = IFCPOLYLINE((#5603,#5604));
#5603 = IFCCARTESIANPOINT((1067.3682208282407,2061.5915101093706,0.));
#5604 = IFCCARTESIANPOINT((1067.3682208282407,2061.5915101093706,0.));
#5605 = IFCPOLYLINE((#5606,#5607,#5608,#5609,#5610,#5611,#5612,#5613,#5614));
#5606 = IFCCARTESIANPOINT((1067.3682208282407,2061.5915101093706,0.));
#5607 = IFCCARTESIANPOINT((1065.6425678436267,2060.3618080589677,0.));
#5608 = IFCCARTESIANPOINT((1063.810639658824,2059.321290939395,0.));
#5609 = IFCCARTESIANPOINT((1061.8724362738335,2058.4699587506543,0.));
#5610 = IFCCARTESIANPOINT((1059.827957688655,2057.8078114927453,0.));
#5611 = IFCCARTESIANPOINT((1057.6772039032883,2057.334849165667,0.));
#5612 = IFCCARTESIANPOINT((1055.4201749177337,2057.0510717694206,0.));
#5613 = IFCCARTESIANPOINT((1053.0568707319908,2056.9564793040045,0.));
#5614 = IFCCARTESIANPOINT((1067.3682208282407,2061.5915101093706,0.));
#5615 = IFCPOLYLINE((#5616,#5617));
#5616 = IFCCARTESIANPOINT((1053.0568707319908,2056.9564793040045,0.));
#5617 = IFCCARTESIANPOINT((1053.0568707319908,2056.9564793040045,0.));
#5618 = IFCPOLYLINE((#5619,#5620,#5621,#5622,#5623,#5624,#5625,#5626,#5627));
#5619 = IFCCARTESIANPOINT((1053.0568707319908,2056.9564793040045,0.));
#5620 = IFCCARTESIANPOINT((1050.6227164127895,2057.029213749524,0.));
#5621 = IFCCARTESIANPOINT((1048.321971387441,2057.2474170860796,0.));
#5622 = IFCCARTESIANPOINT((1046.1546356559454,2057.6110893136733,0.));
#5623 = IFCCARTESIANPOINT((1044.1207092183035,2058.120230432305,0.));
#5624 = IFCCARTESIANPOINT((1042.2201920745144,2058.7748404419744,0.));
#5625 = IFCCARTESIANPOINT((1040.4530842245786,2059.574919342681,0.));
#5626 = IFCCARTESIANPOINT((1038.8193856684957,2060.5204671344254,0.));
#5627 = IFCCARTESIANPOINT((1053.0568707319908,2056.9564793040045,0.));
#5628 = IFCPOLYLINE((#5629,#5630));
#5629 = IFCCARTESIANPOINT((1038.8193856684957,2060.5204671344254,0.));
#5630 = IFCCARTESIANPOINT((1038.8193856684957,2060.5204671344254,0.));
#5631 = IFCPOLYLINE((#5632,#5633,#5634,#5635,#5636,#5637,#5638,#5639,#5640));
#5632 = IFCCARTESIANPOINT((1038.8193856684957,2060.5204671344254,0.));
#5633 = IFCCARTESIANPOINT((1037.3059062218458,2061.603946568968,0.));
#5634 = IFCCARTESIANPOINT((1035.8994557002075,2062.8178203980656,0.));
#5635 = IFCCARTESIANPOINT((1034.6000341035815,2064.162088621721,0.));
#5636 = IFCCARTESIANPOINT((1033.4076414319677,2065.6367512399343,0.));
#5637 = IFCCARTESIANPOINT((1032.322277685366,2067.241808252704,0.));
#5638 = IFCCARTESIANPOINT((1031.3439428637766,2068.9772596600305,0.));
#5639 = IFCCARTESIANPOINT((1030.472636967199,2070.843105461914,0.));
#5640 = IFCCARTESIANPOINT((1038.8193856684957,2060.5204671344254,0.));
#5641 = IFCPOLYLINE((#5642,#5643));
#5642 = IFCCARTESIANPOINT((1030.472636967199,2070.843105461914,0.));
#5643 = IFCCARTESIANPOINT((1030.472636967199,2070.843105461914,0.));
#5644 = IFCPOLYLINE((#5645,#5646,#5647,#5648,#5649,#5650,#5651,#5652,#5653));
#5645 = IFCCARTESIANPOINT((1030.472636967199,2070.843105461914,0.));
#5646 = IFCCARTESIANPOINT((1029.71325920699,2072.794499031326,0.));
#5647 = IFCCARTESIANPOINT((1029.070708794505,2074.7865937412334,0.));
#5648 = IFCCARTESIANPOINT((1028.5449857297447,2076.8193895916397,0.));
#5649 = IFCCARTESIANPOINT((1028.1360900127092,2078.8928865825437,0.));
#5650 = IFCCARTESIANPOINT((1027.8440216433978,2081.0070847139446,0.));
#5651 = IFCCARTESIANPOINT((1027.668780621811,2083.1619839858436,0.));
#5652 = IFCCARTESIANPOINT((1027.610366947949,2085.35758439824,0.));
#5653 = IFCCARTESIANPOINT((1030.472636967199,2070.843105461914,0.));
#5654 = IFCPOLYLINE((#5655,#5656));
#5655 = IFCCARTESIANPOINT((1027.610366947949,2085.35758439824,0.));
#5656 = IFCCARTESIANPOINT((1027.610366947949,2085.35758439824,0.));
#5657 = IFCPOLYLINE((#5658,#5659,#5660,#5661,#5662,#5663,#5664,#5665,#5666));
#5658 = IFCCARTESIANPOINT((1027.610366947949,2085.35758439824,0.));
#5659 = IFCCARTESIANPOINT((1027.6763178700514,2087.7299332818716,0.));
#5660 = IFCCARTESIANPOINT((1027.8741706363592,2090.0140963610907,0.));
#5661 = IFCCARTESIANPOINT((1028.2039252468717,2092.2100736358993,0.));
#5662 = IFCCARTESIANPOINT((1028.6655817015894,2094.3178651062963,0.));
#5663 = IFCCARTESIANPOINT((1029.2591400005122,2096.337470772282,0.));
#5664 = IFCCARTESIANPOINT((1029.9846001436404,2098.2688906338562,0.));
#5665 = IFCCARTESIANPOINT((1030.8419621309731,2100.112124691019,0.));
#5666 = IFCCARTESIANPOINT((1027.610366947949,2085.35758439824,0.));
#5667 = IFCPOLYLINE((#5668,#5669));
#5668 = IFCCARTESIANPOINT((1030.8419621309731,2100.112124691019,0.));
#5669 = IFCCARTESIANPOINT((1030.8419621309731,2100.112124691019,0.));
#5670 = IFCPOLYLINE((#5671,#5672,#5673,#5674,#5675,#5676,#5677,#5678,#5679));
#5671 = IFCCARTESIANPOINT((1030.8419621309731,2100.112124691019,0.));
#5672 = IFCCARTESIANPOINT((1031.821050677387,2101.849460410406,0.));
#5673 = IFCCARTESIANPOINT((1032.9116904977566,2103.4631852586517,0.));
#5674 = IFCCARTESIANPOINT((1034.1138815920826,2104.9532992357567,0.));
#5675 = IFCCARTESIANPOINT((1035.4276239603655,2106.3198023417217,0.));
#5676 = IFCCARTESIANPOINT((1036.852917602604,2107.5626945765453,0.));
#5677 = IFCCARTESIANPOINT((1038.3897625187992,2108.6819759402283,0.));
#5678 = IFCCARTESIANPOINT((1040.0381587089505,2109.6776464327704,0.));
#5679 = IFCCARTESIANPOINT((1030.8419621309731,2100.112124691019,0.));
#5680 = IFCPOLYLINE((#5681,#5682));
#5681 = IFCCARTESIANPOINT((1040.0381587089505,2109.6776464327704,0.));
#5682 = IFCCARTESIANPOINT((1040.0381587089505,2109.6776464327704,0.));
#5683 = IFCPOLYLINE((#5684,#5685,#5686,#5687,#5688,#5689,#5690,#5691,#5692));
#5684 = IFCCARTESIANPOINT((1040.0381587089505,2109.6776464327704,0.));
#5685 = IFCCARTESIANPOINT((1041.7668265928612,2110.544806842816,0.));
#5686 = IFCCARTESIANPOINT((1043.5444865903332,2111.278557959008,0.));
#5687 = IFCCARTESIANPOINT((1045.3711387013673,2111.878899781347,0.));
#5688 = IFCCARTESIANPOINT((1047.2467829259635,2112.345832309833,0.));
#5689 = IFCCARTESIANPOINT((1049.1714192641216,2112.6793555444656,0.));
#5690 = IFCCARTESIANPOINT((1051.1450477158414,2112.879469485246,0.));
#5691 = IFCCARTESIANPOINT((1053.167668281123,2112.946174132172,0.));
#5692 = IFCCARTESIANPOINT((1040.0381587089505,2109.6776464327704,0.));
#5693 = IFCPOLYLINE((#5694,#5695));
#5694 = IFCCARTESIANPOINT((1053.167668281123,2112.946174132172,0.));
#5695 = IFCCARTESIANPOINT((1053.167668281123,2112.946174132172,0.));
#5696 = IFCPOLYLINE((#5697,#5698,#5699,#5700,#5701,#5702,#5703,#5704,#5705));
#5697 = IFCCARTESIANPOINT((1053.167668281123,2112.946174132172,0.));
#5698 = IFCCARTESIANPOINT((1055.4363800014505,2112.861756951881,0.));
#5699 = IFCCARTESIANPOINT((1057.5995702464134,2112.608505411007,0.));
#5700 = IFCCARTESIANPOINT((1059.6572390160122,2112.1864195095504,0.));
#5701 = IFCCARTESIANPOINT((1061.6093863102476,2111.595499247512,0.));
#5702 = IFCCARTESIANPOINT((1063.4560121291183,2110.835744624891,0.));
#5703 = IFCCARTESIANPOINT((1065.1971164726253,2109.9071556416875,0.));
#5704 = IFCCARTESIANPOINT((1066.8326993407682,2108.809732297901,0.));
#5705 = IFCCARTESIANPOINT((1053.167668281123,2112.946174132172,0.));
#5706 = IFCPOLYLINE((#5707,#5708));
#5707 = IFCCARTESIANPOINT((1066.8326993407682,2108.809732297901,0.));
#5708 = IFCCARTESIANPOINT((1066.8326993407682,2108.809732297901,0.));
#5709 = IFCPOLYLINE((#5710,#5711,#5712,#5713,#5714,#5715,#5716,#5717,#5718));
#5710 = IFCCARTESIANPOINT((1066.8326993407682,2108.809732297901,0.));
#5711 = IFCCARTESIANPOINT((1068.3469325122426,2107.5593028148373,0.));
#5712 = IFCCARTESIANPOINT((1069.7239877657435,2106.1716954137996,0.));
#5713 = IFCCARTESIANPOINT((1070.9638651012708,2104.646910094789,0.));
#5714 = IFCCARTESIANPOINT((1072.0665645188255,2102.9849468578054,0.));
#5715 = IFCCARTESIANPOINT((1073.0320860184065,2101.185805702848,0.));
#5716 = IFCCARTESIANPOINT((1073.8604296000142,2099.2494866299176,0.));
#5717 = IFCCARTESIANPOINT((1074.5515952636488,2097.175989639014,0.));
#5718 = IFCCARTESIANPOINT((1066.8326993407682,2108.809732297901,0.));
#5719 = IFCPOLYLINE((#5720,#5721,#5722,#5723));
#5720 = IFCCARTESIANPOINT((1074.5515952636488,2097.175989639014,0.));
#5721 = IFCCARTESIANPOINT((1067.4974846355617,2095.51402640203,0.));
#5722 = IFCCARTESIANPOINT((1067.4974846355617,2095.51402640203,0.));
#5723 = IFCCARTESIANPOINT((1074.5515952636488,2097.175989639014,0.));
#5724 = IFCPOLYLINE((#5725,#5726,#5727,#5728,#5729,#5730,#5731,#5732,#5733));
#5725 = IFCCARTESIANPOINT((1067.4974846355617,2095.51402640203,0.));
#5726 = IFCCARTESIANPOINT((1066.9246537692998,2097.136795948165,0.));
#5727 = IFCCARTESIANPOINT((1066.2824802192272,2098.6284173749177,0.));
#5728 = IFCCARTESIANPOINT((1065.5709639853435,2099.98889068229,0.));
#5729 = IFCCARTESIANPOINT((1064.7901050676496,2101.2182158702813,0.));
#5730 = IFCCARTESIANPOINT((1063.9399034661449,2102.3163929388916,0.));
#5731 = IFCCARTESIANPOINT((1063.0203591808297,2103.2834218881208,0.));
#5732 = IFCCARTESIANPOINT((1062.0314722117037,2104.119302717969,0.));
#5733 = IFCCARTESIANPOINT((1067.4974846355617,2095.51402640203,0.));
#5734 = IFCPOLYLINE((#5735,#5736));
#5735 = IFCCARTESIANPOINT((1062.0314722117037,2104.119302717969,0.));
#5736 = IFCCARTESIANPOINT((1062.0314722117037,2104.119302717969,0.));
#5737 = IFCPOLYLINE((#5738,#5739,#5740,#5741,#5742,#5743,#5744,#5745,#5746));
#5738 = IFCCARTESIANPOINT((1062.0314722117037,2104.119302717969,0.));
#5739 = IFCCARTESIANPOINT((1060.970227659471,2104.834587575973,0.));
#5740 = IFCCARTESIANPOINT((1059.8336106248353,2105.4398286096675,0.));
#5741 = IFCCARTESIANPOINT((1058.6216211077965,2105.9350258190543,0.));
#5742 = IFCCARTESIANPOINT((1057.3342591083554,2106.3201792041336,0.));
#5743 = IFCCARTESIANPOINT((1055.971524626511,2106.595288764904,0.));
#5744 = IFCCARTESIANPOINT((1054.5334176622637,2106.7603545013662,0.));
#5745 = IFCCARTESIANPOINT((1053.0199382156134,2106.8153764135204,0.));
#5746 = IFCCARTESIANPOINT((1062.0314722117037,2104.119302717969,0.));
#5747 = IFCPOLYLINE((#5748,#5749));
#5748 = IFCCARTESIANPOINT((1053.0199382156134,2106.8153764135204,0.));
#5749 = IFCCARTESIANPOINT((1053.0199382156134,2106.8153764135204,0.));
#5750 = IFCPOLYLINE((#5751,#5752,#5753,#5754,#5755,#5756,#5757,#5758,#5759));
#5751 = IFCCARTESIANPOINT((1053.0199382156134,2106.8153764135204,0.));
#5752 = IFCCARTESIANPOINT((1051.2784570096946,2106.7543247027743,0.));
#5753 = IFCCARTESIANPOINT((1049.6206392592428,2106.5711695705354,0.));
#5754 = IFCCARTESIANPOINT((1048.046484964258,2106.265911016803,0.));
#5755 = IFCCARTESIANPOINT((1046.5559941247411,2105.838549041579,0.));
#5756 = IFCCARTESIANPOINT((1045.1491667406908,2105.289083644862,0.));
#5757 = IFCCARTESIANPOINT((1043.826002812108,2104.617514826652,0.));
#5758 = IFCCARTESIANPOINT((1042.5865023389924,2103.8238425869495,0.));
#5759 = IFCCARTESIANPOINT((1053.0199382156134,2106.8153764135204,0.));
#5760 = IFCPOLYLINE((#5761,#5762));
#5761 = IFCCARTESIANPOINT((1042.5865023389924,2103.8238425869495,0.));
#5762 = IFCCARTESIANPOINT((1042.5865023389924,2103.8238425869495,0.));
#5763 = IFCPOLYLINE((#5764,#5765,#5766,#5767,#5768,#5769,#5770,#5771,#5772));
#5764 = IFCCARTESIANPOINT((1042.5865023389924,2103.8238425869495,0.));
#5765 = IFCCARTESIANPOINT((1041.4397100192325,2102.927286908767,0.));
#5766 = IFCCARTESIANPOINT((1040.3946705507162,2101.9470677751174,0.));
#5767 = IFCCARTESIANPOINT((1039.4513839334438,2100.8831851860004,0.));
#5768 = IFCCARTESIANPOINT((1038.6098501674157,2099.7356391414164,0.));
#5769 = IFCCARTESIANPOINT((1037.870069252631,2098.5044296413653,0.));
#5770 = IFCCARTESIANPOINT((1037.2320411890908,2097.1895566858466,0.));
#5771 = IFCCARTESIANPOINT((1036.695765976794,2095.791020274861,0.));
#5772 = IFCCARTESIANPOINT((1042.5865023389924,2103.8238425869495,0.));
#5773 = IFCPOLYLINE((#5774,#5775));
#5774 = IFCCARTESIANPOINT((1036.695765976794,2095.791020274861,0.));
#5775 = IFCCARTESIANPOINT((1036.695765976794,2095.791020274861,0.));
#5776 = IFCPOLYLINE((#5777,#5778,#5779,#5780,#5781,#5782,#5783,#5784,#5785));
#5777 = IFCCARTESIANPOINT((1036.695765976794,2095.791020274861,0.));
#5778 = IFCCARTESIANPOINT((1036.2450385320249,2094.344245475138,0.));
#5779 = IFCCARTESIANPOINT((1035.863653771066,2092.884657353405,0.));
#5780 = IFCCARTESIANPOINT((1035.551611693918,2091.4122559096645,0.));
#5781 = IFCCARTESIANPOINT((1035.308912300581,2089.9270411439156,0.));
#5782 = IFCCARTESIANPOINT((1035.135555591054,2088.429013056158,0.));
#5783 = IFCCARTESIANPOINT((1035.031541565338,2086.918171646392,0.));
#5784 = IFCCARTESIANPOINT((1034.9968702234328,2085.3945169146173,0.));
#5785 = IFCCARTESIANPOINT((1036.695765976794,2095.791020274861,0.));
#5786 = IFCPOLYLINE((#5787,#5788));
#5787 = IFCCARTESIANPOINT((1034.9968702234328,2085.3945169146173,0.));
#5788 = IFCCARTESIANPOINT((1034.9968702234328,2085.3945169146173,0.));
#5789 = IFCPOLYLINE((#5790,#5791,#5792,#5793,#5794,#5795,#5796,#5797,#5798));
#5790 = IFCCARTESIANPOINT((1034.9968702234328,2085.3945169146173,0.));
#5791 = IFCCARTESIANPOINT((1035.0379482263427,2083.4570672544514,0.));
#5792 = IFCCARTESIANPOINT((1035.1611822350712,2081.591221452567,0.));
#5793 = IFCCARTESIANPOINT((1035.366572249619,2079.796979508966,0.));
#5794 = IFCCARTESIANPOINT((1035.6541182699862,2078.074341423648,0.));
#5795 = IFCCARTESIANPOINT((1036.0238202961723,2076.4233071966123,0.));
#5796 = IFCCARTESIANPOINT((1036.4756783281775,2074.84387682786,0.));
#5797 = IFCCARTESIANPOINT((1037.0096923660021,2073.33605031739,0.));
#5798 = IFCCARTESIANPOINT((1034.9968702234328,2085.3945169146173,0.));
#5799 = IFCPOLYLINE((#5800,#5801));
#5800 = IFCCARTESIANPOINT((1037.0096923660021,2073.33605031739,0.));
#5801 = IFCCARTESIANPOINT((1037.0096923660021,2073.33605031739,0.));
#5802 = IFCPOLYLINE((#5803,#5804,#5805,#5806,#5807,#5808,#5809,#5810,#5811));
#5803 = IFCCARTESIANPOINT((1037.0096923660021,2073.33605031739,0.));
#5804 = IFCCARTESIANPOINT((1037.63038475859,2071.917163336156,0.));
#5805 = IFCCARTESIANPOINT((1038.3422778548854,2070.604551555109,0.));
#5806 = IFCCARTESIANPOINT((1039.145371654888,2069.3982149742505,0.));
#5807 = IFCCARTESIANPOINT((1040.0396661585987,2068.2981535935805,0.));
#5808 = IFCCARTESIANPOINT((1041.0251613660166,2067.304367413098,0.));
#5809 = IFCCARTESIANPOINT((1042.1018572771418,2066.4168564328043,0.));
#5810 = IFCCARTESIANPOINT((1043.2697538919747,2065.635620652698,0.));
#5811 = IFCCARTESIANPOINT((1037.0096923660021,2073.33605031739,0.));
#5812 = IFCPOLYLINE((#5813,#5814));
#5813 = IFCCARTESIANPOINT((1043.2697538919747,2065.635620652698,0.));
#5814 = IFCCARTESIANPOINT((1043.2697538919747,2065.635620652698,0.));
#5815 = IFCPOLYLINE((#5816,#5817,#5818,#5819,#5820,#5821,#5822,#5823,#5824));
#5816 = IFCCARTESIANPOINT((1043.2697538919747,2065.635620652698,0.));
#5817 = IFCCARTESIANPOINT((1044.4975716303181,2064.9595294855444,0.));
#5818 = IFCCARTESIANPOINT((1045.7540309119743,2064.387452344106,0.));
#5819 = IFCCARTESIANPOINT((1047.0391317369435,2063.919389228384,0.));
#5820 = IFCCARTESIANPOINT((1048.3528741052262,2063.555340138378,0.));
#5821 = IFCCARTESIANPOINT((1049.6952580168218,2063.295305074088,0.));
#5822 = IFCCARTESIANPOINT((1051.0662834717305,2063.1392840355143,0.));
#5823 = IFCCARTESIANPOINT((1052.465950469952,2063.087277022656,0.));
#5824 = IFCCARTESIANPOINT((1043.2697538919747,2065.635620652698,0.));
#5825 = IFCPOLYLINE((#5826,#5827));
#5826 = IFCCARTESIANPOINT((1052.465950469952,2063.087277022656,0.));
#5827 = IFCCARTESIANPOINT((1052.465950469952,2063.087277022656,0.));
#5828 = IFCPOLYLINE((#5829,#5830,#5831,#5832,#5833,#5834,#5835,#5836,#5837));
#5829 = IFCCARTESIANPOINT((1052.465950469952,2063.087277022656,0.));
#5830 = IFCCARTESIANPOINT((1054.1482642771848,2063.1581271561154,0.));
#5831 = IFCCARTESIANPOINT((1055.7552056020145,2063.370677556491,0.));
#5832 = IFCCARTESIANPOINT((1057.286774444441,2063.7249282237844,0.));
#5833 = IFCCARTESIANPOINT((1058.7429708044654,2064.220879157996,0.));
#5834 = IFCCARTESIANPOINT((1060.1237946820863,2064.858530359124,0.));
#5835 = IFCCARTESIANPOINT((1061.4292460773045,2065.6378818271705,0.));
#5836 = IFCCARTESIANPOINT((1062.6593249901198,2066.5589335621335,0.));
#5837 = IFCCARTESIANPOINT((1052.465950469952,2063.087277022656,0.));
#5838 = IFCPOLYLINE((#5839,#5840));
#5839 = IFCCARTESIANPOINT((1062.6593249901198,2066.5589335621335,0.));
#5840 = IFCCARTESIANPOINT((1062.6593249901198,2066.5589335621335,0.));
#5841 = IFCPOLYLINE((#5842,#5843,#5844,#5845,#5846,#5847,#5848,#5849,#5850));
#5842 = IFCCARTESIANPOINT((1062.6593249901198,2066.5589335621335,0.));
#5843 = IFCCARTESIANPOINT((1063.7966957495798,2067.619424389543,0.));
#5844 = IFCCARTESIANPOINT((1064.8240226847308,2068.8170931349246,0.));
#5845 = IFCCARTESIANPOINT((1065.7413057955741,2070.1519397982793,0.));
#5846 = IFCCARTESIANPOINT((1066.5485450821093,2071.6239643796084,0.));
#5847 = IFCCARTESIANPOINT((1067.245740544336,2073.23316687891,0.));
#5848 = IFCCARTESIANPOINT((1067.8328921822547,2074.979547296185,0.));
#5849 = IFCCARTESIANPOINT((1068.309999995865,2076.8631056314334,0.));
#5850 = IFCCARTESIANPOINT((1062.6593249901198,2066.5589335621335,0.));
#5851 = IFCPOLYLINE((#5852,#5853,#5854,#5855,#5856,#5857,#5858,#5859,#5860));
#5852 = IFCCARTESIANPOINT((1078.355644450523,2057.87979221344,0.));
#5853 = IFCCARTESIANPOINT((1099.14865117101,2112.0228612227365,0.));
#5854 = IFCCARTESIANPOINT((1106.8675470938906,2112.0228612227365,0.));
#5855 = IFCCARTESIANPOINT((1129.0270569203421,2057.87979221344,0.));
#5856 = IFCCARTESIANPOINT((1120.8649708009325,2057.87979221344,0.));
#5857 = IFCCARTESIANPOINT((1114.5495105003938,2074.277829485014,0.));
#5858 = IFCCARTESIANPOINT((1091.9098779610358,2074.277829485014,0.));
#5859 = IFCCARTESIANPOINT((1085.9637428242713,2057.87979221344,0.));
#5860 = IFCCARTESIANPOINT((1078.355644450523,2057.87979221344,0.));
#5861 = IFCPOLYLINE((#5862,#5863,#5864,#5865));
#5862 = IFCCARTESIANPOINT((1112.3335595177487,2080.1131670726463,0.));
#5863 = IFCCARTESIANPOINT((1106.6828845120035,2095.1077687218785,0.));
#5864 = IFCCARTESIANPOINT((1106.6828845120035,2095.1077687218785,0.));
#5865 = IFCCARTESIANPOINT((1112.3335595177487,2080.1131670726463,0.));
#5866 = IFCPOLYLINE((#5867,#5868,#5869,#5870,#5871,#5872,#5873,#5874,#5875));
#5867 = IFCCARTESIANPOINT((1106.6828845120035,2095.1077687218785,0.));
#5868 = IFCCARTESIANPOINT((1105.9713682781205,2097.010170177728,0.));
#5869 = IFCCARTESIANPOINT((1105.314120231567,2098.813079956805,0.));
#5870 = IFCCARTESIANPOINT((1104.7111403723436,2100.5164980591103,0.));
#5871 = IFCCARTESIANPOINT((1104.1624287004506,2102.120424484644,0.));
#5872 = IFCCARTESIANPOINT((1103.6679852158877,2103.624859233406,0.));
#5873 = IFCCARTESIANPOINT((1103.2278099186547,2105.0298023053956,0.));
#5874 = IFCCARTESIANPOINT((1102.841902808752,2106.335253700614,0.));
#5875 = IFCCARTESIANPOINT((1106.6828845120035,2095.1077687218785,0.));
#5876 = IFCPOLYLINE((#5877,#5878));
#5877 = IFCCARTESIANPOINT((1102.841902808752,2106.335253700614,0.));
#5878 = IFCCARTESIANPOINT((1102.841902808752,2106.335253700614,0.));
#5879 = IFCPOLYLINE((#5880,#5881,#5882,#5883,#5884,#5885,#5886,#5887,#5888));
#5880 = IFCCARTESIANPOINT((1102.841902808752,2106.335253700614,0.));
#5881 = IFCCARTESIANPOINT((1102.5291070067801,2104.8489083476293,0.));
#5882 = IFCCARTESIANPOINT((1102.1816398629026,2103.36557789394,0.));
#5883 = IFCCARTESIANPOINT((1101.79950137712,2101.885262339547,0.));
#5884 = IFCCARTESIANPOINT((1101.382691549432,2100.40796168445,0.));
#5885 = IFCCARTESIANPOINT((1100.9312103798386,2098.9336759286493,0.));
#5886 = IFCCARTESIANPOINT((1100.44505786834,2097.462405072145,0.));
#5887 = IFCCARTESIANPOINT((1099.9242340149358,2095.9941491149366,0.));
#5888 = IFCCARTESIANPOINT((1102.841902808752,2106.335253700614,0.));
#5889 = IFCPOLYLINE((#5890,#5891,#5892));
#5890 = IFCCARTESIANPOINT((1099.9242340149358,2095.9941491149366,0.));
#5891 = IFCCARTESIANPOINT((1093.9780988781713,2080.1131670726463,0.));
#5892 = IFCCARTESIANPOINT((1099.9242340149358,2095.9941491149366,0.));
#5893 = IFCPOLYLINE((#5894,#5895,#5896,#5897,#5898));
#5894 = IFCCARTESIANPOINT((1134.7515969588421,2057.87979221344,0.));
#5895 = IFCCARTESIANPOINT((1134.7515969588421,2112.0228612227365,0.));
#5896 = IFCCARTESIANPOINT((1153.4025177294388,2112.0228612227365,0.));
#5897 = IFCCARTESIANPOINT((1153.4025177294388,2112.0228612227365,0.));
#5898 = IFCCARTESIANPOINT((1134.7515969588421,2057.87979221344,0.));
#5899 = IFCPOLYLINE((#5900,#5901,#5902,#5903,#5904,#5905,#5906,#5907,#5908));
#5900 = IFCCARTESIANPOINT((1153.4025177294388,2112.0228612227365,0.));
#5901 = IFCCARTESIANPOINT((1155.1458832474182,2112.0070330014323,0.));
#5902 = IFCCARTESIANPOINT((1156.767145343904,2111.9595483375183,0.));
#5903 = IFCCARTESIANPOINT((1158.2663040188977,2111.8804072309945,0.));
#5904 = IFCCARTESIANPOINT((1159.6433592723988,2111.769609681863,0.));
#5905 = IFCCARTESIANPOINT((1160.898311104407,2111.6271556901215,0.));
#5906 = IFCCARTESIANPOINT((1162.0311595149224,2111.453045255771,0.));
#5907 = IFCCARTESIANPOINT((1163.0419045039453,2111.2472783788107,0.));
#5908 = IFCCARTESIANPOINT((1153.4025177294388,2112.0228612227365,0.));
#5909 = IFCPOLYLINE((#5910,#5911));
#5910 = IFCCARTESIANPOINT((1163.0419045039453,2111.2472783788107,0.));
#5911 = IFCCARTESIANPOINT((1163.0419045039453,2111.2472783788107,0.));
#5912 = IFCPOLYLINE((#5913,#5914,#5915,#5916,#5917,#5918,#5919,#5920,#5921));
#5913 = IFCCARTESIANPOINT((1163.0419045039453,2111.2472783788107,0.));
#5914 = IFCCARTESIANPOINT((1164.3435872750435,2110.905841033526,0.));
#5915 = IFCCARTESIANPOINT((1165.5894944091633,2110.493553554782,0.));
#5916 = IFCCARTESIANPOINT((1166.7796259063048,2110.010415942579,0.));
#5917 = IFCCARTESIANPOINT((1167.9139817664684,2109.4564281969183,0.));
#5918 = IFCCARTESIANPOINT((1168.992561989654,2108.831590317798,0.));
#5919 = IFCCARTESIANPOINT((1170.0153665758612,2108.135902305219,0.));
#5920 = IFCCARTESIANPOINT((1170.9823955250904,2107.3693641591817,0.));
#5921 = IFCCARTESIANPOINT((1163.0419045039453,2111.2472783788107,0.));
#5922 = IFCPOLYLINE((#5923,#5924));
#5923 = IFCCARTESIANPOINT((1170.9823955250904,2107.3693641591817,0.));
#5924 = IFCCARTESIANPOINT((1170.9823955250904,2107.3693641591817,0.));
#5925 = IFCPOLYLINE((#5926,#5927,#5928,#5929,#5930,#5931,#5932,#5933,#5934));
#5926 = IFCCARTESIANPOINT((1170.9823955250904,2107.3693641591817,0.));
#5927 = IFCCARTESIANPOINT((1172.162351737108,2106.2941756977048,0.));
#5928 = IFCCARTESIANPOINT((1173.2541221447136,2105.136831230408,0.));
#5929 = IFCCARTESIANPOINT((1174.257706747908,2103.8973307572924,0.));
#5930 = IFCCARTESIANPOINT((1175.1731055466914,2102.575674278358,0.));
#5931 = IFCCARTESIANPOINT((1176.0003185410633,2101.171861793604,0.));
#5932 = IFCCARTESIANPOINT((1176.7393457310236,2099.6858933030308,0.));
#5933 = IFCCARTESIANPOINT((1177.3901871165726,2098.117768806638,0.));
#5934 = IFCCARTESIANPOINT((1170.9823955250904,2107.3693641591817,0.));
#5935 = IFCPOLYLINE((#5936,#5937));
#5936 = IFCCARTESIANPOINT((1177.3901871165726,2098.117768806638,0.));
#5937 = IFCCARTESIANPOINT((1177.3901871165726,2098.117768806638,0.));
#5938 = IFCPOLYLINE((#5939,#5940,#5941,#5942,#5943,#5944,#5945,#5946,#5947));
#5939 = IFCCARTESIANPOINT((1177.3901871165726,2098.117768806638,0.));
#5940 = IFCCARTESIANPOINT((1177.9535964225347,2096.4757792774917,0.));
#5941 = IFCCARTESIANPOINT((1178.4303273737326,2094.7682156886535,0.));
#5942 = IFCCARTESIANPOINT((1178.8203799701676,2092.9950780401255,0.));
#5943 = IFCCARTESIANPOINT((1179.1237542118395,2091.156366331907,0.));
#5944 = IFCCARTESIANPOINT((1179.3404500987476,2089.2520805639974,0.));
#5945 = IFCCARTESIANPOINT((1179.4704676308925,2087.282220736398,0.));
#5946 = IFCCARTESIANPOINT((1179.5138068082742,2085.2467868491076,0.));
#5947 = IFCCARTESIANPOINT((1177.3901871165726,2098.117768806638,0.));
#5948 = IFCPOLYLINE((#5949,#5950));
#5949 = IFCCARTESIANPOINT((1179.5138068082742,2085.2467868491076,0.));
#5950 = IFCCARTESIANPOINT((1179.5138068082742,2085.2467868491076,0.));
#5951 = IFCPOLYLINE((#5952,#5953,#5954,#5955,#5956,#5957,#5958,#5959,#5960));
#5952 = IFCCARTESIANPOINT((1179.5138068082742,2085.2467868491076,0.));
#5953 = IFCCARTESIANPOINT((1179.4844115401372,2083.5132197538414,0.));
#5954 = IFCCARTESIANPOINT((1179.3962257357257,2081.8369357452007,0.));
#5955 = IFCCARTESIANPOINT((1179.24924939504,2080.217934823186,0.));
#5956 = IFCCARTESIANPOINT((1179.0434825180803,2078.656216987799,0.));
#5957 = IFCCARTESIANPOINT((1178.7789251048462,2077.1517822390365,0.));
#5958 = IFCCARTESIANPOINT((1178.4555771553378,2075.704630576901,0.));
#5959 = IFCCARTESIANPOINT((1178.073438669555,2074.3147620013915,0.));
#5960 = IFCCARTESIANPOINT((1179.5138068082742,2085.2467868491076,0.));
#5961 = IFCPOLYLINE((#5962,#5963));
#5962 = IFCCARTESIANPOINT((1178.073438669555,2074.3147620013915,0.));
#5963 = IFCCARTESIANPOINT((1178.073438669555,2074.3147620013915,0.));
#5964 = IFCPOLYLINE((#5965,#5966,#5967,#5968,#5969,#5970,#5971,#5972,#5973));
#5965 = IFCCARTESIANPOINT((1178.073438669555,2074.3147620013915,0.));
#5966 = IFCCARTESIANPOINT((1177.6453229695069,2072.987075723865,0.));
#5967 = IFCCARTESIANPOINT((1177.1840433772009,2071.726470955676,0.));
#5968 = IFCCARTESIANPOINT((1176.6895998926375,2070.532947696826,0.));
#5969 = IFCCARTESIANPOINT((1176.1619925158175,2069.406505947315,0.));
#5970 = IFCCARTESIANPOINT((1175.60122124674,2068.3471457071423,0.));
#5971 = IFCCARTESIANPOINT((1175.0072860854052,2067.354866976308,0.));
#5972 = IFCCARTESIANPOINT((1174.380187031813,2066.4296697548125,0.));
#5973 = IFCCARTESIANPOINT((1178.073438669555,2074.3147620013915,0.));
#5974 = IFCPOLYLINE((#5975,#5976));
#5975 = IFCCARTESIANPOINT((1174.380187031813,2066.4296697548125,0.));
#5976 = IFCCARTESIANPOINT((1174.380187031813,2066.4296697548125,0.));
#5977 = IFCPOLYLINE((#5978,#5979,#5980,#5981,#5982,#5983,#5984,#5985,#5986));
#5978 = IFCCARTESIANPOINT((1174.380187031813,2066.4296697548125,0.));
#5979 = IFCCARTESIANPOINT((1173.7278381966162,2065.5651473816515,0.));
#5980 = IFCCARTESIANPOINT((1173.058153690466,2064.7548931958204,0.));
#5981 = IFCCARTESIANPOINT((1172.3711335133637,2063.9989071973187,0.));
#5982 = IFCCARTESIANPOINT((1171.6667776653087,2063.297189386148,0.));
#5983 = IFCCARTESIANPOINT((1170.945086146301,2062.649739762307,0.));
#5984 = IFCCARTESIANPOINT((1170.2060589563407,2062.0565583257967,0.));
#5985 = IFCCARTESIANPOINT((1169.4496960954275,2061.5176450766157,0.));
#5986 = IFCCARTESIANPOINT((1174.380187031813,2066.4296697548125,0.));
#5987 = IFCPOLYLINE((#5988,#5989));
#5988 = IFCCARTESIANPOINT((1169.4496960954275,2061.5176450766157,0.));
#5989 = IFCCARTESIANPOINT((1169.4496960954275,2061.5176450766157,0.));
#5990 = IFCPOLYLINE((#5991,#5992,#5993,#5994,#5995,#5996,#5997,#5998,#5999));
#5991 = IFCCARTESIANPOINT((1169.4496960954275,2061.5176450766157,0.));
#5992 = IFCCARTESIANPOINT((1168.6620536543173,2061.023578454465,0.));
#5993 = IFCCARTESIANPOINT((1167.8291877237652,2060.564936899043,0.));
#5994 = IFCCARTESIANPOINT((1166.9510983037715,2060.1417204103504,0.));
#5995 = IFCCARTESIANPOINT((1166.0277853943362,2059.753928988388,0.));
#5996 = IFCCARTESIANPOINT((1165.0592489954588,2059.4015626331543,0.));
#5997 = IFCCARTESIANPOINT((1164.04548910714,2059.0846213446503,0.));
#5998 = IFCCARTESIANPOINT((1162.9865057293791,2058.8031051228754,0.));
#5999 = IFCCARTESIANPOINT((1169.4496960954275,2061.5176450766157,0.));
#6000 = IFCPOLYLINE((#6001,#6002));
#6001 = IFCCARTESIANPOINT((1162.9865057293791,2058.8031051228754,0.));
#6002 = IFCCARTESIANPOINT((1162.9865057293791,2058.8031051228754,0.));
#6003 = IFCPOLYLINE((#6004,#6005,#6006,#6007,#6008,#6009,#6010,#6011,#6012));
#6004 = IFCCARTESIANPOINT((1162.9865057293791,2058.8031051228754,0.));
#6005 = IFCCARTESIANPOINT((1161.881921999765,2058.5581445550665,0.));
#6006 = IFCCARTESIANPOINT((1160.7313610558847,2058.350870228458,0.));
#6007 = IFCCARTESIANPOINT((1159.5348228977384,2058.1812821430512,0.));
#6008 = IFCCARTESIANPOINT((1158.2923075253268,2058.0493802988467,0.));
#6009 = IFCCARTESIANPOINT((1157.0038149386492,2057.955164695843,0.));
#6010 = IFCCARTESIANPOINT((1155.669345137706,2057.8986353340406,0.));
#6011 = IFCCARTESIANPOINT((1154.288898122497,2057.87979221344,0.));
#6012 = IFCCARTESIANPOINT((1162.9865057293791,2058.8031051228754,0.));
#6013 = IFCPOLYLINE((#6014,#6015,#6016));
#6014 = IFCCARTESIANPOINT((1154.288898122497,2057.87979221344,0.));
#6015 = IFCCARTESIANPOINT((1134.7515969588421,2057.87979221344,0.));
#6016 = IFCCARTESIANPOINT((1154.288898122497,2057.87979221344,0.));
#6017 = IFCPOLYLINE((#6018,#6019));
#6018 = IFCCARTESIANPOINT((1153.4763827621937,2064.2691175467335,0.));
#6019 = IFCCARTESIANPOINT((1153.4763827621937,2064.2691175467335,0.));
#6020 = IFCPOLYLINE((#6021,#6022,#6023,#6024,#6025,#6026,#6027,#6028,#6029));
#6021 = IFCCARTESIANPOINT((1153.4763827621937,2064.2691175467335,0.));
#6022 = IFCCARTESIANPOINT((1154.959336353471,2064.289468116983,0.));
#6023 = IFCCARTESIANPOINT((1156.3480743417442,2064.3505198277285,0.));
#6024 = IFCCARTESIANPOINT((1157.6425967270136,2064.4522726789723,0.));
#6025 = IFCCARTESIANPOINT((1158.84290350928,2064.594726670714,0.));
#6026 = IFCCARTESIANPOINT((1159.9489946885424,2064.7778818029533,0.));
#6027 = IFCCARTESIANPOINT((1160.9608702648013,2065.0017380756894,0.));
#6028 = IFCCARTESIANPOINT((1161.8785302380566,2065.266295488924,0.));
#6029 = IFCCARTESIANPOINT((1153.4763827621937,2064.2691175467335,0.));
#6030 = IFCPOLYLINE((#6031,#6032));
#6031 = IFCCARTESIANPOINT((1161.8785302380566,2065.266295488924,0.));
#6032 = IFCCARTESIANPOINT((1161.8785302380566,2065.266295488924,0.));
#6033 = IFCPOLYLINE((#6034,#6035,#6036,#6037,#6038,#6039,#6040,#6041,#6042));
#6034 = IFCCARTESIANPOINT((1161.8785302380566,2065.266295488924,0.));
#6035 = IFCCARTESIANPOINT((1162.7238326282054,2065.5677854185355,0.));
#6036 = IFCCARTESIANPOINT((1163.5186354551438,2065.9024392404044,0.));
#6037 = IFCCARTESIANPOINT((1164.2629387188722,2066.27025695453,0.));
#6038 = IFCCARTESIANPOINT((1164.956742419391,2066.671238560914,0.));
#6039 = IFCCARTESIANPOINT((1165.6000465566995,2067.105384059554,0.));
#6040 = IFCCARTESIANPOINT((1166.1928511307983,2067.5726934504523,0.));
#6041 = IFCCARTESIANPOINT((1166.7351561416872,2068.0731667336076,0.));
#6042 = IFCCARTESIANPOINT((1161.8785302380566,2065.266295488924,0.));
#6043 = IFCPOLYLINE((#6044,#6045));
#6044 = IFCCARTESIANPOINT((1166.7351561416872,2068.0731667336076,0.));
#6045 = IFCCARTESIANPOINT((1166.7351561416872,2068.0731667336076,0.));
#6046 = IFCPOLYLINE((#6047,#6048,#6049,#6050,#6051,#6052,#6053,#6054,#6055));
#6047 = IFCCARTESIANPOINT((1166.7351561416872,2068.0731667336076,0.));
#6048 = IFCCARTESIANPOINT((1167.4402657145667,2068.8370668427615,0.));
#6049 = IFCCARTESIANPOINT((1168.0993980731796,2069.672570810197,0.));
#6050 = IFCCARTESIANPOINT((1168.712553217527,2070.579678635916,0.));
#6051 = IFCCARTESIANPOINT((1169.279731147609,2071.5583903199176,0.));
#6052 = IFCCARTESIANPOINT((1169.8009318634251,2072.608705862202,0.));
#6053 = IFCCARTESIANPOINT((1170.2761553649752,2073.730625262769,0.));
#6054 = IFCCARTESIANPOINT((1170.7054016522598,2074.924148521619,0.));
#6055 = IFCCARTESIANPOINT((1166.7351561416872,2068.0731667336076,0.));
#6056 = IFCPOLYLINE((#6057,#6058));
#6057 = IFCCARTESIANPOINT((1170.7054016522598,2074.924148521619,0.));
#6058 = IFCCARTESIANPOINT((1170.7054016522598,2074.924148521619,0.));
#6059 = IFCPOLYLINE((#6060,#6061,#6062,#6063,#6064,#6065,#6066,#6067,#6068));
#6060 = IFCCARTESIANPOINT((1170.7054016522598,2074.924148521619,0.));
#6061 = IFCCARTESIANPOINT((1171.0826409266865,2076.1907830884,0.));
#6062 = IFCCARTESIANPOINT((1171.4018433896624,2077.532036412759,0.));
#6063 = IFCCARTESIANPOINT((1171.6630090411886,2078.947908494697,0.));
#6064 = IFCCARTESIANPOINT((1171.8661378812644,2080.438399334215,0.));
#6065 = IFCCARTESIANPOINT((1172.01122990989,2082.003508931311,0.));
#6066 = IFCCARTESIANPOINT((1172.0982851270653,2083.6432372859863,0.));
#6067 = IFCCARTESIANPOINT((1172.1273035327904,2085.35758439824,0.));
#6068 = IFCCARTESIANPOINT((1170.7054016522598,2074.924148521619,0.));
#6069 = IFCPOLYLINE((#6070,#6071));
#6070 = IFCCARTESIANPOINT((1172.1273035327904,2085.35758439824,0.));
#6071 = IFCCARTESIANPOINT((1172.1273035327904,2085.35758439824,0.));
#6072 = IFCPOLYLINE((#6073,#6074,#6075,#6076,#6077,#6078,#6079,#6080,#6081));
#6073 = IFCCARTESIANPOINT((1172.1273035327904,2085.35758439824,0.));
#6074 = IFCCARTESIANPOINT((1172.0703973085763,2087.704306637854,0.));
#6075 = IFCCARTESIANPOINT((1171.8996786359337,2089.89048548995,0.));
#6076 = IFCCARTESIANPOINT((1171.6151475148627,2091.9161209545277,0.));
#6077 = IFCCARTESIANPOINT((1171.2168039453636,2093.781213031588,0.));
#6078 = IFCCARTESIANPOINT((1170.7046479274359,2095.485761721129,0.));
#6079 = IFCCARTESIANPOINT((1170.0786794610797,2097.029767023152,0.));
#6080 = IFCCARTESIANPOINT((1169.3388985462952,2098.4132289376575,0.));
#6081 = IFCCARTESIANPOINT((1172.1273035327904,2085.35758439824,0.));
#6082 = IFCPOLYLINE((#6083,#6084));
#6083 = IFCCARTESIANPOINT((1169.3388985462952,2098.4132289376575,0.));
#6084 = IFCCARTESIANPOINT((1169.3388985462952,2098.4132289376575,0.));
#6085 = IFCPOLYLINE((#6086,#6087,#6088,#6089,#6090,#6091,#6092,#6093,#6094));
#6086 = IFCCARTESIANPOINT((1169.3388985462952,2098.4132289376575,0.));
#6087 = IFCCARTESIANPOINT((1168.517715350516,2099.6549905852457,0.));
#6088 = IFCCARTESIANPOINT((1167.6475400411744,2100.7738950865164,0.));
#6089 = IFCCARTESIANPOINT((1166.7283726182707,2101.7699424414704,0.));
#6090 = IFCCARTESIANPOINT((1165.7602130818057,2102.6431326501083,0.));
#6091 = IFCCARTESIANPOINT((1164.7430614317786,2103.393465712429,0.));
#6092 = IFCCARTESIANPOINT((1163.6769176681896,2104.0209416284333,0.));
#6093 = IFCCARTESIANPOINT((1162.5617817910388,2104.5255603981204,0.));
#6094 = IFCCARTESIANPOINT((1169.3388985462952,2098.4132289376575,0.));
#6095 = IFCPOLYLINE((#6096,#6097));
#6096 = IFCCARTESIANPOINT((1162.5617817910388,2104.5255603981204,0.));
#6097 = IFCCARTESIANPOINT((1162.5617817910388,2104.5255603981204,0.));
#6098 = IFCPOLYLINE((#6099,#6100,#6101,#6102,#6103,#6104,#6105,#6106,#6107));
#6099 = IFCCARTESIANPOINT((1162.5617817910388,2104.5255603981204,0.));
#6100 = IFCCARTESIANPOINT((1161.6671104249167,2104.819513079492,0.));
#6101 = IFCCARTESIANPOINT((1160.6292313422286,2105.0682422714212,0.));
#6102 = IFCCARTESIANPOINT((1159.4481445429751,2105.271747973909,0.));
#6103 = IFCCARTESIANPOINT((1158.1238500271563,2105.4300301869553,0.));
#6104 = IFCCARTESIANPOINT((1156.6563477947718,2105.5430889105596,0.));
#6105 = IFCCARTESIANPOINT((1155.045637845822,2105.6109241447225,0.));
#6106 = IFCCARTESIANPOINT((1153.2917201803066,2105.633535889443,0.));
#6107 = IFCCARTESIANPOINT((1162.5617817910388,2104.5255603981204,0.));
#6108 = IFCPOLYLINE((#6109,#6110,#6111,#6112));
#6109 = IFCCARTESIANPOINT((1153.2917201803066,2105.633535889443,0.));
#6110 = IFCCARTESIANPOINT((1141.9165051360615,2105.633535889443,0.));
#6111 = IFCCARTESIANPOINT((1141.9165051360615,2064.2691175467335,0.));
#6112 = IFCCARTESIANPOINT((1153.2917201803066,2105.633535889443,0.));
#6113 = IFCPOLYLINE((#6114,#6115,#6116,#6117,#6118));
#6114 = IFCCARTESIANPOINT((1190.408899139613,2057.87979221344,0.));
#6115 = IFCCARTESIANPOINT((1190.408899139613,2065.450958070811,0.));
#6116 = IFCCARTESIANPOINT((1197.9800649969839,2065.450958070811,0.));
#6117 = IFCCARTESIANPOINT((1197.9800649969839,2057.87979221344,0.));
#6118 = IFCCARTESIANPOINT((1190.408899139613,2057.87979221344,0.));
#6119 = IFCPOLYLINE((#6120,#6121,#6122,#6123));
#6120 = IFCCARTESIANPOINT((170.591322472319,1992.3614881997928,0.));
#6121 = IFCCARTESIANPOINT((177.75623064953834,1990.5517948972993,0.));
#6122 = IFCCARTESIANPOINT((177.75623064953834,1990.5517948972993,0.));
#6123 = IFCCARTESIANPOINT((170.591322472319,1992.3614881997928,0.));
#6124 = IFCPOLYLINE((#6125,#6126,#6127,#6128,#6129,#6130,#6131,#6132,#6133));
#6125 = IFCCARTESIANPOINT((177.75623064953834,1990.5517948972993,0.));
#6126 = IFCCARTESIANPOINT((177.0390614794748,1988.115379403626,0.));
#6127 = IFCCARTESIANPOINT((176.1749159687256,1985.8500594450068,0.));
#6128 = IFCCARTESIANPOINT((175.1637941172907,1983.7558350214417,0.));
#6129 = IFCCARTESIANPOINT((174.00569592517024,1981.8327061329323,0.));
#6130 = IFCCARTESIANPOINT((172.70062139236404,1980.080672779477,0.));
#6131 = IFCCARTESIANPOINT((171.24857051887227,1978.4997349610762,0.));
#6132 = IFCCARTESIANPOINT((169.64954330469482,1977.08989267773,0.));
#6133 = IFCCARTESIANPOINT((177.75623064953834,1990.5517948972993,0.));
#6134 = IFCPOLYLINE((#6135,#6136));
#6135 = IFCCARTESIANPOINT((169.64954330469482,1977.08989267773,0.));
#6136 = IFCCARTESIANPOINT((169.64954330469482,1977.08989267773,0.));
#6137 = IFCPOLYLINE((#6138,#6139,#6140,#6141,#6142,#6143,#6144,#6145,#6146));
#6138 = IFCCARTESIANPOINT((169.64954330469482,1977.08989267773,0.));
#6139 = IFCCARTESIANPOINT((167.92389032008055,1975.8601906273273,0.));
#6140 = IFCCARTESIANPOINT((166.09196213527812,1974.8196735077547,0.));
#6141 = IFCCARTESIANPOINT((164.1537587502876,1973.9683413190137,0.));
#6142 = IFCCARTESIANPOINT((162.10928016510906,1973.3061940611049,0.));
#6143 = IFCCARTESIANPOINT((159.9585263797424,1972.8332317340264,0.));
#6144 = IFCCARTESIANPOINT((157.7014973941877,1972.5494543377795,0.));
#6145 = IFCCARTESIANPOINT((155.33819320844486,1972.4548618723638,0.));
#6146 = IFCCARTESIANPOINT((169.64954330469482,1977.08989267773,0.));
#6147 = IFCPOLYLINE((#6148,#6149));
#6148 = IFCCARTESIANPOINT((155.33819320844486,1972.4548618723638,0.));
#6149 = IFCCARTESIANPOINT((155.33819320844486,1972.4548618723638,0.));
#6150 = IFCPOLYLINE((#6151,#6152,#6153,#6154,#6155,#6156,#6157,#6158,#6159));
#6151 = IFCCARTESIANPOINT((155.33819320844486,1972.4548618723638,0.));
#6152 = IFCCARTESIANPOINT((152.90403888924334,1972.527596317883,0.));
#6153 = IFCCARTESIANPOINT((150.60329386389492,1972.745799654439,0.));
#6154 = IFCCARTESIANPOINT((148.4359581323996,1973.1094718820327,0.));
#6155 = IFCCARTESIANPOINT((146.40203169475748,1973.6186130006647,0.));
#6156 = IFCCARTESIANPOINT((144.50151455096844,1974.2732230103338,0.));
#6157 = IFCCARTESIANPOINT((142.73440670103253,1975.0733019110405,0.));
#6158 = IFCCARTESIANPOINT((141.10070814494975,1976.0188497027848,0.));
#6159 = IFCCARTESIANPOINT((155.33819320844486,1972.4548618723638,0.));
#6160 = IFCPOLYLINE((#6161,#6162));
#6161 = IFCCARTESIANPOINT((141.10070814494975,1976.0188497027848,0.));
#6162 = IFCCARTESIANPOINT((141.10070814494975,1976.0188497027848,0.));
#6163 = IFCPOLYLINE((#6164,#6165,#6166,#6167,#6168,#6169,#6170,#6171,#6172));
#6164 = IFCCARTESIANPOINT((141.10070814494975,1976.0188497027848,0.));
#6165 = IFCCARTESIANPOINT((139.58722869829964,1977.102329137327,0.));
#6166 = IFCCARTESIANPOINT((138.18077817666156,1978.3162029664252,0.));
#6167 = IFCCARTESIANPOINT((136.8813565800356,1979.6604711900804,0.));
#6168 = IFCCARTESIANPOINT((135.68896390842178,1981.1351338082934,0.));
#6169 = IFCCARTESIANPOINT((134.60360016182008,1982.7401908210632,0.));
#6170 = IFCCARTESIANPOINT((133.6252653402305,1984.47564222839,0.));
#6171 = IFCCARTESIANPOINT((132.753959443653,1986.3414880302735,0.));
#6172 = IFCCARTESIANPOINT((141.10070814494975,1976.0188497027848,0.));
#6173 = IFCPOLYLINE((#6174,#6175));
#6174 = IFCCARTESIANPOINT((132.753959443653,1986.3414880302735,0.));
#6175 = IFCCARTESIANPOINT((132.753959443653,1986.3414880302735,0.));
#6176 = IFCPOLYLINE((#6177,#6178,#6179,#6180,#6181,#6182,#6183,#6184,#6185));
#6177 = IFCCARTESIANPOINT((132.753959443653,1986.3414880302735,0.));
#6178 = IFCCARTESIANPOINT((131.99458168344384,1988.292881599685,0.));
#6179 = IFCCARTESIANPOINT((131.35203127095912,1990.2849763095933,0.));
#6180 = IFCCARTESIANPOINT((130.82630820619892,1992.3177721599989,0.));
#6181 = IFCCARTESIANPOINT((130.4174124891632,1994.3912691509029,0.));
#6182 = IFCCARTESIANPOINT((130.125344119852,1996.505467282304,0.));
#6183 = IFCCARTESIANPOINT((129.95010309826526,1998.660366554203,0.));
#6184 = IFCCARTESIANPOINT((129.891689424403,2000.8559669665992,0.));
#6185 = IFCCARTESIANPOINT((132.753959443653,1986.3414880302735,0.));
#6186 = IFCPOLYLINE((#6187,#6188));
#6187 = IFCCARTESIANPOINT((129.891689424403,2000.8559669665992,0.));
#6188 = IFCCARTESIANPOINT((129.891689424403,2000.8559669665992,0.));
#6189 = IFCPOLYLINE((#6190,#6191,#6192,#6193,#6194,#6195,#6196,#6197,#6198));
#6190 = IFCCARTESIANPOINT((129.891689424403,2000.8559669665992,0.));
#6191 = IFCCARTESIANPOINT((129.95764034650557,2003.228315850231,0.));
#6192 = IFCCARTESIANPOINT((130.15549311281316,2005.5124789294503,0.));
#6193 = IFCCARTESIANPOINT((130.4852477233258,2007.7084562042585,0.));
#6194 = IFCCARTESIANPOINT((130.94690417804355,2009.8162476746556,0.));
#6195 = IFCCARTESIANPOINT((131.54046247696635,2011.8358533406413,0.));
#6196 = IFCCARTESIANPOINT((132.26592262009427,2013.7672732022156,0.));
#6197 = IFCCARTESIANPOINT((133.1232846074272,2015.6105072593782,0.));
#6198 = IFCCARTESIANPOINT((129.891689424403,2000.8559669665992,0.));
#6199 = IFCPOLYLINE((#6200,#6201));
#6200 = IFCCARTESIANPOINT((133.1232846074272,2015.6105072593782,0.));
#6201 = IFCCARTESIANPOINT((133.1232846074272,2015.6105072593782,0.));
#6202 = IFCPOLYLINE((#6203,#6204,#6205,#6206,#6207,#6208,#6209,#6210,#6211));
#6203 = IFCCARTESIANPOINT((133.1232846074272,2015.6105072593782,0.));
#6204 = IFCCARTESIANPOINT((134.10237315384086,2017.3478429787656,0.));
#6205 = IFCCARTESIANPOINT((135.19301297421072,2018.961567827011,0.));
#6206 = IFCCARTESIANPOINT((136.3952040685369,2020.451681804116,0.));
#6207 = IFCCARTESIANPOINT((137.70894643681942,2021.818184910081,0.));
#6208 = IFCCARTESIANPOINT((139.1342400790582,2023.0610771449046,0.));
#6209 = IFCCARTESIANPOINT((140.67108499525324,2024.1803585085877,0.));
#6210 = IFCCARTESIANPOINT((142.31948118540458,2025.1760290011298,0.));
#6211 = IFCCARTESIANPOINT((133.1232846074272,2015.6105072593782,0.));
#6212 = IFCPOLYLINE((#6213,#6214));
#6213 = IFCCARTESIANPOINT((142.31948118540458,2025.1760290011298,0.));
#6214 = IFCCARTESIANPOINT((142.31948118540458,2025.1760290011298,0.));
#6215 = IFCPOLYLINE((#6216,#6217,#6218,#6219,#6220,#6221,#6222,#6223,#6224));
#6216 = IFCCARTESIANPOINT((142.31948118540458,2025.1760290011298,0.));
#6217 = IFCCARTESIANPOINT((144.04814906931506,2026.0431894111753,0.));
#6218 = IFCCARTESIANPOINT((145.82580906678734,2026.7769405273673,0.));
#6219 = IFCCARTESIANPOINT((147.65246117782152,2027.377282349706,0.));
#6220 = IFCCARTESIANPOINT((149.52810540241762,2027.8442148781924,0.));
#6221 = IFCCARTESIANPOINT((151.45274174057556,2028.177738112825,0.));
#6222 = IFCCARTESIANPOINT((153.4263701922954,2028.3778520536048,0.));
#6223 = IFCCARTESIANPOINT((155.44899075757712,2028.4445567005314,0.));
#6224 = IFCCARTESIANPOINT((142.31948118540458,2025.1760290011298,0.));
#6225 = IFCPOLYLINE((#6226,#6227));
#6226 = IFCCARTESIANPOINT((155.44899075757712,2028.4445567005314,0.));
#6227 = IFCCARTESIANPOINT((155.44899075757712,2028.4445567005314,0.));
#6228 = IFCPOLYLINE((#6229,#6230,#6231,#6232,#6233,#6234,#6235,#6236,#6237));
#6229 = IFCCARTESIANPOINT((155.44899075757712,2028.4445567005314,0.));
#6230 = IFCCARTESIANPOINT((157.71770247790434,2028.3601395202406,0.));
#6231 = IFCCARTESIANPOINT((159.88089272286743,2028.1068879793663,0.));
#6232 = IFCCARTESIANPOINT((161.93856149246645,2027.68480207791,0.));
#6233 = IFCCARTESIANPOINT((163.8907087867015,2027.0938818158718,0.));
#6234 = IFCCARTESIANPOINT((165.73733460557247,2026.3341271932504,0.));
#6235 = IFCCARTESIANPOINT((167.4784389490794,2025.4055382100466,0.));
#6236 = IFCCARTESIANPOINT((169.11402181722224,2024.3081148662604,0.));
#6237 = IFCCARTESIANPOINT((155.44899075757712,2028.4445567005314,0.));
#6238 = IFCPOLYLINE((#6239,#6240));
#6239 = IFCCARTESIANPOINT((169.11402181722224,2024.3081148662604,0.));
#6240 = IFCCARTESIANPOINT((169.11402181722224,2024.3081148662604,0.));
#6241 = IFCPOLYLINE((#6242,#6243,#6244,#6245,#6246,#6247,#6248,#6249,#6250));
#6242 = IFCCARTESIANPOINT((169.11402181722224,2024.3081148662604,0.));
#6243 = IFCCARTESIANPOINT((170.62825498869648,2023.0576853831972,0.));
#6244 = IFCCARTESIANPOINT((172.00531024219734,2021.670077982159,0.));
#6245 = IFCCARTESIANPOINT((173.24518757772498,2020.1452926631482,0.));
#6246 = IFCCARTESIANPOINT((174.3478869952794,2018.4833294261648,0.));
#6247 = IFCCARTESIANPOINT((175.31340849486045,2016.6841882712074,0.));
#6248 = IFCCARTESIANPOINT((176.14175207646832,2014.7478691982774,0.));
#6249 = IFCCARTESIANPOINT((176.83291774010286,2012.6743722073734,0.));
#6250 = IFCCARTESIANPOINT((169.11402181722224,2024.3081148662604,0.));
#6251 = IFCPOLYLINE((#6252,#6253,#6254,#6255));
#6252 = IFCCARTESIANPOINT((176.83291774010286,2012.6743722073734,0.));
#6253 = IFCCARTESIANPOINT((169.77880711201578,2011.0124089703895,0.));
#6254 = IFCCARTESIANPOINT((169.77880711201578,2011.0124089703895,0.));
#6255 = IFCCARTESIANPOINT((176.83291774010286,2012.6743722073734,0.));
#6256 = IFCPOLYLINE((#6257,#6258,#6259,#6260,#6261,#6262,#6263,#6264,#6265));
#6257 = IFCCARTESIANPOINT((169.77880711201578,2011.0124089703895,0.));
#6258 = IFCCARTESIANPOINT((169.2059762457538,2012.6351785165245,0.));
#6259 = IFCCARTESIANPOINT((168.56380269568112,2014.1267999432773,0.));
#6260 = IFCCARTESIANPOINT((167.85228646179772,2015.4872732506492,0.));
#6261 = IFCCARTESIANPOINT((167.07142754410378,2016.7165984386409,0.));
#6262 = IFCCARTESIANPOINT((166.2212259425991,2017.814775507251,0.));
#6263 = IFCCARTESIANPOINT((165.30168165728375,2018.7818044564801,0.));
#6264 = IFCCARTESIANPOINT((164.31279468815774,2019.6176852863282,0.));
#6265 = IFCCARTESIANPOINT((169.77880711201578,2011.0124089703895,0.));
#6266 = IFCPOLYLINE((#6267,#6268));
#6267 = IFCCARTESIANPOINT((164.31279468815774,2019.6176852863282,0.));
#6268 = IFCCARTESIANPOINT((164.31279468815774,2019.6176852863282,0.));
#6269 = IFCPOLYLINE((#6270,#6271,#6272,#6273,#6274,#6275,#6276,#6277,#6278));
#6270 = IFCCARTESIANPOINT((164.31279468815774,2019.6176852863282,0.));
#6271 = IFCCARTESIANPOINT((163.25155013592502,2020.332970144332,0.));
#6272 = IFCCARTESIANPOINT((162.1149331012893,2020.938211178027,0.));
#6273 = IFCCARTESIANPOINT((160.90294358425066,2021.4334083874137,0.));
#6274 = IFCCARTESIANPOINT((159.61558158480923,2021.8185617724928,0.));
#6275 = IFCCARTESIANPOINT((158.25284710296486,2022.0936713332635,0.));
#6276 = IFCCARTESIANPOINT((156.8147401387176,2022.2587370697256,0.));
#6277 = IFCCARTESIANPOINT((155.30126069206744,2022.3137589818798,0.));
#6278 = IFCCARTESIANPOINT((164.31279468815774,2019.6176852863282,0.));
#6279 = IFCPOLYLINE((#6280,#6281));
#6280 = IFCCARTESIANPOINT((155.30126069206744,2022.3137589818798,0.));
#6281 = IFCCARTESIANPOINT((155.30126069206744,2022.3137589818798,0.));
#6282 = IFCPOLYLINE((#6283,#6284,#6285,#6286,#6287,#6288,#6289,#6290,#6291));
#6283 = IFCCARTESIANPOINT((155.30126069206744,2022.3137589818798,0.));
#6284 = IFCCARTESIANPOINT((153.55977948614856,2022.2527072711337,0.));
#6285 = IFCCARTESIANPOINT((151.90196173569683,2022.0695521388946,0.));
#6286 = IFCCARTESIANPOINT((150.32780744071232,2021.7642935851622,0.));
#6287 = IFCCARTESIANPOINT((148.83731660119508,2021.3369316099386,0.));
#6288 = IFCCARTESIANPOINT((147.43048921714498,2020.7874662132213,0.));
#6289 = IFCCARTESIANPOINT((146.10732528856215,2020.1158973950114,0.));
#6290 = IFCCARTESIANPOINT((144.8678248154465,2019.3222251553088,0.));
#6291 = IFCCARTESIANPOINT((155.30126069206744,2022.3137589818798,0.));
#6292 = IFCPOLYLINE((#6293,#6294));
#6293 = IFCCARTESIANPOINT((144.8678248154465,2019.3222251553088,0.));
#6294 = IFCCARTESIANPOINT((144.8678248154465,2019.3222251553088,0.));
#6295 = IFCPOLYLINE((#6296,#6297,#6298,#6299,#6300,#6301,#6302,#6303,#6304));
#6296 = IFCCARTESIANPOINT((144.8678248154465,2019.3222251553088,0.));
#6297 = IFCCARTESIANPOINT((143.72103249568647,2018.4256694771268,0.));
#6298 = IFCCARTESIANPOINT((142.6759930271703,2017.4454503434768,0.));
#6299 = IFCCARTESIANPOINT((141.73270640989801,2016.3815677543596,0.));
#6300 = IFCCARTESIANPOINT((140.8911726438697,2015.2340217097758,0.));
#6301 = IFCCARTESIANPOINT((140.15139172908528,2014.0028122097247,0.));
#6302 = IFCCARTESIANPOINT((139.51336366554477,2012.687939254206,0.));
#6303 = IFCCARTESIANPOINT((138.97708845324814,2011.2894028432202,0.));
#6304 = IFCCARTESIANPOINT((144.8678248154465,2019.3222251553088,0.));
#6305 = IFCPOLYLINE((#6306,#6307));
#6306 = IFCCARTESIANPOINT((138.97708845324814,2011.2894028432202,0.));
#6307 = IFCCARTESIANPOINT((138.97708845324814,2011.2894028432202,0.));
#6308 = IFCPOLYLINE((#6309,#6310,#6311,#6312,#6313,#6314,#6315,#6316,#6317));
#6309 = IFCCARTESIANPOINT((138.97708845324814,2011.2894028432202,0.));
#6310 = IFCCARTESIANPOINT((138.52636100847886,2009.842628043497,0.));
#6311 = IFCCARTESIANPOINT((138.14497624752016,2008.3830399217645,0.));
#6312 = IFCCARTESIANPOINT((137.83293417037214,2006.9106384780234,0.));
#6313 = IFCCARTESIANPOINT((137.59023477703485,2005.425423712275,0.));
#6314 = IFCCARTESIANPOINT((137.41687806750818,2003.927395624517,0.));
#6315 = IFCCARTESIANPOINT((137.31286404179218,2002.4165542147512,0.));
#6316 = IFCCARTESIANPOINT((137.27819269988686,2000.8928994829766,0.));
#6317 = IFCCARTESIANPOINT((138.97708845324814,2011.2894028432202,0.));
#6318 = IFCPOLYLINE((#6319,#6320));
#6319 = IFCCARTESIANPOINT((137.27819269988686,2000.8928994829766,0.));
#6320 = IFCCARTESIANPOINT((137.27819269988686,2000.8928994829766,0.));
#6321 = IFCPOLYLINE((#6322,#6323,#6324,#6325,#6326,#6327,#6328,#6329,#6330));
#6322 = IFCCARTESIANPOINT((137.27819269988686,2000.8928994829766,0.));
#6323 = IFCCARTESIANPOINT((137.31927070279647,1998.9554498228106,0.));
#6324 = IFCCARTESIANPOINT((137.44250471152517,1997.0896040209263,0.));
#6325 = IFCCARTESIANPOINT((137.64789472607305,1995.2953620773253,0.));
#6326 = IFCCARTESIANPOINT((137.93544074644012,1993.5727239920075,0.));
#6327 = IFCCARTESIANPOINT((138.3051427726263,1991.9216897649717,0.));
#6328 = IFCCARTESIANPOINT((138.75700080463167,1990.3422593962193,0.));
#6329 = IFCCARTESIANPOINT((139.2910148424562,1988.8344328857493,0.));
#6330 = IFCCARTESIANPOINT((137.27819269988686,2000.8928994829766,0.));
#6331 = IFCPOLYLINE((#6332,#6333));
#6332 = IFCCARTESIANPOINT((139.2910148424562,1988.8344328857493,0.));
#6333 = IFCCARTESIANPOINT((139.2910148424562,1988.8344328857493,0.));
#6334 = IFCPOLYLINE((#6335,#6336,#6337,#6338,#6339,#6340,#6341,#6342,#6343));
#6335 = IFCCARTESIANPOINT((139.2910148424562,1988.8344328857493,0.));
#6336 = IFCCARTESIANPOINT((139.9117072350441,1987.4155459045153,0.));
#6337 = IFCCARTESIANPOINT((140.62360033133942,1986.1029341234685,0.));
#6338 = IFCCARTESIANPOINT((141.42669413134226,1984.8965975426097,0.));
#6339 = IFCCARTESIANPOINT((142.32098863505266,1983.79653616194,0.));
#6340 = IFCCARTESIANPOINT((143.30648384247053,1982.8027499814575,0.));
#6341 = IFCCARTESIANPOINT((144.3831797535959,1981.9152390011634,0.));
#6342 = IFCCARTESIANPOINT((145.55107636842877,1981.1340032210574,0.));
#6343 = IFCCARTESIANPOINT((139.2910148424562,1988.8344328857493,0.));
#6344 = IFCPOLYLINE((#6345,#6346));
#6345 = IFCCARTESIANPOINT((145.55107636842877,1981.1340032210574,0.));
#6346 = IFCCARTESIANPOINT((145.55107636842877,1981.1340032210574,0.));
#6347 = IFCPOLYLINE((#6348,#6349,#6350,#6351,#6352,#6353,#6354,#6355,#6356));
#6348 = IFCCARTESIANPOINT((145.55107636842877,1981.1340032210574,0.));
#6349 = IFCCARTESIANPOINT((146.778894106772,1980.457912053904,0.));
#6350 = IFCCARTESIANPOINT((148.03535338842823,1979.8858349124655,0.));
#6351 = IFCCARTESIANPOINT((149.32045421339757,1979.4177717967432,0.));
#6352 = IFCCARTESIANPOINT((150.6341965816801,1979.0537227067375,0.));
#6353 = IFCCARTESIANPOINT((151.9765804932757,1978.7936876424474,0.));
#6354 = IFCCARTESIANPOINT((153.34760594818437,1978.6376666038734,0.));
#6355 = IFCCARTESIANPOINT((154.74727294640616,1978.5856595910154,0.));
#6356 = IFCCARTESIANPOINT((145.55107636842877,1981.1340032210574,0.));
#6357 = IFCPOLYLINE((#6358,#6359));
#6358 = IFCCARTESIANPOINT((154.74727294640616,1978.5856595910154,0.));
#6359 = IFCCARTESIANPOINT((154.74727294640616,1978.5856595910154,0.));
#6360 = IFCPOLYLINE((#6361,#6362,#6363,#6364,#6365,#6366,#6367,#6368,#6369));
#6361 = IFCCARTESIANPOINT((154.74727294640616,1978.5856595910154,0.));
#6362 = IFCCARTESIANPOINT((156.42958675363883,1978.6565097244745,0.));
#6363 = IFCCARTESIANPOINT((158.03652807846854,1978.8690601248504,0.));
#6364 = IFCCARTESIANPOINT((159.5680969208954,1979.2233107921436,0.));
#6365 = IFCCARTESIANPOINT((161.02429328091935,1979.7192617263552,0.));
#6366 = IFCCARTESIANPOINT((162.40511715854043,1980.3569129274836,0.));
#6367 = IFCCARTESIANPOINT((163.7105685537586,1981.1362643955295,0.));
#6368 = IFCCARTESIANPOINT((164.94064746657386,1982.0573161304928,0.));
#6369 = IFCCARTESIANPOINT((154.74727294640616,1978.5856595910154,0.));
#6370 = IFCPOLYLINE((#6371,#6372));
#6371 = IFCCARTESIANPOINT((164.94064746657386,1982.0573161304928,0.));
#6372 = IFCCARTESIANPOINT((164.94064746657386,1982.0573161304928,0.));
#6373 = IFCPOLYLINE((#6374,#6375,#6376,#6377,#6378,#6379,#6380,#6381,#6382));
#6374 = IFCCARTESIANPOINT((164.94064746657386,1982.0573161304928,0.));
#6375 = IFCCARTESIANPOINT((166.0780182260336,1983.1178069579018,0.));
#6376 = IFCCARTESIANPOINT((167.10534516118508,1984.315475703284,0.));
#6377 = IFCCARTESIANPOINT((168.02262827202827,1985.6503223666386,0.));
#6378 = IFCCARTESIANPOINT((168.82986755856334,1987.1223469479676,0.));
#6379 = IFCCARTESIANPOINT((169.5270630207901,1988.7315494472693,0.));
#6380 = IFCCARTESIANPOINT((170.11421465870868,1990.4779298645444,0.));
#6381 = IFCCARTESIANPOINT((170.591322472319,1992.3614881997928,0.));
#6382 = IFCCARTESIANPOINT((164.94064746657386,1982.0573161304928,0.));
#6383 = IFCPOLYLINE((#6384,#6385));
#6384 = IFCCARTESIANPOINT((183.2591755897738,1992.989340978209,0.));
#6385 = IFCCARTESIANPOINT((183.2591755897738,1992.989340978209,0.));
#6386 = IFCPOLYLINE((#6387,#6388,#6389,#6390,#6391,#6392,#6393,#6394,#6395));
#6387 = IFCCARTESIANPOINT((183.2591755897738,1992.989340978209,0.));
#6388 = IFCCARTESIANPOINT((183.38278646091462,1995.9869046033723,0.));
#6389 = IFCCARTESIANPOINT((183.7536190743368,1998.7538284323823,0.));
#6390 = IFCCARTESIANPOINT((184.37167343004054,2001.2901124652396,0.));
#6391 = IFCCARTESIANPOINT((185.23694952802583,2003.5957567019445,0.));
#6392 = IFCCARTESIANPOINT((186.34944736829254,2005.6707611424963,0.));
#6393 = IFCCARTESIANPOINT((187.70916695084082,2007.5151257868952,0.));
#6394 = IFCCARTESIANPOINT((189.31610827567056,2009.1288506351411,0.));
#6395 = IFCCARTESIANPOINT((183.2591755897738,1992.989340978209,0.));
#6396 = IFCPOLYLINE((#6397,#6398));
#6397 = IFCCARTESIANPOINT((189.31610827567056,2009.1288506351411,0.));
#6398 = IFCCARTESIANPOINT((189.31610827567056,2009.1288506351411,0.));
#6399 = IFCPOLYLINE((#6400,#6401,#6402,#6403,#6404,#6405,#6406,#6407,#6408));
#6400 = IFCCARTESIANPOINT((189.31610827567056,2009.1288506351411,0.));
#6401 = IFCCARTESIANPOINT((190.80697597759988,2010.285064515202,0.));
#6402 = IFCCARTESIANPOINT((192.38829065841261,2011.2633993367913,0.));
#6403 = IFCCARTESIANPOINT((194.06005231810883,2012.0638550999097,0.));
#6404 = IFCCARTESIANPOINT((195.82226095668858,2012.6864318045582,0.));
#6405 = IFCCARTESIANPOINT((197.67491657415175,2013.131129450735,0.));
#6406 = IFCCARTESIANPOINT((199.61801917049843,2013.397948038441,0.));
#6407 = IFCCARTESIANPOINT((201.65156874572858,2013.4868875676766,0.));
#6408 = IFCCARTESIANPOINT((189.31610827567056,2009.1288506351411,0.));
#6409 = IFCPOLYLINE((#6410,#6411));
#6410 = IFCCARTESIANPOINT((201.65156874572858,2013.4868875676766,0.));
#6411 = IFCCARTESIANPOINT((201.65156874572858,2013.4868875676766,0.));
#6412 = IFCPOLYLINE((#6413,#6414,#6415,#6416,#6417,#6418,#6419,#6420,#6421));
#6413 = IFCCARTESIANPOINT((201.65156874572858,2013.4868875676766,0.));
#6414 = IFCCARTESIANPOINT((203.90219107027912,2013.378728055429,0.));
#6415 = IFCCARTESIANPOINT((206.0322174229849,2013.054249518684,0.));
#6416 = IFCCARTESIANPOINT((208.04164780384613,2012.513451957443,0.));
#6417 = IFCCARTESIANPOINT((209.93048221286273,2011.7563353717062,0.));
#6418 = IFCCARTESIANPOINT((211.6987206500347,2010.7828997614727,0.));
#6419 = IFCCARTESIANPOINT((213.346363115362,2009.5931451267431,0.));
#6420 = IFCCARTESIANPOINT((214.87340960884467,2008.187071467517,0.));
#6421 = IFCCARTESIANPOINT((201.65156874572858,2013.4868875676766,0.));
#6422 = IFCPOLYLINE((#6423,#6424));
#6423 = IFCCARTESIANPOINT((214.87340960884467,2008.187071467517,0.));
#6424 = IFCCARTESIANPOINT((214.87340960884467,2008.187071467517,0.));
#6425 = IFCPOLYLINE((#6426,#6427,#6428,#6429,#6430,#6431,#6432,#6433,#6434));
#6426 = IFCCARTESIANPOINT((214.87340960884467,2008.187071467517,0.));
#6427 = IFCCARTESIANPOINT((216.23539036586504,2006.5903054278122,0.));
#6428 = IFCCARTESIANPOINT((217.38783562180532,2004.828473651644,0.));
#6429 = IFCCARTESIANPOINT((218.3307453766655,2002.9015761390137,0.));
#6430 = IFCCARTESIANPOINT((219.06411963044576,2000.8096128899217,0.));
#6431 = IFCCARTESIANPOINT((219.58795838314586,1998.5525839043667,0.));
#6432 = IFCCARTESIANPOINT((219.90226163476592,1996.1304891823497,0.));
#6433 = IFCCARTESIANPOINT((220.00702938530594,1993.5433287238702,0.));
#6434 = IFCCARTESIANPOINT((214.87340960884467,2008.187071467517,0.));
#6435 = IFCPOLYLINE((#6436,#6437));
#6436 = IFCCARTESIANPOINT((220.00702938530594,1993.5433287238702,0.));
#6437 = IFCCARTESIANPOINT((220.00702938530594,1993.5433287238702,0.));
#6438 = IFCPOLYLINE((#6439,#6440,#6441,#6442,#6443,#6444,#6445,#6446,#6447));
#6439 = IFCCARTESIANPOINT((220.00702938530594,1993.5433287238702,0.));
#6440 = IFCCARTESIANPOINT((219.9606753086282,1991.44608940101,0.));
#6441 = IFCCARTESIANPOINT((219.8216130785948,1989.480751922354,0.));
#6442 = IFCCARTESIANPOINT((219.58984269520587,1987.6473162879033,0.));
#6443 = IFCCARTESIANPOINT((219.26536415846147,1985.9457824976585,0.));
#6444 = IFCCARTESIANPOINT((218.8481774683614,1984.376150551618,0.));
#6445 = IFCCARTESIANPOINT((218.33828262490584,1982.9384204497828,0.));
#6446 = IFCCARTESIANPOINT((217.73567962809466,1981.6325921921525,0.));
#6447 = IFCCARTESIANPOINT((220.00702938530594,1993.5433287238702,0.));
#6448 = IFCPOLYLINE((#6449,#6450));
#6449 = IFCCARTESIANPOINT((217.73567962809466,1981.6325921921525,0.));
#6450 = IFCCARTESIANPOINT((217.73567962809466,1981.6325921921525,0.));
#6451 = IFCPOLYLINE((#6452,#6453,#6454,#6455,#6456,#6457,#6458,#6459,#6460));
#6452 = IFCCARTESIANPOINT((217.73567962809466,1981.6325921921525,0.));
#6453 = IFCCARTESIANPOINT((217.04451396446015,1980.432285409887,0.));
#6454 = IFCCARTESIANPOINT((216.2689311205343,1979.3111197341434,0.));
#6455 = IFCCARTESIANPOINT((215.40893109631725,1978.2690951649229,0.));
#6456 = IFCCARTESIANPOINT((214.464513891809,1977.3062117022264,0.));
#6457 = IFCCARTESIANPOINT((213.43567950700944,1976.4224693460524,0.));
#6458 = IFCCARTESIANPOINT((212.32242794191865,1975.6178680964015,0.));
#6459 = IFCCARTESIANPOINT((211.12475919653662,1974.8924079532735,0.));
#6460 = IFCCARTESIANPOINT((217.73567962809466,1981.6325921921525,0.));
#6461 = IFCPOLYLINE((#6462,#6463));
#6462 = IFCCARTESIANPOINT((211.12475919653662,1974.8924079532735,0.));
#6463 = IFCCARTESIANPOINT((211.12475919653662,1974.8924079532735,0.));
#6464 = IFCPOLYLINE((#6465,#6466,#6467,#6468,#6469,#6470,#6471,#6472,#6473));
#6465 = IFCCARTESIANPOINT((211.12475919653662,1974.8924079532735,0.));
#6466 = IFCCARTESIANPOINT((209.86867677729242,1974.2555104769694,0.));
#6467 = IFCCARTESIANPOINT((208.58018419061483,1973.7165972277885,0.));
#6468 = IFCCARTESIANPOINT((207.25928143650404,1973.275668205731,0.));
#6469 = IFCCARTESIANPOINT((205.90596851496008,1972.9327234107982,0.));
#6470 = IFCCARTESIANPOINT((204.5202454259828,1972.6877628429888,0.));
#6471 = IFCCARTESIANPOINT((203.1021121695723,1972.5407865023033,0.));
#6472 = IFCCARTESIANPOINT((201.65156874572858,1972.4917943887413,0.));
#6473 = IFCCARTESIANPOINT((211.12475919653662,1974.8924079532735,0.));
#6474 = IFCPOLYLINE((#6475,#6476));
#6475 = IFCCARTESIANPOINT((201.65156874572858,1972.4917943887413,0.));
#6476 = IFCCARTESIANPOINT((201.65156874572858,1972.4917943887413,0.));
#6477 = IFCPOLYLINE((#6478,#6479,#6480,#6481,#6482,#6483,#6484,#6485,#6486));
#6478 = IFCCARTESIANPOINT((201.65156874572858,1972.4917943887413,0.));
#6479 = IFCCARTESIANPOINT((199.3628833175647,1972.5995770385778,0.));
#6480 = IFCCARTESIANPOINT((197.20308483430966,1972.922924988086,0.));
#6481 = IFCCARTESIANPOINT((195.17217329596357,1973.4618382372664,0.));
#6482 = IFCCARTESIANPOINT((193.2701487025265,1974.2163167861195,0.));
#6483 = IFCCARTESIANPOINT((191.4970110539984,1975.1863606346446,0.));
#6484 = IFCCARTESIANPOINT((189.85276035037919,1976.3719697828424,0.));
#6485 = IFCCARTESIANPOINT((188.33739659166895,1977.7731442307122,0.));
#6486 = IFCCARTESIANPOINT((201.65156874572858,1972.4917943887413,0.));
#6487 = IFCPOLYLINE((#6488,#6489));
#6488 = IFCCARTESIANPOINT((188.33739659166895,1977.7731442307122,0.));
#6489 = IFCCARTESIANPOINT((188.33739659166895,1977.7731442307122,0.));
#6490 = IFCPOLYLINE((#6491,#6492,#6493,#6494,#6495,#6496,#6497,#6498,#6499));
#6491 = IFCCARTESIANPOINT((188.33739659166895,1977.7731442307122,0.));
#6492 = IFCCARTESIANPOINT((186.99011346871723,1979.3770706562461,0.));
#6493 = IFCCARTESIANPOINT((185.8501046723734,1981.1709357374345,0.));
#6494 = IFCCARTESIANPOINT((184.9173702026375,1983.154739474279,0.));
#6495 = IFCCARTESIANPOINT((184.19191005950967,1985.3284818667787,0.));
#6496 = IFCCARTESIANPOINT((183.67372424298975,1987.6921629149335,0.));
#6497 = IFCCARTESIANPOINT((183.36281275307778,1990.2457826187435,0.));
#6498 = IFCCARTESIANPOINT((183.2591755897738,1992.989340978209,0.));
#6499 = IFCCARTESIANPOINT((188.33739659166895,1977.7731442307122,0.));
#6500 = IFCPOLYLINE((#6501,#6502,#6503,#6504,#6505,#6506,#6507,#6508,#6509));
#6501 = IFCCARTESIANPOINT((190.09169111959636,1992.989340978209,0.));
#6502 = IFCCARTESIANPOINT((190.158772628935,1990.9139596752455,0.));
#6503 = IFCCARTESIANPOINT((190.3600171569507,1988.9930919612075,0.));
#6504 = IFCCARTESIANPOINT((190.69542470364354,1987.2267378360955,0.));
#6505 = IFCCARTESIANPOINT((191.16499526901362,1985.61489729991,0.));
#6506 = IFCCARTESIANPOINT((191.76872885306082,1984.1575703526496,0.));
#6507 = IFCCARTESIANPOINT((192.50662545578518,1982.8547569943155,0.));
#6508 = IFCCARTESIANPOINT((193.37868507718667,1981.7064572249074,0.));
#6509 = IFCCARTESIANPOINT((190.09169111959636,1992.989340978209,0.));
#6510 = IFCPOLYLINE((#6511,#6512));
#6511 = IFCCARTESIANPOINT((193.37868507718667,1981.7064572249074,0.));
#6512 = IFCCARTESIANPOINT((193.37868507718667,1981.7064572249074,0.));
#6513 = IFCPOLYLINE((#6514,#6515,#6516,#6517,#6518,#6519,#6520,#6521,#6522));
#6514 = IFCCARTESIANPOINT((193.37868507718667,1981.7064572249074,0.));
#6515 = IFCCARTESIANPOINT((194.35249754983215,1980.7119173196015,0.));
#6516 = IFCCARTESIANPOINT((195.3956527062882,1979.870383553573,0.));
#6517 = IFCCARTESIANPOINT((196.5081505465549,1979.181855926822,0.));
#6518 = IFCCARTESIANPOINT((197.68999107063237,1978.64633443935,0.));
#6519 = IFCCARTESIANPOINT((198.94117427852044,1978.263819091155,0.));
#6520 = IFCCARTESIANPOINT((200.26170017021917,1978.0343098822384,0.));
#6521 = IFCCARTESIANPOINT((201.65156874572858,1977.9578068125993,0.));
#6522 = IFCCARTESIANPOINT((193.37868507718667,1981.7064572249074,0.));
#6523 = IFCPOLYLINE((#6524,#6525));
#6524 = IFCCARTESIANPOINT((201.65156874572858,1977.9578068125993,0.));
#6525 = IFCCARTESIANPOINT((201.65156874572858,1977.9578068125993,0.));
#6526 = IFCPOLYLINE((#6527,#6528,#6529,#6530,#6531,#6532,#6533,#6534,#6535));
#6527 = IFCCARTESIANPOINT((201.65156874572858,1977.9578068125993,0.));
#6528 = IFCCARTESIANPOINT((203.03163889852567,1978.0346867446508,0.));
#6529 = IFCCARTESIANPOINT((204.34387381716004,1978.265326540803,0.));
#6530 = IFCCARTESIANPOINT((205.58827350163185,1978.6497262010575,0.));
#6531 = IFCCARTESIANPOINT((206.7648379519411,1979.1878857254146,0.));
#6532 = IFCCARTESIANPOINT((207.87356716808767,1979.8798051138733,0.));
#6533 = IFCCARTESIANPOINT((208.91446115007167,1980.7254843664336,0.));
#6534 = IFCCARTESIANPOINT((209.88751989789307,1981.724923483096,0.));
#6535 = IFCCARTESIANPOINT((201.65156874572858,1977.9578068125993,0.));
#6536 = IFCPOLYLINE((#6537,#6538));
#6537 = IFCCARTESIANPOINT((209.88751989789307,1981.724923483096,0.));
#6538 = IFCCARTESIANPOINT((209.88751989789307,1981.724923483096,0.));
#6539 = IFCPOLYLINE((#6540,#6541,#6542,#6543,#6544,#6545,#6546,#6547,#6548));
#6540 = IFCCARTESIANPOINT((209.88751989789307,1981.724923483096,0.));
#6541 = IFCCARTESIANPOINT((210.75957951929465,1982.8818910879809,0.));
#6542 = IFCCARTESIANPOINT((211.49747612201895,1984.2001558052073,0.));
#6543 = IFCCARTESIANPOINT((212.10120970606613,1985.6797176347757,0.));
#6544 = IFCCARTESIANPOINT((212.5707802714362,1987.3205765766875,0.));
#6545 = IFCCARTESIANPOINT((212.90618781812907,1989.1227326309404,0.));
#6546 = IFCCARTESIANPOINT((213.1074323461448,1991.086185797536,0.));
#6547 = IFCCARTESIANPOINT((213.17451385548338,1993.2109360764734,0.));
#6548 = IFCCARTESIANPOINT((209.88751989789307,1981.724923483096,0.));
#6549 = IFCPOLYLINE((#6550,#6551));
#6550 = IFCCARTESIANPOINT((213.17451385548338,1993.2109360764734,0.));
#6551 = IFCCARTESIANPOINT((213.17451385548338,1993.2109360764734,0.));
#6552 = IFCPOLYLINE((#6553,#6554,#6555,#6556,#6557,#6558,#6559,#6560,#6561));
#6553 = IFCCARTESIANPOINT((213.17451385548338,1993.2109360764734,0.));
#6554 = IFCCARTESIANPOINT((213.10705548373284,1995.2177284204508,0.));
#6555 = IFCCARTESIANPOINT((212.90468036848105,1997.080559323038,0.));
#6556 = IFCCARTESIANPOINT((212.56738850972803,1998.7994287842362,0.));
#6557 = IFCCARTESIANPOINT((212.0951799074739,2000.3743368040448,0.));
#6558 = IFCCARTESIANPOINT((211.48805456171857,2001.8052833824638,0.));
#6559 = IFCCARTESIANPOINT((210.7460124724621,2003.0922685194932,0.));
#6560 = IFCCARTESIANPOINT((209.86905363970436,2004.235292215133,0.));
#6561 = IFCCARTESIANPOINT((213.17451385548338,1993.2109360764734,0.));
#6562 = IFCPOLYLINE((#6563,#6564));
#6563 = IFCCARTESIANPOINT((209.86905363970436,2004.235292215133,0.));
#6564 = IFCCARTESIANPOINT((209.86905363970436,2004.235292215133,0.));
#6565 = IFCPOLYLINE((#6566,#6567,#6568,#6569,#6570,#6571,#6572,#6573,#6574));
#6566 = IFCCARTESIANPOINT((209.86905363970436,2004.235292215133,0.));
#6567 = IFCCARTESIANPOINT((208.89184940535085,2005.2298321204396,0.));
#6568 = IFCCARTESIANPOINT((207.84907111130673,2006.071365886468,0.));
#6569 = IFCCARTESIANPOINT((206.74071875757213,2006.7598935132178,0.));
#6570 = IFCCARTESIANPOINT((205.56679234414705,2007.2954150006908,0.));
#6571 = IFCCARTESIANPOINT((204.3272918710314,2007.6779303488852,0.));
#6572 = IFCCARTESIANPOINT((203.02221733822526,2007.9074395578023,0.));
#6573 = IFCCARTESIANPOINT((201.65156874572858,2007.9839426274411,0.));
#6574 = IFCCARTESIANPOINT((209.86905363970436,2004.235292215133,0.));
#6575 = IFCPOLYLINE((#6576,#6577));
#6576 = IFCCARTESIANPOINT((201.65156874572858,2007.9839426274411,0.));
#6577 = IFCCARTESIANPOINT((201.65156874572858,2007.9839426274411,0.));
#6578 = IFCPOLYLINE((#6579,#6580,#6581,#6582,#6583,#6584,#6585,#6586,#6587));
#6579 = IFCCARTESIANPOINT((201.65156874572858,2007.9839426274411,0.));
#6580 = IFCCARTESIANPOINT((200.26170017021923,2007.9078164202149,0.));
#6581 = IFCCARTESIANPOINT((198.94117427852044,2007.6794377985334,0.));
#6582 = IFCCARTESIANPOINT((197.68999107063235,2007.2988067623985,0.));
#6583 = IFCCARTESIANPOINT((196.50815054655493,2006.7659233118106,0.));
#6584 = IFCCARTESIANPOINT((195.3956527062882,2006.0807874467682,0.));
#6585 = IFCCARTESIANPOINT((194.3524975498321,2005.243399167272,0.));
#6586 = IFCCARTESIANPOINT((193.37868507718667,2004.2537584733218,0.));
#6587 = IFCCARTESIANPOINT((201.65156874572858,2007.9839426274411,0.));
#6588 = IFCPOLYLINE((#6589,#6590));
#6589 = IFCCARTESIANPOINT((193.37868507718667,2004.2537584733218,0.));
#6590 = IFCCARTESIANPOINT((193.37868507718667,2004.2537584733218,0.));
#6591 = IFCPOLYLINE((#6592,#6593,#6594,#6595,#6596,#6597,#6598,#6599,#6600));
#6592 = IFCCARTESIANPOINT((193.37868507718667,2004.2537584733218,0.));
#6593 = IFCCARTESIANPOINT((192.50662545578518,2003.1103579152702,0.));
#6594 = IFCCARTESIANPOINT((191.7687288530608,2001.811690043468,0.));
#6595 = IFCCARTESIANPOINT((191.16499526901356,2000.3577548579158,0.));
#6596 = IFCCARTESIANPOINT((190.69542470364357,1998.7485523586145,0.));
#6597 = IFCCARTESIANPOINT((190.36001715695068,1996.9840825455624,0.));
#6598 = IFCCARTESIANPOINT((190.15877262893494,1995.0643454187607,0.));
#6599 = IFCCARTESIANPOINT((190.09169111959636,1992.989340978209,0.));
#6600 = IFCCARTESIANPOINT((193.37868507718667,2004.2537584733218,0.));
#6601 = IFCPOLYLINE((#6602,#6603,#6604,#6605,#6606,#6607));
#6602 = IFCCARTESIANPOINT((227.7997903409414,1958.3466406161897,0.));
#6603 = IFCCARTESIANPOINT((227.7997903409414,2012.6005071746185,0.));
#6604 = IFCCARTESIANPOINT((233.85672302683815,2012.6005071746185,0.));
#6605 = IFCCARTESIANPOINT((233.85672302683815,2007.5038199145347,0.));
#6606 = IFCCARTESIANPOINT((233.85672302683815,2007.5038199145347,0.));
#6607 = IFCCARTESIANPOINT((227.7997903409414,1958.3466406161897,0.));
#6608 = IFCPOLYLINE((#6609,#6610,#6611,#6612,#6613,#6614,#6615,#6616,#6617));
#6609 = IFCCARTESIANPOINT((233.85672302683815,2007.5038199145347,0.));
#6610 = IFCCARTESIANPOINT((234.48005345631017,2008.3280180096108,0.));
#6611 = IFCCARTESIANPOINT((235.12599563050293,2009.0911643939396,0.));
#6612 = IFCCARTESIANPOINT((235.7945495494166,2009.7932590675225,0.));
#6613 = IFCCARTESIANPOINT((236.4857152130512,2010.4343020303593,0.));
#6614 = IFCCARTESIANPOINT((237.1994926214066,2011.0142932824497,0.));
#6615 = IFCCARTESIANPOINT((237.9358817744829,2011.5332328237937,0.));
#6616 = IFCCARTESIANPOINT((238.69488267228007,2011.9911206543911,0.));
#6617 = IFCCARTESIANPOINT((233.85672302683815,2007.5038199145347,0.));
#6618 = IFCPOLYLINE((#6619,#6620));
#6619 = IFCCARTESIANPOINT((238.69488267228007,2011.9911206543911,0.));
#6620 = IFCCARTESIANPOINT((238.69488267228007,2011.9911206543911,0.));
#6621 = IFCPOLYLINE((#6622,#6623,#6624,#6625,#6626,#6627,#6628,#6629,#6630));
#6622 = IFCCARTESIANPOINT((238.69488267228007,2011.9911206543911,0.));
#6623 = IFCCARTESIANPOINT((239.48855491198262,2012.3879567742429,0.));
#6624 = IFCCARTESIANPOINT((240.32895809077485,2012.7237411833473,0.));
#6625 = IFCCARTESIANPOINT((241.21609220865696,2012.9984738817056,0.));
#6626 = IFCCARTESIANPOINT((242.14995726562887,2013.2121548693183,0.));
#6627 = IFCCARTESIANPOINT((243.13055326169052,2013.3647841461839,0.));
#6628 = IFCCARTESIANPOINT((244.15788019684203,2013.4563617123035,0.));
#6629 = IFCCARTESIANPOINT((245.23193807108328,2013.4868875676766,0.));
#6630 = IFCCARTESIANPOINT((238.69488267228007,2011.9911206543911,0.));
#6631 = IFCPOLYLINE((#6632,#6633));
#6632 = IFCCARTESIANPOINT((245.23193807108328,2013.4868875676766,0.));
#6633 = IFCCARTESIANPOINT((245.23193807108328,2013.4868875676766,0.));
#6634 = IFCPOLYLINE((#6635,#6636,#6637,#6638,#6639,#6640,#6641,#6642,#6643));
#6635 = IFCCARTESIANPOINT((245.23193807108328,2013.4868875676766,0.));
#6636 = IFCCARTESIANPOINT((246.64291094166558,2013.434126829995,0.));
#6637 = IFCCARTESIANPOINT((248.0056454235099,2013.2758446169485,0.));
#6638 = IFCCARTESIANPOINT((249.32014151661636,2013.0120409285382,0.));
#6639 = IFCCARTESIANPOINT((250.58639922098507,2012.6427157647643,0.));
#6640 = IFCCARTESIANPOINT((251.80441853661586,2012.167869125626,0.));
#6641 = IFCCARTESIANPOINT((252.9741994635088,2011.5875010111238,0.));
#6642 = IFCCARTESIANPOINT((254.0957420016639,2010.9016114212573,0.));
#6643 = IFCCARTESIANPOINT((245.23193807108328,2013.4868875676766,0.));
#6644 = IFCPOLYLINE((#6645,#6646));
#6645 = IFCCARTESIANPOINT((254.0957420016639,2010.9016114212573,0.));
#6646 = IFCCARTESIANPOINT((254.0957420016639,2010.9016114212573,0.));
#6647 = IFCPOLYLINE((#6648,#6649,#6650,#6651,#6652,#6653,#6654,#6655,#6656));
#6648 = IFCCARTESIANPOINT((254.0957420016639,2010.9016114212573,0.));
#6649 = IFCCARTESIANPOINT((255.15472537942463,2010.1196219163278,0.));
#6650 = IFCCARTESIANPOINT((256.13682882513433,2009.250954056634,0.));
#6651 = IFCCARTESIANPOINT((257.0420523387931,2008.2956078421769,0.));
#6652 = IFCCARTESIANPOINT((257.870395920401,2007.2535832729573,0.));
#6653 = IFCCARTESIANPOINT((258.6218595699578,2006.1248803489739,0.));
#6654 = IFCCARTESIANPOINT((259.2964432874637,2004.909499070227,0.));
#6655 = IFCCARTESIANPOINT((259.8941470729187,2003.607439436717,0.));
#6656 = IFCCARTESIANPOINT((254.0957420016639,2010.9016114212573,0.));
#6657 = IFCPOLYLINE((#6658,#6659));
#6658 = IFCCARTESIANPOINT((259.8941470729187,2003.607439436717,0.));
#6659 = IFCCARTESIANPOINT((259.8941470729187,2003.607439436717,0.));
#6660 = IFCPOLYLINE((#6661,#6662,#6663,#6664,#6665,#6666,#6667,#6668,#6669));
#6661 = IFCCARTESIANPOINT((259.8941470729187,2003.607439436717,0.));
#6662 = IFCCARTESIANPOINT((260.41346347667474,2002.2435743676374,0.));
#6663 = IFCCARTESIANPOINT((260.85288504908357,2000.8427767821788,0.));
#6664 = IFCCARTESIANPOINT((261.2124117901453,1999.4050466803433,0.));
#6665 = IFCCARTESIANPOINT((261.4920436998601,1997.930384062131,0.));
#6666 = IFCCARTESIANPOINT((261.6917807782278,1996.4187889275408,0.));
#6667 = IFCCARTESIANPOINT((261.8116230252484,1994.8702612765733,0.));
#6668 = IFCCARTESIANPOINT((261.85157044092193,1993.2848011092283,0.));
#6669 = IFCCARTESIANPOINT((259.8941470729187,2003.607439436717,0.));
#6670 = IFCPOLYLINE((#6671,#6672));
#6671 = IFCCARTESIANPOINT((261.85157044092193,1993.2848011092283,0.));
#6672 = IFCCARTESIANPOINT((261.85157044092193,1993.2848011092283,0.));
#6673 = IFCPOLYLINE((#6674,#6675,#6676,#6677,#6678,#6679,#6680,#6681,#6682));
#6674 = IFCCARTESIANPOINT((261.85157044092193,1993.2848011092283,0.));
#6675 = IFCCARTESIANPOINT((261.8074775387163,1991.5892971175756,0.));
#6676 = IFCCARTESIANPOINT((261.67519883209917,1989.9427852394838,0.));
#6677 = IFCCARTESIANPOINT((261.45473432107065,1988.345265474954,0.));
#6678 = IFCCARTESIANPOINT((261.1460840056308,1986.7967378239873,0.));
#6679 = IFCCARTESIANPOINT((260.7492478857796,1985.2972022865813,0.));
#6680 = IFCCARTESIANPOINT((260.26422596151696,1983.8466588627377,0.));
#6681 = IFCCARTESIANPOINT((259.6910182328429,1982.4451075524557,0.));
#6682 = IFCCARTESIANPOINT((261.85157044092193,1993.2848011092283,0.));
#6683 = IFCPOLYLINE((#6684,#6685));
#6684 = IFCCARTESIANPOINT((259.6910182328429,1982.4451075524557,0.));
#6685 = IFCCARTESIANPOINT((259.6910182328429,1982.4451075524557,0.));
#6686 = IFCPOLYLINE((#6687,#6688,#6689,#6690,#6691,#6692,#6693,#6694,#6695));
#6687 = IFCCARTESIANPOINT((259.6910182328429,1982.4451075524557,0.));
#6688 = IFCCARTESIANPOINT((259.0337701862897,1981.114029513221,0.));
#6689 = IFCCARTESIANPOINT((258.2966273083893,1979.874905902517,0.));
#6690 = IFCCARTESIANPOINT((257.4795895991419,1978.7277367203444,0.));
#6691 = IFCCARTESIANPOINT((256.5826570585475,1977.6725219667046,0.));
#6692 = IFCCARTESIANPOINT((255.60582968660594,1976.7092616415953,0.));
#6693 = IFCCARTESIANPOINT((254.54910748331733,1975.837955745018,0.));
#6694 = IFCCARTESIANPOINT((253.41249044868164,1975.058604276972,0.));
#6695 = IFCCARTESIANPOINT((259.6910182328429,1982.4451075524557,0.));
#6696 = IFCPOLYLINE((#6697,#6698));
#6697 = IFCCARTESIANPOINT((253.41249044868164,1975.058604276972,0.));
#6698 = IFCCARTESIANPOINT((253.41249044868164,1975.058604276972,0.));
#6699 = IFCPOLYLINE((#6700,#6701,#6702,#6703,#6704,#6705,#6706,#6707,#6708));
#6700 = IFCCARTESIANPOINT((253.41249044868164,1975.058604276972,0.));
#6701 = IFCCARTESIANPOINT((252.22725816289616,1974.3776138984622,0.));
#6702 = IFCCARTESIANPOINT((251.0246902061579,1973.8013912704919,0.));
#6703 = IFCCARTESIANPOINT((249.80478657846697,1973.3299363930614,0.));
#6704 = IFCCARTESIANPOINT((248.5675472798235,1972.9632492661713,0.));
#6705 = IFCCARTESIANPOINT((247.31297231022728,1972.7013298898214,0.));
#6706 = IFCCARTESIANPOINT((246.0410616696784,1972.5441782640114,0.));
#6707 = IFCCARTESIANPOINT((244.75181535817683,1972.4917943887413,0.));
#6708 = IFCCARTESIANPOINT((253.41249044868164,1975.058604276972,0.));
#6709 = IFCPOLYLINE((#6710,#6711));
#6710 = IFCCARTESIANPOINT((244.75181535817683,1972.4917943887413,0.));
#6711 = IFCCARTESIANPOINT((244.75181535817683,1972.4917943887413,0.));
#6712 = IFCPOLYLINE((#6713,#6714,#6715,#6716,#6717,#6718,#6719,#6720,#6721));
#6713 = IFCCARTESIANPOINT((244.75181535817683,1972.4917943887413,0.));
#6714 = IFCCARTESIANPOINT((243.81606598914493,1972.5204359320549,0.));
#6715 = IFCCARTESIANPOINT((242.90820443860198,1972.6063605619936,0.));
#6716 = IFCCARTESIANPOINT((242.0282307065482,1972.749568278559,0.));
#6717 = IFCCARTESIANPOINT((241.17614479298345,1972.950059081751,0.));
#6718 = IFCCARTESIANPOINT((240.35194669790775,1973.2078329715687,0.));
#6719 = IFCCARTESIANPOINT((239.55563642132117,1973.522889948013,0.));
#6720 = IFCCARTESIANPOINT((238.78721396322362,1973.8952300110832,0.));
#6721 = IFCCARTESIANPOINT((244.75181535817683,1972.4917943887413,0.));
#6722 = IFCPOLYLINE((#6723,#6724));
#6723 = IFCCARTESIANPOINT((238.78721396322362,1973.8952300110832,0.));
#6724 = IFCCARTESIANPOINT((238.78721396322362,1973.8952300110832,0.));
#6725 = IFCPOLYLINE((#6726,#6727,#6728,#6729,#6730,#6731,#6732,#6733,#6734));
#6726 = IFCCARTESIANPOINT((238.78721396322362,1973.8952300110832,0.));
#6727 = IFCCARTESIANPOINT((238.0519553973834,1974.3112861139477,0.));
#6728 = IFCCARTESIANPOINT((237.3551367975686,1974.7574912097723,0.));
#6729 = IFCCARTESIANPOINT((236.69675816377924,1975.2338452985587,0.));
#6730 = IFCCARTESIANPOINT((236.07681949601547,1975.7403483803064,0.));
#6731 = IFCCARTESIANPOINT((235.49532079427712,1976.2770004550148,0.));
#6732 = IFCCARTESIANPOINT((234.95226205856426,1976.8438015226848,0.));
#6733 = IFCCARTESIANPOINT((234.44764328887686,1977.4407515833154,0.));
#6734 = IFCCARTESIANPOINT((238.78721396322362,1973.8952300110832,0.));
#6735 = IFCPOLYLINE((#6736,#6737,#6738,#6739));
#6736 = IFCCARTESIANPOINT((234.44764328887686,1977.4407515833154,0.));
#6737 = IFCCARTESIANPOINT((234.44764328887686,1958.3466406161897,0.));
#6738 = IFCCARTESIANPOINT((227.7997903409414,1958.3466406161897,0.));
#6739 = IFCCARTESIANPOINT((234.44764328887686,1977.4407515833154,0.));
#6740 = IFCPOLYLINE((#6741,#6742,#6743,#6744,#6745,#6746,#6747,#6748,#6749));
#6741 = IFCCARTESIANPOINT((233.81979051046073,1992.7677458799444,0.));
#6742 = IFCCARTESIANPOINT((233.88234967085518,1990.685204191153,0.));
#6743 = IFCCARTESIANPOINT((234.07002715203834,1988.7639596147026,0.));
#6744 = IFCCARTESIANPOINT((234.38282295401035,1987.004012150595,0.));
#6745 = IFCCARTESIANPOINT((234.82073707677122,1985.4053617988297,0.));
#6746 = IFCCARTESIANPOINT((235.38376952032084,1983.9680085594064,0.));
#6747 = IFCCARTESIANPOINT((236.0719202846593,1982.6919524323253,0.));
#6748 = IFCCARTESIANPOINT((236.88518936978653,1981.5771934175864,0.));
#6749 = IFCCARTESIANPOINT((233.81979051046073,1992.7677458799444,0.));
#6750 = IFCPOLYLINE((#6751,#6752));
#6751 = IFCCARTESIANPOINT((236.88518936978653,1981.5771934175864,0.));
#6752 = IFCCARTESIANPOINT((236.88518936978653,1981.5771934175864,0.));
#6753 = IFCPOLYLINE((#6754,#6755,#6756,#6757,#6758,#6759,#6760,#6761,#6762));
#6754 = IFCCARTESIANPOINT((236.88518936978653,1981.5771934175864,0.));
#6755 = IFCCARTESIANPOINT((237.78739798414924,1980.616947991774,0.));
#6756 = IFCCARTESIANPOINT((238.7423673361939,1979.8044326314705,0.));
#6757 = IFCCARTESIANPOINT((239.75009742592061,1979.1396473366765,0.));
#6758 = IFCCARTESIANPOINT((240.8105882533294,1978.6225921073928,0.));
#6759 = IFCCARTESIANPOINT((241.92383981842016,1978.2532669436187,0.));
#6760 = IFCCARTESIANPOINT((243.08985212119296,1978.0316718453541,0.));
#6761 = IFCCARTESIANPOINT((244.3086251616478,1977.9578068125993,0.));
#6762 = IFCCARTESIANPOINT((236.88518936978653,1981.5771934175864,0.));
#6763 = IFCPOLYLINE((#6764,#6765));
#6764 = IFCCARTESIANPOINT((244.3086251616478,1977.9578068125993,0.));
#6765 = IFCCARTESIANPOINT((244.3086251616478,1977.9578068125993,0.));
#6766 = IFCPOLYLINE((#6767,#6768,#6769,#6770,#6771,#6772,#6773,#6774,#6775));
#6767 = IFCCARTESIANPOINT((244.3086251616478,1977.9578068125993,0.));
#6768 = IFCCARTESIANPOINT((245.5488793595875,1978.0343098822386,0.));
#6769 = IFCCARTESIANPOINT((246.7371265446691,1978.2638190911548,0.));
#6770 = IFCCARTESIANPOINT((247.87336671689275,1978.6463344393496,0.));
#6771 = IFCCARTESIANPOINT((248.95759987625843,1979.1818559268227,0.));
#6772 = IFCCARTESIANPOINT((249.98982602276612,1979.870383553573,0.));
#6773 = IFCCARTESIANPOINT((250.97004515641578,1980.711917319601,0.));
#6774 = IFCCARTESIANPOINT((251.89825727720745,1981.7064572249074,0.));
#6775 = IFCCARTESIANPOINT((244.3086251616478,1977.9578068125993,0.));
#6776 = IFCPOLYLINE((#6777,#6778));
#6777 = IFCCARTESIANPOINT((251.89825727720745,1981.7064572249074,0.));
#6778 = IFCCARTESIANPOINT((251.89825727720745,1981.7064572249074,0.));
#6779 = IFCPOLYLINE((#6780,#6781,#6782,#6783,#6784,#6785,#6786,#6787,#6788));
#6780 = IFCCARTESIANPOINT((251.89825727720745,1981.7064572249074,0.));
#6781 = IFCCARTESIANPOINT((252.73602241911573,1982.861540517732,0.));
#6782 = IFCCARTESIANPOINT((253.44490061611486,1984.1847044463145,0.));
#6783 = IFCCARTESIANPOINT((254.02489186820515,1985.6759490106558,0.));
#6784 = IFCCARTESIANPOINT((254.47599617538654,1987.3352742107559,0.));
#6785 = IFCCARTESIANPOINT((254.7982135376589,1989.162680046614,0.));
#6786 = IFCCARTESIANPOINT((254.9915439550223,1991.1581665182307,0.));
#6787 = IFCCARTESIANPOINT((255.0559874274768,1993.3217336256057,0.));
#6788 = IFCCARTESIANPOINT((251.89825727720745,1981.7064572249074,0.));
#6789 = IFCPOLYLINE((#6790,#6791));
#6790 = IFCCARTESIANPOINT((255.0559874274768,1993.3217336256057,0.));
#6791 = IFCCARTESIANPOINT((255.0559874274768,1993.3217336256057,0.));
#6792 = IFCPOLYLINE((#6793,#6794,#6795,#6796,#6797,#6798,#6799,#6800,#6801));
#6793 = IFCCARTESIANPOINT((255.0559874274768,1993.3217336256057,0.));
#6794 = IFCCARTESIANPOINT((254.9930514046704,1995.3869396434457,0.));
#6795 = IFCCARTESIANPOINT((254.80424333625112,1997.2983857971826,0.));
#6796 = IFCCARTESIANPOINT((254.48956322221898,1999.0560720868177,0.));
#6797 = IFCCARTESIANPOINT((254.04901106257412,2000.6599985123519,0.));
#6798 = IFCCARTESIANPOINT((253.48258685731633,2002.1101650737835,0.));
#6799 = IFCCARTESIANPOINT((252.79029060644572,2003.4065717711132,0.));
#6800 = IFCCARTESIANPOINT((251.9721223099623,2004.5492186043411,0.));
#6801 = IFCCARTESIANPOINT((255.0559874274768,1993.3217336256057,0.));
#6802 = IFCPOLYLINE((#6803,#6804));
#6803 = IFCCARTESIANPOINT((251.9721223099623,2004.5492186043411,0.));
#6804 = IFCCARTESIANPOINT((251.9721223099623,2004.5492186043411,0.));
#6805 = IFCPOLYLINE((#6806,#6807,#6808,#6809,#6810,#6811,#6812,#6813,#6814));
#6806 = IFCCARTESIANPOINT((251.9721223099623,2004.5492186043411,0.));
#6807 = IFCCARTESIANPOINT((251.06652193389152,2005.5388592982915,0.));
#6808 = IFCCARTESIANPOINT((250.1119294442588,2006.3762475777874,0.));
#6809 = IFCCARTESIANPOINT((249.1083448410642,2007.0613834428293,0.));
#6810 = IFCCARTESIANPOINT((248.0557681243078,2007.594266893418,0.));
#6811 = IFCCARTESIANPOINT((246.95419929398946,2007.9748979295528,0.));
#6812 = IFCCARTESIANPOINT((245.80363835010928,2008.2032765512338,0.));
#6813 = IFCCARTESIANPOINT((244.60408529266715,2008.2794027584605,0.));
#6814 = IFCCARTESIANPOINT((251.9721223099623,2004.5492186043411,0.));
#6815 = IFCPOLYLINE((#6816,#6817));
#6816 = IFCCARTESIANPOINT((244.60408529266715,2008.2794027584605,0.));
#6817 = IFCCARTESIANPOINT((244.60408529266715,2008.2794027584605,0.));
#6818 = IFCPOLYLINE((#6819,#6820,#6821,#6822,#6823,#6824,#6825,#6826,#6827));
#6819 = IFCCARTESIANPOINT((244.60408529266715,2008.2794027584605,0.));
#6820 = IFCCARTESIANPOINT((243.41056203381734,2008.1983773398777,0.));
#6821 = IFCCARTESIANPOINT((242.25698619064093,2007.9553010841282,0.));
#6822 = IFCCARTESIANPOINT((241.14335776313817,2007.5501739912122,0.));
#6823 = IFCCARTESIANPOINT((240.06967675130892,2006.982996061131,0.));
#6824 = IFCCARTESIANPOINT((239.03594315515318,2006.253767293883,0.));
#6825 = IFCCARTESIANPOINT((238.042156974671,2005.3624876894685,0.));
#6826 = IFCCARTESIANPOINT((237.08831820986234,2004.309157247888,0.));
#6827 = IFCCARTESIANPOINT((244.60408529266715,2008.2794027584605,0.));
#6828 = IFCPOLYLINE((#6829,#6830));
#6829 = IFCCARTESIANPOINT((237.08831820986234,2004.309157247888,0.));
#6830 = IFCCARTESIANPOINT((237.08831820986234,2004.309157247888,0.));
#6831 = IFCPOLYLINE((#6832,#6833,#6834,#6835,#6836,#6837,#6838,#6839,#6840));
#6832 = IFCCARTESIANPOINT((237.08831820986234,2004.309157247888,0.));
#6833 = IFCCARTESIANPOINT((236.22115779981706,2003.101313217382,0.));
#6834 = IFCCARTESIANPOINT((235.4874066836248,2001.7464928461895,0.));
#6835 = IFCCARTESIANPOINT((234.88706486128572,2000.2446961343117,0.));
#6836 = IFCCARTESIANPOINT((234.42013233279982,1998.5959230817487,0.));
#6837 = IFCCARTESIANPOINT((234.086609098167,1996.8001736884994,0.));
#6838 = IFCCARTESIANPOINT((233.88649515738732,1994.8574479545648,0.));
#6839 = IFCCARTESIANPOINT((233.81979051046073,1992.7677458799444,0.));
#6840 = IFCCARTESIANPOINT((237.08831820986234,2004.309157247888,0.));
#6841 = IFCPOLYLINE((#6842,#6843,#6844,#6845));
#6842 = IFCCARTESIANPOINT((269.57046636380255,1958.2727755834348,0.));
#6843 = IFCCARTESIANPOINT((268.83181603625417,1964.5143708512187,0.));
#6844 = IFCCARTESIANPOINT((268.83181603625417,1964.5143708512187,0.));
#6845 = IFCCARTESIANPOINT((269.57046636380255,1958.2727755834348,0.));
#6846 = IFCPOLYLINE((#6847,#6848,#6849,#6850,#6851,#6852,#6853,#6854,#6855));
#6847 = IFCCARTESIANPOINT((268.83181603625417,1964.5143708512187,0.));
#6848 = IFCCARTESIANPOINT((269.44308686854174,1964.3575960878213,0.));
#6849 = IFCCARTESIANPOINT((270.0317459561083,1964.2249405187915,0.));
#6850 = IFCCARTESIANPOINT((270.597793298954,1964.1164041441314,0.));
#6851 = IFCCARTESIANPOINT((271.1412288970789,1964.0319869638404,0.));
#6852 = IFCCARTESIANPOINT((271.6620527504829,1963.971688977918,0.));
#6853 = IFCCARTESIANPOINT((272.1602648591661,1963.9355101863644,0.));
#6854 = IFCCARTESIANPOINT((272.63586522312835,1963.92345058918,0.));
#6855 = IFCCARTESIANPOINT((268.83181603625417,1964.5143708512187,0.));
#6856 = IFCPOLYLINE((#6857,#6858));
#6857 = IFCCARTESIANPOINT((272.63586522312835,1963.92345058918,0.));
#6858 = IFCCARTESIANPOINT((272.63586522312835,1963.92345058918,0.));
#6859 = IFCPOLYLINE((#6860,#6861,#6862,#6863,#6864,#6865,#6866,#6867,#6868));
#6860 = IFCCARTESIANPOINT((272.63586522312835,1963.92345058918,0.));
#6861 = IFCCARTESIANPOINT((273.25090467953606,1963.9385250856608,0.));
#6862 = IFCCARTESIANPOINT((273.82976534439024,1963.9837485751025,0.));
#6863 = IFCCARTESIANPOINT((274.37244721769105,1964.0591210575049,0.));
#6864 = IFCCARTESIANPOINT((274.8789502994386,1964.1646425328695,0.));
#6865 = IFCCARTESIANPOINT((275.3492745896326,1964.3003130011944,0.));
#6866 = IFCCARTESIANPOINT((275.7834200882733,1964.466132462481,0.));
#6867 = IFCCARTESIANPOINT((276.1813867953606,1964.6621009167284,0.));
#6868 = IFCCARTESIANPOINT((272.63586522312835,1963.92345058918,0.));
#6869 = IFCPOLYLINE((#6870,#6871));
#6870 = IFCCARTESIANPOINT((276.1813867953606,1964.6621009167284,0.));
#6871 = IFCCARTESIANPOINT((276.1813867953606,1964.6621009167284,0.));
#6872 = IFCPOLYLINE((#6873,#6874,#6875,#6876,#6877,#6878,#6879,#6880,#6881));
#6873 = IFCCARTESIANPOINT((276.1813867953606,1964.6621009167284,0.));
#6874 = IFCCARTESIANPOINT((276.55146568395884,1964.8852034646413,0.));
#6875 = IFCCARTESIANPOINT((276.9019477271323,1965.1324252069226,0.));
#6876 = IFCCARTESIANPOINT((277.232832924881,1965.4037661435727,0.));
#6877 = IFCCARTESIANPOINT((277.54412127720497,1965.6992262745925,0.));
#6878 = IFCCARTESIANPOINT((277.8358127841042,1966.0188055999806,0.));
#6879 = IFCCARTESIANPOINT((278.10790744557863,1966.3625041197379,0.));
#6880 = IFCCARTESIANPOINT((278.36040526162833,1966.7303218338639,0.));
#6881 = IFCCARTESIANPOINT((276.1813867953606,1964.6621009167284,0.));
#6882 = IFCPOLYLINE((#6883,#6884));
#6883 = IFCCARTESIANPOINT((278.36040526162833,1966.7303218338639,0.));
#6884 = IFCCARTESIANPOINT((278.36040526162833,1966.7303218338639,0.));
#6885 = IFCPOLYLINE((#6886,#6887,#6888,#6889,#6890,#6891,#6892,#6893,#6894));
#6886 = IFCCARTESIANPOINT((278.36040526162833,1966.7303218338639,0.));
#6887 = IFCCARTESIANPOINT((278.5556199910519,1967.0755278032696,0.));
#6888 = IFCCARTESIANPOINT((278.78249116308456,1967.541329744519,0.));
#6889 = IFCCARTESIANPOINT((279.04101877772644,1968.1277276576134,0.));
#6890 = IFCCARTESIANPOINT((279.33120283497766,1968.8347215425529,0.));
#6891 = IFCCARTESIANPOINT((279.653043334838,1969.6623113993364,0.));
#6892 = IFCCARTESIANPOINT((280.0065402773076,1970.610497227965,0.));
#6893 = IFCCARTESIANPOINT((280.3916936623864,1971.679279028438,0.));
#6894 = IFCCARTESIANPOINT((278.36040526162833,1966.7303218338639,0.));
#6895 = IFCPOLYLINE((#6896,#6897));
#6896 = IFCCARTESIANPOINT((280.3916936623864,1971.679279028438,0.));
#6897 = IFCCARTESIANPOINT((280.3916936623864,1971.679279028438,0.));
#6898 = IFCPOLYLINE((#6899,#6900,#6901,#6902,#6903,#6904,#6905,#6906,#6907));
#6899 = IFCCARTESIANPOINT((280.3916936623864,1971.679279028438,0.));
#6900 = IFCCARTESIANPOINT((280.4489767490127,1971.848113389021,0.));
#6901 = IFCCARTESIANPOINT((280.51530453352717,1972.0380520446759,0.));
#6902 = IFCCARTESIANPOINT((280.59067701593,1972.2490949954035,0.));
#6903 = IFCCARTESIANPOINT((280.67509419622127,1972.4812422412049,0.));
#6904 = IFCCARTESIANPOINT((280.76855607440086,1972.7344937820785,0.));
#6905 = IFCCARTESIANPOINT((280.87106265046884,1973.0088496180251,0.));
#6906 = IFCCARTESIANPOINT((280.9826139244251,1973.3043097490445,0.));
#6907 = IFCCARTESIANPOINT((280.3916936623864,1971.679279028438,0.));
#6908 = IFCPOLYLINE((#6909,#6910,#6911,#6912,#6913,#6914));
#6909 = IFCCARTESIANPOINT((280.9826139244251,1973.3043097490445,0.));
#6910 = IFCCARTESIANPOINT((266.09880982432514,2012.6005071746185,0.));
#6911 = IFCCARTESIANPOINT((273.2637180015445,2012.6005071746185,0.));
#6912 = IFCCARTESIANPOINT((281.4258041209541,1989.8870096025057,0.));
#6913 = IFCCARTESIANPOINT((281.4258041209541,1989.8870096025057,0.));
#6914 = IFCCARTESIANPOINT((280.9826139244251,1973.3043097490445,0.));
#6915 = IFCPOLYLINE((#6916,#6917,#6918,#6919,#6920,#6921,#6922,#6923,#6924));
#6916 = IFCCARTESIANPOINT((281.4258041209541,1989.8870096025057,0.));
#6917 = IFCCARTESIANPOINT((281.8727629416034,1988.6433636428583,0.));
#6918 = IFCCARTESIANPOINT((282.30615471541995,1987.3816282874334,0.));
#6919 = IFCCARTESIANPOINT((282.7259794424041,1986.1018035362322,0.));
#6920 = IFCCARTESIANPOINT((283.13223712255575,1984.8038893892547,0.));
#6921 = IFCCARTESIANPOINT((283.5249277558748,1983.4878858465,0.));
#6922 = IFCCARTESIANPOINT((283.90405134236136,1982.1537929079686,0.));
#6923 = IFCCARTESIANPOINT((284.2696078820154,1980.8016105736606,0.));
#6924 = IFCCARTESIANPOINT((281.4258041209541,1989.8870096025057,0.));
#6925 = IFCPOLYLINE((#6926,#6927));
#6926 = IFCCARTESIANPOINT((284.2696078820154,1980.8016105736606,0.));
#6927 = IFCCARTESIANPOINT((284.2696078820154,1980.8016105736606,0.));
#6928 = IFCPOLYLINE((#6929,#6930,#6931,#6932,#6933,#6934,#6935,#6936,#6937));
#6929 = IFCCARTESIANPOINT((284.2696078820154,1980.8016105736606,0.));
#6930 = IFCCARTESIANPOINT((284.60576915353244,1982.1055545192312,0.));
#6931 = IFCCARTESIANPOINT((284.96001982082595,1983.4004537669125,0.));
#6932 = IFCCARTESIANPOINT((285.33235988389623,1984.6863083167057,0.));
#6933 = IFCCARTESIANPOINT((285.7227893427433,1985.9631181686111,0.));
#6934 = IFCCARTESIANPOINT((286.13130819736693,1987.2308833226275,0.));
#6935 = IFCCARTESIANPOINT((286.55791644776735,1988.4896037787562,0.));
#6936 = IFCCARTESIANPOINT((287.00261409394443,1989.739279536996,0.));
#6937 = IFCCARTESIANPOINT((284.2696078820154,1980.8016105736606,0.));
#6938 = IFCPOLYLINE((#6939,#6940,#6941,#6942,#6943,#6944));
#6939 = IFCCARTESIANPOINT((287.00261409394443,1989.739279536996,0.));
#6940 = IFCCARTESIANPOINT((295.3862953116186,2012.6005071746185,0.));
#6941 = IFCCARTESIANPOINT((302.03414825955406,2012.6005071746185,0.));
#6942 = IFCCARTESIANPOINT((287.1134116430767,1972.7133894870058,0.));
#6943 = IFCCARTESIANPOINT((287.1134116430767,1972.7133894870058,0.));
#6944 = IFCCARTESIANPOINT((287.00261409394443,1989.739279536996,0.));
#6945 = IFCPOLYLINE((#6946,#6947,#6948,#6949,#6950,#6951,#6952,#6953,#6954));
#6946 = IFCCARTESIANPOINT((287.1134116430767,1972.7133894870058,0.));
#6947 = IFCCARTESIANPOINT((286.4493800731072,1970.9489196739544,0.));
#6948 = IFCCARTESIANPOINT((285.82906454293135,1969.3487618725408,0.));
#6949 = IFCCARTESIANPOINT((285.25246505254916,1967.912916082765,0.));
#6950 = IFCCARTESIANPOINT((284.7195816019607,1966.6413823046287,0.));
#6951 = IFCCARTESIANPOINT((284.2304141911659,1965.53416053813,0.));
#6952 = IFCCARTESIANPOINT((283.7849628201648,1964.5912507832697,0.));
#6953 = IFCCARTESIANPOINT((283.38322748895735,1963.8126530400477,0.));
#6954 = IFCCARTESIANPOINT((287.1134116430767,1972.7133894870058,0.));
#6955 = IFCPOLYLINE((#6956,#6957));
#6956 = IFCCARTESIANPOINT((283.38322748895735,1963.8126530400477,0.));
#6957 = IFCCARTESIANPOINT((283.38322748895735,1963.8126530400477,0.));
#6958 = IFCPOLYLINE((#6959,#6960,#6961,#6962,#6963,#6964,#6965,#6966,#6967));
#6959 = IFCCARTESIANPOINT((283.38322748895735,1963.8126530400477,0.));
#6960 = IFCCARTESIANPOINT((282.8661722596735,1962.9093138384496,0.));
#6961 = IFCCARTESIANPOINT((282.3280127353168,1962.0775784951334,0.));
#6962 = IFCCARTESIANPOINT((281.7687489158873,1961.3174470100998,0.));
#6963 = IFCCARTESIANPOINT((281.18838080138505,1960.6289193833497,0.));
#6964 = IFCCARTESIANPOINT((280.58690839180986,1960.0119956148817,0.));
#6965 = IFCCARTESIANPOINT((279.96433168716203,1959.4666757046969,0.));
#6966 = IFCCARTESIANPOINT((279.32065068744123,1958.9929596527945,0.));
#6967 = IFCCARTESIANPOINT((283.38322748895735,1963.8126530400477,0.));
#6968 = IFCPOLYLINE((#6969,#6970));
#6969 = IFCCARTESIANPOINT((279.32065068744123,1958.9929596527945,0.));
#6970 = IFCCARTESIANPOINT((279.32065068744123,1958.9929596527945,0.));
#6971 = IFCPOLYLINE((#6972,#6973,#6974,#6975,#6976,#6977,#6978,#6979,#6980));
#6972 = IFCCARTESIANPOINT((279.32065068744123,1958.9929596527945,0.));
#6973 = IFCCARTESIANPOINT((278.6483281444075,1958.5863251102314,0.));
#6974 = IFCCARTESIANPOINT((277.93982680982015,1958.2422497280618,0.));
#6975 = IFCCARTESIANPOINT((277.1951466836795,1957.960733506287,0.));
#6976 = IFCCARTESIANPOINT((276.4142877659856,1957.7417764449067,0.));
#6977 = IFCCARTESIANPOINT((275.5972500567382,1957.5853785439203,0.));
#6978 = IFCCARTESIANPOINT((274.7440335559374,1957.491539803329,0.));
#6979 = IFCCARTESIANPOINT((273.8546382635832,1957.4602602231316,0.));
#6980 = IFCCARTESIANPOINT((279.32065068744123,1958.9929596527945,0.));
#6981 = IFCPOLYLINE((#6982,#6983));
#6982 = IFCCARTESIANPOINT((273.8546382635832,1957.4602602231316,0.));
#6983 = IFCCARTESIANPOINT((273.8546382635832,1957.4602602231316,0.));
#6984 = IFCPOLYLINE((#6985,#6986,#6987,#6988,#6989,#6990,#6991,#6992,#6993));
#6985 = IFCCARTESIANPOINT((273.8546382635832,1957.4602602231316,0.));
#6986 = IFCCARTESIANPOINT((273.2968818938018,1957.476842169261,0.));
#6987 = IFCCARTESIANPOINT((272.7210361282436,1957.526588007646,0.));
#6988 = IFCCARTESIANPOINT((272.12710096690876,1957.609497738289,0.));
#6989 = IFCCARTESIANPOINT((271.5150764097973,1957.7255713611898,0.));
#6990 = IFCCARTESIANPOINT((270.8849624569091,1957.8748088763477,0.));
#6991 = IFCCARTESIANPOINT((270.2367591082442,1958.0572102837627,0.));
#6992 = IFCCARTESIANPOINT((269.57046636380255,1958.2727755834348,0.));
#6993 = IFCCARTESIANPOINT((273.8546382635832,1957.4602602231316,0.));
#6994 = IFCPOLYLINE((#6995,#6996,#6997,#6998,#6999,#7000));
#6995 = IFCCARTESIANPOINT((307.61095823254436,1973.3781747817993,0.));
#6996 = IFCCARTESIANPOINT((307.61095823254436,2012.6005071746185,0.));
#6997 = IFCCARTESIANPOINT((313.5940258856863,2012.6005071746185,0.));
#6998 = IFCCARTESIANPOINT((313.5940258856863,2006.654372037854,0.));
#6999 = IFCCARTESIANPOINT((313.5940258856863,2006.654372037854,0.));
#7000 = IFCCARTESIANPOINT((307.61095823254436,1973.3781747817993,0.));
#7001 = IFCPOLYLINE((#7002,#7003,#7004,#7005,#7006,#7007,#7008,#7009,#7010));
#7002 = IFCCARTESIANPOINT((313.5940258856863,2006.654372037854,0.));
#7003 = IFCCARTESIANPOINT((314.2410986471152,2007.7887278980181,0.));
#7004 = IFCCARTESIANPOINT((314.8738506368874,2008.8070101352807,0.));
#7005 = IFCCARTESIANPOINT((315.49228185500317,2009.7092187496432,0.));
#7006 = IFCCARTESIANPOINT((316.09639230146246,2010.4953537411056,0.));
#7007 = IFCCARTESIANPOINT((316.6861819762651,2011.1654151096673,0.));
#7008 = IFCCARTESIANPOINT((317.26165087941126,2011.7194028553286,0.));
#7009 = IFCCARTESIANPOINT((317.8227990109008,2012.1573169780895,0.));
#7010 = IFCCARTESIANPOINT((313.5940258856863,2006.654372037854,0.));
#7011 = IFCPOLYLINE((#7012,#7013));
#7012 = IFCCARTESIANPOINT((317.8227990109008,2012.1573169780895,0.));
#7013 = IFCCARTESIANPOINT((317.8227990109008,2012.1573169780895,0.));
#7014 = IFCPOLYLINE((#7015,#7016,#7017,#7018,#7019,#7020,#7021,#7022,#7023));
#7015 = IFCCARTESIANPOINT((317.8227990109008,2012.1573169780895,0.));
#7016 = IFCCARTESIANPOINT((318.38470086721446,2012.5100601957356,0.));
#7017 = IFCCARTESIANPOINT((318.9624309448326,2012.8085352260505,0.));
#7018 = IFCCARTESIANPOINT((319.55598924375533,2013.0527420690355,0.));
#7019 = IFCCARTESIANPOINT((320.16537576398287,2013.2426807246916,0.));
#7020 = IFCCARTESIANPOINT((320.79059050551484,2013.3783511930164,0.));
#7021 = IFCCARTESIANPOINT((321.4316334683515,2013.4597534740114,0.));
#7022 = IFCCARTESIANPOINT((322.0885046524927,2013.4868875676766,0.));
#7023 = IFCCARTESIANPOINT((317.8227990109008,2012.1573169780895,0.));
#7024 = IFCPOLYLINE((#7025,#7026));
#7025 = IFCCARTESIANPOINT((322.0885046524927,2013.4868875676766,0.));
#7026 = IFCCARTESIANPOINT((322.0885046524927,2013.4868875676766,0.));
#7027 = IFCPOLYLINE((#7028,#7029,#7030,#7031,#7032,#7033,#7034,#7035,#7036));
#7028 = IFCCARTESIANPOINT((322.0885046524927,2013.4868875676766,0.));
#7029 = IFCCARTESIANPOINT((323.05101125277776,2013.4431715278834,0.));
#7030 = IFCCARTESIANPOINT((324.0180402020069,2013.3120234085018,0.));
#7031 = IFCCARTESIANPOINT((324.98959150018015,2013.0934432095332,0.));
#7032 = IFCCARTESIANPOINT((325.9656651472977,2012.7874309309777,0.));
#7033 = IFCCARTESIANPOINT((326.9462611433594,2012.3939865728346,0.));
#7034 = IFCCARTESIANPOINT((327.9313794883652,2011.9131101351043,0.));
#7035 = IFCCARTESIANPOINT((328.92102018231526,2011.3448016177863,0.));
#7036 = IFCCARTESIANPOINT((322.0885046524927,2013.4868875676766,0.));
#7037 = IFCPOLYLINE((#7038,#7039,#7040,#7041));
#7038 = IFCCARTESIANPOINT((328.92102018231526,2011.3448016177863,0.));
#7039 = IFCCARTESIANPOINT((326.63120416691527,2005.1770713827573,0.));
#7040 = IFCCARTESIANPOINT((326.63120416691527,2005.1770713827573,0.));
#7041 = IFCCARTESIANPOINT((328.92102018231526,2011.3448016177863,0.));
#7042 = IFCPOLYLINE((#7043,#7044,#7045,#7046,#7047,#7048,#7049,#7050,#7051));
#7043 = IFCCARTESIANPOINT((326.63120416691527,2005.1770713827573,0.));
#7044 = IFCCARTESIANPOINT((325.9347624295126,2005.5592098685406,0.));
#7045 = IFCCARTESIANPOINT((325.23832069210977,2005.8825578180483,0.));
#7046 = IFCCARTESIANPOINT((324.54187895470693,2006.1471152312822,0.));
#7047 = IFCCARTESIANPOINT((323.8454372173042,2006.3528821082427,0.));
#7048 = IFCCARTESIANPOINT((323.1489954799015,2006.499858448928,0.));
#7049 = IFCCARTESIANPOINT((322.4525537424987,2006.5880442533396,0.));
#7050 = IFCCARTESIANPOINT((321.75611200509593,2006.6174395214766,0.));
#7051 = IFCCARTESIANPOINT((326.63120416691527,2005.1770713827573,0.));
#7052 = IFCPOLYLINE((#7053,#7054));
#7053 = IFCCARTESIANPOINT((321.75611200509593,2006.6174395214766,0.));
#7054 = IFCCARTESIANPOINT((321.75611200509593,2006.6174395214766,0.));
#7055 = IFCPOLYLINE((#7056,#7057,#7058,#7059,#7060,#7061,#7062,#7063,#7064));
#7056 = IFCCARTESIANPOINT((321.75611200509593,2006.6174395214766,0.));
#7057 = IFCCARTESIANPOINT((321.14257999833643,2006.590682290224,0.));
#7058 = IFCCARTESIANPOINT((320.5471373873535,2006.5104105964645,0.));
#7059 = IFCCARTESIANPOINT((319.9697841721473,2006.3766244401993,0.));
#7060 = IFCCARTESIANPOINT((319.41052035271787,2006.1893238214284,0.));
#7061 = IFCCARTESIANPOINT((318.869345929065,2005.9485087401508,0.));
#7062 = IFCCARTESIANPOINT((318.34626090118894,2005.6541791963677,0.));
#7063 = IFCCARTESIANPOINT((317.8412652690895,2005.3063351900782,0.));
#7064 = IFCCARTESIANPOINT((321.75611200509593,2006.6174395214766,0.));
#7065 = IFCPOLYLINE((#7066,#7067));
#7066 = IFCCARTESIANPOINT((317.8412652690895,2005.3063351900782,0.));
#7067 = IFCCARTESIANPOINT((317.8412652690895,2005.3063351900782,0.));
#7068 = IFCPOLYLINE((#7069,#7070,#7071,#7072,#7073,#7074,#7075,#7076,#7077));
#7069 = IFCCARTESIANPOINT((317.8412652690895,2005.3063351900782,0.));
#7070 = IFCCARTESIANPOINT((317.3656649051273,2004.9110065198756,0.));
#7071 = IFCCARTESIANPOINT((316.93076568166254,2004.4742229843503,0.));
#7072 = IFCCARTESIANPOINT((316.5365675986953,2003.9959845835035,0.));
#7073 = IFCCARTESIANPOINT((316.18307065622577,2003.476291317336,0.));
#7074 = IFCCARTESIANPOINT((315.87027485425375,2002.9151431858463,0.));
#7075 = IFCCARTESIANPOINT((315.5981801927793,2002.3125401890352,0.));
#7076 = IFCCARTESIANPOINT((315.3667866718024,2001.6684823269024,0.));
#7077 = IFCCARTESIANPOINT((317.8412652690895,2005.3063351900782,0.));
#7078 = IFCPOLYLINE((#7079,#7080));
#7079 = IFCCARTESIANPOINT((315.3667866718024,2001.6684823269024,0.));
#7080 = IFCCARTESIANPOINT((315.3667866718024,2001.6684823269024,0.));
#7081 = IFCPOLYLINE((#7082,#7083,#7084,#7085,#7086,#7087,#7088,#7089,#7090));
#7082 = IFCCARTESIANPOINT((315.3667866718024,2001.6684823269024,0.));
#7083 = IFCCARTESIANPOINT((315.07283399043115,2000.6419091165753,0.));
#7084 = IFCCARTESIANPOINT((314.8241047985016,1999.5882018125824,0.));
#7085 = IFCCARTESIANPOINT((314.6205990960137,1998.5073604149247,0.));
#7086 = IFCCARTESIANPOINT((314.4623168829677,1997.3993849236026,0.));
#7087 = IFCCARTESIANPOINT((314.34925815936333,1996.2642753386149,0.));
#7088 = IFCCARTESIANPOINT((314.2814229252007,1995.102031659962,0.));
#7089 = IFCCARTESIANPOINT((314.2588111804798,1993.9126538876444,0.));
#7090 = IFCCARTESIANPOINT((315.3667866718024,2001.6684823269024,0.));
#7091 = IFCPOLYLINE((#7092,#7093,#7094,#7095));
#7092 = IFCCARTESIANPOINT((314.2588111804798,1993.9126538876444,0.));
#7093 = IFCCARTESIANPOINT((314.2588111804798,1973.3781747817993,0.));
#7094 = IFCCARTESIANPOINT((307.61095823254436,1973.3781747817993,0.));
#7095 = IFCCARTESIANPOINT((314.2588111804798,1993.9126538876444,0.));
#7096 = IFCPOLYLINE((#7097,#7098,#7099,#7100,#7101));
#7097 = IFCCARTESIANPOINT((332.90973195107654,2019.8762129009701,0.));
#7098 = IFCCARTESIANPOINT((332.90973195107654,2027.521243791096,0.));
#7099 = IFCCARTESIANPOINT((339.557584899012,2027.521243791096,0.));
#7100 = IFCCARTESIANPOINT((339.557584899012,2019.8762129009701,0.));
#7101 = IFCCARTESIANPOINT((332.90973195107654,2019.8762129009701,0.));
#7102 = IFCPOLYLINE((#7103,#7104,#7105,#7106,#7107));
#7103 = IFCCARTESIANPOINT((332.90973195107654,2012.6005071746185,0.));
#7104 = IFCCARTESIANPOINT((339.557584899012,2012.6005071746185,0.));
#7105 = IFCCARTESIANPOINT((339.557584899012,1973.3781747817993,0.));
#7106 = IFCCARTESIANPOINT((332.90973195107654,1973.3781747817993,0.));
#7107 = IFCCARTESIANPOINT((332.90973195107654,2012.6005071746185,0.));
#7108 = IFCPOLYLINE((#7109,#7110,#7111,#7112));
#7109 = IFCCARTESIANPOINT((348.45832134597003,1970.1281133405864,0.));
#7110 = IFCCARTESIANPOINT((354.9215117120184,1969.1678679147735,0.));
#7111 = IFCCARTESIANPOINT((354.9215117120184,1969.1678679147735,0.));
#7112 = IFCCARTESIANPOINT((348.45832134597003,1970.1281133405864,0.));
#7113 = IFCPOLYLINE((#7114,#7115,#7116,#7117,#7118,#7119,#7120,#7121,#7122));
#7114 = IFCCARTESIANPOINT((354.9215117120184,1969.1678679147735,0.));
#7115 = IFCCARTESIANPOINT((355.06698060305615,1968.3463078565826,0.));
#7116 = IFCCARTESIANPOINT((355.27124003036784,1967.591075582905,0.));
#7117 = IFCCARTESIANPOINT((355.53428999395396,1966.9021710937425,0.));
#7118 = IFCCARTESIANPOINT((355.8561304938143,1966.2795943890947,0.));
#7119 = IFCCARTESIANPOINT((356.2367615299489,1965.7233454689613,0.));
#7120 = IFCCARTESIANPOINT((356.67618310235787,1965.2334243333426,0.));
#7121 = IFCCARTESIANPOINT((357.174395211041,1964.809830982238,0.));
#7122 = IFCCARTESIANPOINT((354.9215117120184,1969.1678679147735,0.));
#7123 = IFCPOLYLINE((#7124,#7125));
#7124 = IFCCARTESIANPOINT((357.174395211041,1964.809830982238,0.));
#7125 = IFCCARTESIANPOINT((357.174395211041,1964.809830982238,0.));
#7126 = IFCPOLYLINE((#7127,#7128,#7129,#7130,#7131,#7132,#7133,#7134,#7135));
#7127 = IFCCARTESIANPOINT((357.174395211041,1964.809830982238,0.));
#7128 = IFCCARTESIANPOINT((357.9183216123576,1964.3199098466198,0.));
#7129 = IFCCARTESIANPOINT((358.73611304642907,1963.9053611934032,0.));
#7130 = IFCCARTESIANPOINT((359.6277695132552,1963.56618502259,0.));
#7131 = IFCCARTESIANPOINT((360.5932910128364,1963.3023813341802,0.));
#7132 = IFCCARTESIANPOINT((361.6326775451723,1963.113950128173,0.));
#7133 = IFCCARTESIANPOINT((362.7459291102631,1963.0008914045684,0.));
#7134 = IFCCARTESIANPOINT((363.9330457081087,1962.963205163367,0.));
#7135 = IFCCARTESIANPOINT((357.174395211041,1964.809830982238,0.));
#7136 = IFCPOLYLINE((#7137,#7138));
#7137 = IFCCARTESIANPOINT((363.9330457081087,1962.963205163367,0.));
#7138 = IFCCARTESIANPOINT((363.9330457081087,1962.963205163367,0.));
#7139 = IFCPOLYLINE((#7140,#7141,#7142,#7143,#7144,#7145,#7146,#7147,#7148));
#7140 = IFCCARTESIANPOINT((363.9330457081087,1962.963205163367,0.));
#7141 = IFCCARTESIANPOINT((365.20910183518987,1963.0008914045688,0.));
#7142 = IFCCARTESIANPOINT((366.3992333323315,1963.1139501281727,0.));
#7143 = IFCCARTESIANPOINT((367.5034401995339,1963.30238133418,0.));
#7144 = IFCCARTESIANPOINT((368.52172243679706,1963.5661850225904,0.));
#7145 = IFCCARTESIANPOINT((369.4540800441208,1963.9053611934035,0.));
#7146 = IFCCARTESIANPOINT((370.3005130215054,1964.3199098466193,0.));
#7147 = IFCCARTESIANPOINT((371.0610213689506,1964.809830982238,0.));
#7148 = IFCCARTESIANPOINT((363.9330457081087,1962.963205163367,0.));
#7149 = IFCPOLYLINE((#7150,#7151));
#7150 = IFCCARTESIANPOINT((371.0610213689506,1964.809830982238,0.));
#7151 = IFCCARTESIANPOINT((371.0610213689506,1964.809830982238,0.));
#7152 = IFCPOLYLINE((#7153,#7154,#7155,#7156,#7157,#7158,#7159,#7160,#7161));
#7153 = IFCCARTESIANPOINT((371.0610213689506,1964.809830982238,0.));
#7154 = IFCCARTESIANPOINT((371.745403509169,1965.3675873520199,0.));
#7155 = IFCCARTESIANPOINT((372.36345786487266,1965.9856417077235,0.));
#7156 = IFCCARTESIANPOINT((372.91518443606185,1966.6639940493492,0.));
#7157 = IFCCARTESIANPOINT((373.40058322273654,1967.4026443768978,0.));
#7158 = IFCCARTESIANPOINT((373.8196542248966,1968.2015926903687,0.));
#7159 = IFCCARTESIANPOINT((374.1723974425422,1969.0608389897616,0.));
#7160 = IFCCARTESIANPOINT((374.4588128756732,1969.9803832750767,0.));
#7161 = IFCCARTESIANPOINT((371.0610213689506,1964.809830982238,0.));
#7162 = IFCPOLYLINE((#7163,#7164));
#7163 = IFCCARTESIANPOINT((374.4588128756732,1969.9803832750767,0.));
#7164 = IFCCARTESIANPOINT((374.4588128756732,1969.9803832750767,0.));
#7165 = IFCPOLYLINE((#7166,#7167,#7168,#7169,#7170,#7171,#7172,#7173,#7174));
#7166 = IFCCARTESIANPOINT((374.4588128756732,1969.9803832750767,0.));
#7167 = IFCCARTESIANPOINT((374.5952370688225,1970.6519520932873,0.));
#7168 = IFCCARTESIANPOINT((374.7090495172508,1971.5059223189114,0.));
#7169 = IFCCARTESIANPOINT((374.8002502209582,1972.542293951951,0.));
#7170 = IFCCARTESIANPOINT((374.868839179945,1973.761066992406,0.));
#7171 = IFCCARTESIANPOINT((374.9148163942107,1975.162241440276,0.));
#7172 = IFCCARTESIANPOINT((374.93818186375563,1976.745817295561,0.));
#7173 = IFCCARTESIANPOINT((374.9389355885796,1978.5117945582606,0.));
#7174 = IFCCARTESIANPOINT((374.4588128756732,1969.9803832750767,0.));
#7175 = IFCPOLYLINE((#7176,#7177));
#7176 = IFCCARTESIANPOINT((374.9389355885796,1978.5117945582606,0.));
#7177 = IFCCARTESIANPOINT((374.9389355885796,1978.5117945582606,0.));
#7178 = IFCPOLYLINE((#7179,#7180,#7181,#7182,#7183,#7184,#7185,#7186,#7187));
#7179 = IFCCARTESIANPOINT((374.9389355885796,1978.5117945582606,0.));
#7180 = IFCCARTESIANPOINT((373.65006613949015,1977.1498138012407,0.));
#7181 = IFCCARTESIANPOINT((372.27376461081315,1975.9973685452999,0.));
#7182 = IFCCARTESIANPOINT((370.8100310025489,1975.0544587904394,0.));
#7183 = IFCCARTESIANPOINT((369.25886531469735,1974.3210845366598,0.));
#7184 = IFCCARTESIANPOINT((367.62026754725844,1973.7972457839594,0.));
#7185 = IFCCARTESIANPOINT((365.8942377002321,1973.4829425323394,0.));
#7186 = IFCCARTESIANPOINT((364.08077577361837,1973.3781747817993,0.));
#7187 = IFCCARTESIANPOINT((374.9389355885796,1978.5117945582606,0.));
#7188 = IFCPOLYLINE((#7189,#7190));
#7189 = IFCCARTESIANPOINT((364.08077577361837,1973.3781747817993,0.));
#7190 = IFCCARTESIANPOINT((364.08077577361837,1973.3781747817993,0.));
#7191 = IFCPOLYLINE((#7192,#7193,#7194,#7195,#7196,#7197,#7198,#7199,#7200));
#7192 = IFCCARTESIANPOINT((364.08077577361837,1973.3781747817993,0.));
#7193 = IFCCARTESIANPOINT((361.8444742207246,1973.4972633039963,0.));
#7194 = IFCCARTESIANPOINT((359.7574101829882,1973.8545288705857,0.));
#7195 = IFCCARTESIANPOINT((357.8195836604097,1974.4499714815684,0.));
#7196 = IFCCARTESIANPOINT((356.0309946529891,1975.2835911369446,0.));
#7197 = IFCCARTESIANPOINT((354.39164316072606,1976.3553878367138,0.));
#7198 = IFCCARTESIANPOINT((352.9015291836208,1977.665361580876,0.));
#7199 = IFCCARTESIANPOINT((351.56065272167325,1979.2135123694316,0.));
#7200 = IFCCARTESIANPOINT((364.08077577361837,1973.3781747817993,0.));
#7201 = IFCPOLYLINE((#7202,#7203));
#7202 = IFCCARTESIANPOINT((351.56065272167325,1979.2135123694316,0.));
#7203 = IFCCARTESIANPOINT((351.56065272167325,1979.2135123694316,0.));
#7204 = IFCPOLYLINE((#7205,#7206,#7207,#7208,#7209,#7210,#7211,#7212,#7213));
#7205 = IFCCARTESIANPOINT((351.56065272167325,1979.2135123694316,0.));
#7206 = IFCCARTESIANPOINT((350.38484199618813,1980.9282363440977,0.));
#7207 = IFCCARTESIANPOINT((349.38992522846985,1982.737929646591,0.));
#7208 = IFCCARTESIANPOINT((348.5759024185185,1984.642592276912,0.));
#7209 = IFCCARTESIANPOINT((347.94277356633427,1986.6422242350613,0.));
#7210 = IFCCARTESIANPOINT((347.49053867191685,1988.7368255210376,0.));
#7211 = IFCCARTESIANPOINT((347.21919773526645,1990.926396134842,0.));
#7212 = IFCCARTESIANPOINT((347.12875075638294,1993.2109360764734,0.));
#7213 = IFCCARTESIANPOINT((351.56065272167325,1979.2135123694316,0.));
#7214 = IFCPOLYLINE((#7215,#7216));
#7215 = IFCCARTESIANPOINT((347.12875075638294,1993.2109360764734,0.));
#7216 = IFCCARTESIANPOINT((347.12875075638294,1993.2109360764734,0.));
#7217 = IFCPOLYLINE((#7218,#7219,#7220,#7221,#7222,#7223,#7224,#7225,#7226));
#7218 = IFCCARTESIANPOINT((347.12875075638294,1993.2109360764734,0.));
#7219 = IFCCARTESIANPOINT((347.1702056217046,1994.7971499686428,0.));
#7220 = IFCCARTESIANPOINT((347.29457021766933,1996.3479387940818,0.));
#7221 = IFCCARTESIANPOINT((347.5018445442772,1997.863302552792,0.));
#7222 = IFCCARTESIANPOINT((347.79202860152844,1999.3432412447733,0.));
#7223 = IFCCARTESIANPOINT((348.1651223894228,2000.7877548700249,0.));
#7224 = IFCCARTESIANPOINT((348.62112590796033,2002.1968434285468,0.));
#7225 = IFCCARTESIANPOINT((349.160039157141,2003.5705069203395,0.));
#7226 = IFCCARTESIANPOINT((347.12875075638294,1993.2109360764734,0.));
#7227 = IFCPOLYLINE((#7228,#7229));
#7228 = IFCCARTESIANPOINT((349.160039157141,2003.5705069203395,0.));
#7229 = IFCCARTESIANPOINT((349.160039157141,2003.5705069203395,0.));
#7230 = IFCPOLYLINE((#7231,#7232,#7233,#7234,#7235,#7236,#7237,#7238,#7239));
#7231 = IFCCARTESIANPOINT((349.160039157141,2003.5705069203395,0.));
#7232 = IFCCARTESIANPOINT((349.77771665043286,2004.8823649765623,0.));
#7233 = IFCCARTESIANPOINT((350.47001290130333,2006.106037228373,0.));
#7234 = IFCCARTESIANPOINT((351.2369279097528,2007.2415236757724,0.));
#7235 = IFCCARTESIANPOINT((352.0784616757812,2008.2888243187613,0.));
#7236 = IFCCARTESIANPOINT((352.99461419938837,2009.247939157338,0.));
#7237 = IFCCARTESIANPOINT((353.98538548057445,2010.1188681915032,0.));
#7238 = IFCCARTESIANPOINT((355.05077551933937,2010.9016114212573,0.));
#7239 = IFCCARTESIANPOINT((349.160039157141,2003.5705069203395,0.));
#7240 = IFCPOLYLINE((#7241,#7242));
#7241 = IFCCARTESIANPOINT((355.05077551933937,2010.9016114212573,0.));
#7242 = IFCCARTESIANPOINT((355.05077551933937,2010.9016114212573,0.));
#7243 = IFCPOLYLINE((#7244,#7245,#7246,#7247,#7248,#7249,#7250,#7251,#7252));
#7244 = IFCCARTESIANPOINT((355.05077551933937,2010.9016114212573,0.));
#7245 = IFCCARTESIANPOINT((356.18098589297085,2011.587501011124,0.));
#7246 = IFCCARTESIANPOINT((357.3662181787563,2012.167869125626,0.));
#7247 = IFCCARTESIANPOINT((358.60647237669593,2012.642715764764,0.));
#7248 = IFCCARTESIANPOINT((359.9017484867898,2013.0120409285387,0.));
#7249 = IFCCARTESIANPOINT((361.25204650903765,2013.2758446169487,0.));
#7250 = IFCCARTESIANPOINT((362.6573664434397,2013.4341268299945,0.));
#7251 = IFCCARTESIANPOINT((364.1177082899958,2013.4868875676766,0.));
#7252 = IFCCARTESIANPOINT((355.05077551933937,2010.9016114212573,0.));
#7253 = IFCPOLYLINE((#7254,#7255));
#7254 = IFCCARTESIANPOINT((364.1177082899958,2013.4868875676766,0.));
#7255 = IFCCARTESIANPOINT((364.1177082899958,2013.4868875676766,0.));
#7256 = IFCPOLYLINE((#7257,#7258,#7259,#7260,#7261,#7262,#7263,#7264,#7265));
#7257 = IFCCARTESIANPOINT((364.1177082899958,2013.4868875676766,0.));
#7258 = IFCCARTESIANPOINT((366.05176618845417,2013.3723213944247,0.));
#7259 = IFCCARTESIANPOINT((367.88633241014065,2013.028622874667,0.));
#7260 = IFCCARTESIANPOINT((369.62140695505525,2012.4557920084046,0.));
#7261 = IFCCARTESIANPOINT((371.2569898231982,2011.6538287956382,0.));
#7262 = IFCCARTESIANPOINT((372.7930810145692,2010.6227332363667,0.));
#7263 = IFCCARTESIANPOINT((374.2296805291684,2009.3625053305902,0.));
#7264 = IFCCARTESIANPOINT((375.56678836699575,2007.8731450783089,0.));
#7265 = IFCCARTESIANPOINT((364.1177082899958,2013.4868875676766,0.));
#7266 = IFCPOLYLINE((#7267,#7268,#7269,#7270,#7271,#7272));
#7267 = IFCCARTESIANPOINT((375.56678836699575,2007.8731450783089,0.));
#7268 = IFCCARTESIANPOINT((375.56678836699575,2012.6005071746185,0.));
#7269 = IFCCARTESIANPOINT((381.69758608564734,2012.6005071746185,0.));
#7270 = IFCCARTESIANPOINT((381.69758608564734,1978.6964571401477,0.));
#7271 = IFCCARTESIANPOINT((381.69758608564734,1978.6964571401477,0.));
#7272 = IFCCARTESIANPOINT((375.56678836699575,2007.8731450783089,0.));
#7273 = IFCPOLYLINE((#7274,#7275,#7276,#7277,#7278,#7279,#7280,#7281,#7282));
#7274 = IFCCARTESIANPOINT((381.69758608564734,1978.6964571401477,0.));
#7275 = IFCCARTESIANPOINT((381.65952298203393,1976.1884377881918,0.));
#7276 = IFCCARTESIANPOINT((381.5453336711935,1973.8982449103792,0.));
#7277 = IFCCARTESIANPOINT((381.3550181531261,1971.8258785067114,0.));
#7278 = IFCCARTESIANPOINT((381.088576427832,1969.9713385771884,0.));
#7279 = IFCCARTESIANPOINT((380.7460084953108,1968.3346251218095,0.));
#7280 = IFCCARTESIANPOINT((380.3273143555627,1966.915738140575,0.));
#7281 = IFCCARTESIANPOINT((379.8324940085877,1965.7146776334848,0.));
#7282 = IFCCARTESIANPOINT((381.69758608564734,1978.6964571401477,0.));
#7283 = IFCPOLYLINE((#7284,#7285));
#7284 = IFCCARTESIANPOINT((379.8324940085877,1965.7146776334848,0.));
#7285 = IFCCARTESIANPOINT((379.8324940085877,1965.7146776334848,0.));
#7286 = IFCPOLYLINE((#7287,#7288,#7289,#7290,#7291,#7292,#7293,#7294,#7295));
#7287 = IFCCARTESIANPOINT((379.8324940085877,1965.7146776334848,0.));
#7288 = IFCCARTESIANPOINT((379.25514079338154,1964.6553173933125,0.));
#7289 = IFCCARTESIANPOINT((378.58884804893984,1963.66153121283,0.));
#7290 = IFCCARTESIANPOINT((377.83361577526284,1962.7333190920378,0.));
#7291 = IFCCARTESIANPOINT((376.98944397235044,1961.8706810309375,0.));
#7292 = IFCCARTESIANPOINT((376.0563326402026,1961.0736170295268,0.));
#7293 = IFCCARTESIANPOINT((375.0342817788193,1960.3421270878066,0.));
#7294 = IFCCARTESIANPOINT((373.9232913882006,1959.6762112057768,0.));
#7295 = IFCCARTESIANPOINT((379.8324940085877,1965.7146776334848,0.));
#7296 = IFCPOLYLINE((#7297,#7298));
#7297 = IFCCARTESIANPOINT((373.9232913882006,1959.6762112057768,0.));
#7298 = IFCCARTESIANPOINT((373.9232913882006,1959.6762112057768,0.));
#7299 = IFCPOLYLINE((#7300,#7301,#7302,#7303,#7304,#7305,#7306,#7307,#7308));
#7300 = IFCCARTESIANPOINT((373.9232913882006,1959.6762112057768,0.));
#7301 = IFCCARTESIANPOINT((372.7297681293508,1959.0883058430347,0.));
#7302 = IFCCARTESIANPOINT((371.46011866327393,1958.5908474591754,0.));
#7303 = IFCCARTESIANPOINT((370.11434298997017,1958.1838360541992,0.));
#7304 = IFCCARTESIANPOINT((368.6924411094396,1957.8672716281073,0.));
#7305 = IFCCARTESIANPOINT((367.19441302168207,1957.6411541808984,0.));
#7306 = IFCCARTESIANPOINT((365.62025872669756,1957.5054837125736,0.));
#7307 = IFCCARTESIANPOINT((363.9699782244861,1957.4602602231316,0.));
#7308 = IFCCARTESIANPOINT((373.9232913882006,1959.6762112057768,0.));
#7309 = IFCPOLYLINE((#7310,#7311));
#7310 = IFCCARTESIANPOINT((363.9699782244861,1957.4602602231316,0.));
#7311 = IFCCARTESIANPOINT((363.9699782244861,1957.4602602231316,0.));
#7312 = IFCPOLYLINE((#7313,#7314,#7315,#7316,#7317,#7318,#7319,#7320,#7321));
#7313 = IFCCARTESIANPOINT((363.9699782244861,1957.4602602231316,0.));
#7314 = IFCCARTESIANPOINT((362.02009210472323,1957.5247036955868,0.));
#7315 = IFCCARTESIANPOINT((360.1802498092685,1957.7180341129497,0.));
#7316 = IFCCARTESIANPOINT((358.450451338122,1958.0402514752218,0.));
#7317 = IFCCARTESIANPOINT((356.83069669128383,1958.4913557824034,0.));
#7318 = IFCCARTESIANPOINT((355.3209858687537,1959.0713470344936,0.));
#7319 = IFCCARTESIANPOINT((353.921318870532,1959.7802252314928,0.));
#7320 = IFCCARTESIANPOINT((352.6316956966184,1960.617990373401,0.));
#7321 = IFCCARTESIANPOINT((363.9699782244861,1957.4602602231316,0.));
#7322 = IFCPOLYLINE((#7323,#7324));
#7323 = IFCCARTESIANPOINT((352.6316956966184,1960.617990373401,0.));
#7324 = IFCCARTESIANPOINT((352.6316956966184,1960.617990373401,0.));
#7325 = IFCPOLYLINE((#7326,#7327,#7328,#7329,#7330,#7331,#7332,#7333,#7334));
#7326 = IFCCARTESIANPOINT((352.6316956966184,1960.617990373401,0.));
#7327 = IFCCARTESIANPOINT((351.4882951385665,1961.5853961850426,0.));
#7328 = IFCCARTESIANPOINT((350.5272959879296,1962.6831963912405,0.));
#7329 = IFCCARTESIANPOINT((349.74869824470755,1963.9113909919952,0.));
#7330 = IFCCARTESIANPOINT((349.1525019089007,1965.2699799873078,0.));
#7331 = IFCCARTESIANPOINT((348.7387069805088,1966.7589633771772,0.));
#7332 = IFCCARTESIANPOINT((348.50731345953193,1968.3783411616034,0.));
#7333 = IFCCARTESIANPOINT((348.45832134597003,1970.1281133405864,0.));
#7334 = IFCCARTESIANPOINT((352.6316956966184,1960.617990373401,0.));
#7335 = IFCPOLYLINE((#7336,#7337,#7338,#7339,#7340,#7341,#7342,#7343,#7344));
#7336 = IFCCARTESIANPOINT((353.9612662862055,1993.69105878938,0.));
#7337 = IFCCARTESIANPOINT((354.0238254466,1991.570830859387,0.));
#7338 = IFCCARTESIANPOINT((354.2115029277831,1989.6209447396234,0.));
#7339 = IFCCARTESIANPOINT((354.5242987297551,1987.841400430091,0.));
#7340 = IFCCARTESIANPOINT((354.96221285251596,1986.2321979307897,0.));
#7341 = IFCCARTESIANPOINT((355.5252452960656,1984.793337241718,0.));
#7342 = IFCCARTESIANPOINT((356.2133960604041,1983.5248183628773,0.));
#7343 = IFCCARTESIANPOINT((357.0266651455313,1982.426641294267,0.));
#7344 = IFCCARTESIANPOINT((353.9612662862055,1993.69105878938,0.));
#7345 = IFCPOLYLINE((#7346,#7347));
#7346 = IFCCARTESIANPOINT((357.0266651455313,1982.426641294267,0.));
#7347 = IFCCARTESIANPOINT((357.0266651455313,1982.426641294267,0.));
#7348 = IFCPOLYLINE((#7349,#7350,#7351,#7352,#7353,#7354,#7355,#7356,#7357));
#7349 = IFCCARTESIANPOINT((357.0266651455313,1982.426641294267,0.));
#7350 = IFCCARTESIANPOINT((357.9341498336623,1981.485992713879,0.));
#7351 = IFCCARTESIANPOINT((358.90494740701143,1980.6900592997042,0.));
#7352 = IFCCARTESIANPOINT((359.9390578655792,1980.038841051743,0.));
#7353 = IFCCARTESIANPOINT((361.0364812093654,1979.5323379699958,0.));
#7354 = IFCCARTESIANPOINT((362.19721743837,1979.1705500544617,0.));
#7355 = IFCCARTESIANPOINT((363.42126655259307,1978.9534773051416,0.));
#7356 = IFCCARTESIANPOINT((364.7086285520345,1978.8811197220348,0.));
#7357 = IFCCARTESIANPOINT((357.0266651455313,1982.426641294267,0.));
#7358 = IFCPOLYLINE((#7359,#7360));
#7359 = IFCCARTESIANPOINT((364.7086285520345,1978.8811197220348,0.));
#7360 = IFCCARTESIANPOINT((364.7086285520345,1978.8811197220348,0.));
#7361 = IFCPOLYLINE((#7362,#7363,#7364,#7365,#7366,#7367,#7368,#7369,#7370));
#7362 = IFCCARTESIANPOINT((364.7086285520345,1978.8811197220348,0.));
#7363 = IFCCARTESIANPOINT((365.98694585358777,1978.95310044273,0.));
#7364 = IFCCARTESIANPOINT((367.2049651692184,1979.1690426048137,0.));
#7365 = IFCCARTESIANPOINT((368.3626864989269,1979.5289462082874,0.));
#7366 = IFCCARTESIANPOINT((369.4601098427131,1980.032811253151,0.));
#7367 = IFCCARTESIANPOINT((370.49723520057694,1980.680637739404,0.));
#7368 = IFCCARTESIANPOINT((371.4740625725185,1981.4724256670465,0.));
#7369 = IFCCARTESIANPOINT((372.3905919585377,1982.4081750360783,0.));
#7370 = IFCCARTESIANPOINT((364.7086285520345,1978.8811197220348,0.));
#7371 = IFCPOLYLINE((#7372,#7373));
#7372 = IFCCARTESIANPOINT((372.3905919585377,1982.4081750360783,0.));
#7373 = IFCCARTESIANPOINT((372.3905919585377,1982.4081750360783,0.));
#7374 = IFCPOLYLINE((#7375,#7376,#7377,#7378,#7379,#7380,#7381,#7382,#7383));
#7375 = IFCCARTESIANPOINT((372.3905919585377,1982.4081750360783,0.));
#7376 = IFCCARTESIANPOINT((373.2136594663774,1983.4976842692126,0.));
#7377 = IFCCARTESIANPOINT((373.91010120378013,1984.7507517891602,0.));
#7378 = IFCCARTESIANPOINT((374.479917170746,1986.1673775959223,0.));
#7379 = IFCCARTESIANPOINT((374.92310736727507,1987.7475616894997,0.));
#7380 = IFCCARTESIANPOINT((375.23967179336717,1989.4913040698905,0.));
#7381 = IFCCARTESIANPOINT((375.4296104490225,1991.3986047370959,0.));
#7382 = IFCCARTESIANPOINT((375.4929233342409,1993.4694636911154,0.));
#7383 = IFCCARTESIANPOINT((372.3905919585377,1982.4081750360783,0.));
#7384 = IFCPOLYLINE((#7385,#7386));
#7385 = IFCCARTESIANPOINT((375.4929233342409,1993.4694636911154,0.));
#7386 = IFCCARTESIANPOINT((375.4929233342409,1993.4694636911154,0.));
#7387 = IFCPOLYLINE((#7388,#7389,#7390,#7391,#7392,#7393,#7394,#7395,#7396));
#7388 = IFCCARTESIANPOINT((375.4929233342409,1993.4694636911154,0.));
#7389 = IFCCARTESIANPOINT((375.4277261369626,1995.4547748776083,0.));
#7390 = IFCCARTESIANPOINT((375.23213454512694,1997.2953708978864,0.));
#7391 = IFCCARTESIANPOINT((374.90614855873434,1998.9912517519515,0.));
#7392 = IFCCARTESIANPOINT((374.4497681777849,2000.5424174398033,0.));
#7393 = IFCCARTESIANPOINT((373.8629934022783,2001.9488679614415,0.));
#7394 = IFCCARTESIANPOINT((373.14582423221475,2003.2106033168657,0.));
#7395 = IFCCARTESIANPOINT((372.29826066759415,2004.3276235060766,0.));
#7396 = IFCCARTESIANPOINT((375.4929233342409,1993.4694636911154,0.));
#7397 = IFCPOLYLINE((#7398,#7399));
#7398 = IFCCARTESIANPOINT((372.29826066759415,2004.3276235060766,0.));
#7399 = IFCCARTESIANPOINT((372.29826066759415,2004.3276235060766,0.));
#7400 = IFCPOLYLINE((#7401,#7402,#7403,#7404,#7405,#7406,#7407,#7408,#7409));
#7401 = IFCCARTESIANPOINT((372.29826066759415,2004.3276235060766,0.));
#7402 = IFCCARTESIANPOINT((371.3587426744421,2005.2976673546023,0.));
#7403 = IFCCARTESIANPOINT((370.36571021878393,2006.1184736879695,0.));
#7404 = IFCCARTESIANPOINT((369.3191633006196,2006.790042506179,0.));
#7405 = IFCCARTESIANPOINT((368.21910191994937,2007.3123738092315,0.));
#7406 = IFCCARTESIANPOINT((367.06552607677304,2007.6854675971258,0.));
#7407 = IFCCARTESIANPOINT((365.8584357710907,2007.9093238698624,0.));
#7408 = IFCCARTESIANPOINT((364.59783100290224,2007.9839426274411,0.));
#7409 = IFCCARTESIANPOINT((372.29826066759415,2004.3276235060766,0.));
#7410 = IFCPOLYLINE((#7411,#7412));
#7411 = IFCCARTESIANPOINT((364.59783100290224,2007.9839426274411,0.));
#7412 = IFCCARTESIANPOINT((364.59783100290224,2007.9839426274411,0.));
#7413 = IFCPOLYLINE((#7414,#7415,#7416,#7417,#7418,#7419,#7420,#7421,#7422));
#7414 = IFCCARTESIANPOINT((364.59783100290224,2007.9839426274411,0.));
#7415 = IFCCARTESIANPOINT((363.35870739219877,2007.910454457099,0.));
#7416 = IFCCARTESIANPOINT((362.1738519688251,2007.68998994607,0.));
#7417 = IFCCARTESIANPOINT((361.04326473278155,2007.3225490943555,0.));
#7418 = IFCCARTESIANPOINT((359.96694568406826,2006.8081319019564,0.));
#7419 = IFCCARTESIANPOINT((358.944894822685,2006.1467383688707,0.));
#7420 = IFCCARTESIANPOINT((357.9771121486318,2005.3383684950995,0.));
#7421 = IFCCARTESIANPOINT((357.0635976619087,2004.3830222806428,0.));
#7422 = IFCCARTESIANPOINT((364.59783100290224,2007.9839426274411,0.));
#7423 = IFCPOLYLINE((#7424,#7425));
#7424 = IFCCARTESIANPOINT((357.0635976619087,2004.3830222806428,0.));
#7425 = IFCCARTESIANPOINT((357.0635976619087,2004.3830222806428,0.));
#7426 = IFCPOLYLINE((#7427,#7428,#7429,#7430,#7431,#7432,#7433,#7434,#7435));
#7427 = IFCCARTESIANPOINT((357.0635976619087,2004.3830222806428,0.));
#7428 = IFCCARTESIANPOINT((356.2405301540691,2003.2829608999727,0.));
#7429 = IFCCARTESIANPOINT((355.54408841666634,2002.040445527561,0.));
#7430 = IFCCARTESIANPOINT((354.9742724497004,2000.6554761634075,0.));
#7431 = IFCCARTESIANPOINT((354.5310822531714,1999.128052807513,0.));
#7432 = IFCCARTESIANPOINT((354.21451782707925,1997.4581754598767,0.));
#7433 = IFCCARTESIANPOINT((354.02457917142397,1995.645844120499,0.));
#7434 = IFCCARTESIANPOINT((353.9612662862055,1993.69105878938,0.));
#7435 = IFCCARTESIANPOINT((357.0635976619087,2004.3830222806428,0.));
#7436 = IFCPOLYLINE((#7437,#7438,#7439,#7440,#7441,#7442));
#7437 = IFCCARTESIANPOINT((391.7432305403054,1973.3781747817993,0.));
#7438 = IFCCARTESIANPOINT((391.7432305403054,2027.521243791096,0.));
#7439 = IFCCARTESIANPOINT((398.39108348824084,2027.521243791096,0.));
#7440 = IFCCARTESIANPOINT((398.39108348824084,2008.0947401765734,0.));
#7441 = IFCCARTESIANPOINT((398.39108348824084,2008.0947401765734,0.));
#7442 = IFCCARTESIANPOINT((391.7432305403054,1973.3781747817993,0.));
#7443 = IFCPOLYLINE((#7444,#7445,#7446,#7447,#7448,#7449,#7450,#7451,#7452));
#7444 = IFCCARTESIANPOINT((398.39108348824084,2008.0947401765734,0.));
#7445 = IFCCARTESIANPOINT((399.77039991621393,2009.525309892581,0.));
#7446 = IFCCARTESIANPOINT((401.2492080209587,2010.7357919599708,0.));
#7447 = IFCCARTESIANPOINT((402.8275078024753,2011.7261863787448,0.));
#7448 = IFCCARTESIANPOINT((404.5052992607639,2012.4964931489028,0.));
#7449 = IFCCARTESIANPOINT((406.2825823958241,2013.0467122704435,0.));
#7450 = IFCCARTESIANPOINT((408.1593572076563,2013.3768437433682,0.));
#7451 = IFCCARTESIANPOINT((410.13562369626015,2013.4868875676766,0.));
#7452 = IFCCARTESIANPOINT((398.39108348824084,2008.0947401765734,0.));
#7453 = IFCPOLYLINE((#7454,#7455));
#7454 = IFCCARTESIANPOINT((410.13562369626015,2013.4868875676766,0.));
#7455 = IFCCARTESIANPOINT((410.13562369626015,2013.4868875676766,0.));
#7456 = IFCPOLYLINE((#7457,#7458,#7459,#7460,#7461,#7462,#7463,#7464,#7465));
#7457 = IFCCARTESIANPOINT((410.13562369626015,2013.4868875676766,0.));
#7458 = IFCCARTESIANPOINT((411.35741163601114,2013.4518393633596,0.));
#7459 = IFCCARTESIANPOINT((412.5324686366722,2013.346694750407,0.));
#7460 = IFCCARTESIANPOINT((413.6607946982436,2013.17145372882,0.));
#7461 = IFCCARTESIANPOINT((414.7423898207252,2012.9261162985993,0.));
#7462 = IFCCARTESIANPOINT((415.77725400411697,2012.6106824597432,0.));
#7463 = IFCCARTESIANPOINT((416.7653872484189,2012.2251522122522,0.));
#7464 = IFCCARTESIANPOINT((417.7067895536311,2011.7695255561266,0.));
#7465 = IFCCARTESIANPOINT((410.13562369626015,2013.4868875676766,0.));
#7466 = IFCPOLYLINE((#7467,#7468));
#7467 = IFCCARTESIANPOINT((417.7067895536311,2011.7695255561266,0.));
#7468 = IFCCARTESIANPOINT((417.7067895536311,2011.7695255561266,0.));
#7469 = IFCPOLYLINE((#7470,#7471,#7472,#7473,#7474,#7475,#7476,#7477,#7478));
#7470 = IFCCARTESIANPOINT((417.7067895536311,2011.7695255561266,0.));
#7471 = IFCCARTESIANPOINT((418.58751701050903,2011.2520934644313,0.));
#7472 = IFCCARTESIANPOINT((419.39362570980796,2010.6811469102288,0.));
#7473 = IFCCARTESIANPOINT((420.125115651528,2010.0566858935206,0.));
#7474 = IFCCARTESIANPOINT((420.78198683566933,2009.3787104143069,0.));
#7475 = IFCCARTESIANPOINT((421.36423926223165,2008.647220472587,0.));
#7476 = IFCCARTESIANPOINT((421.8718729312152,2007.8622160683606,0.));
#7477 = IFCCARTESIANPOINT((422.3048878426198,2007.0236972016282,0.));
#7478 = IFCCARTESIANPOINT((417.7067895536311,2011.7695255561266,0.));
#7479 = IFCPOLYLINE((#7480,#7481));
#7480 = IFCCARTESIANPOINT((422.3048878426198,2007.0236972016282,0.));
#7481 = IFCCARTESIANPOINT((422.3048878426198,2007.0236972016282,0.));
#7482 = IFCPOLYLINE((#7483,#7484,#7485,#7486,#7487,#7488,#7489,#7490,#7491));
#7483 = IFCCARTESIANPOINT((422.3048878426198,2007.0236972016282,0.));
#7484 = IFCCARTESIANPOINT((422.67232869433394,2006.1026454666653,0.));
#7485 = IFCCARTESIANPOINT((422.98324018424586,2005.0700424577453,0.));
#7486 = IFCCARTESIANPOINT((423.23762231235565,2003.925888174869,0.));
#7487 = IFCCARTESIANPOINT((423.4354750786633,2002.6701826180372,0.));
#7488 = IFCCARTESIANPOINT((423.57679848316866,2001.3029257872483,0.));
#7489 = IFCCARTESIANPOINT((423.6615925258719,1999.8241176825036,0.));
#7490 = IFCCARTESIANPOINT((423.689857206773,1998.2337583038025,0.));
#7491 = IFCCARTESIANPOINT((422.3048878426198,2007.0236972016282,0.));
#7492 = IFCPOLYLINE((#7493,#7494,#7495,#7496,#7497,#7498));
#7493 = IFCCARTESIANPOINT((423.689857206773,1998.2337583038025,0.));
#7494 = IFCCARTESIANPOINT((423.689857206773,1973.3781747817993,0.));
#7495 = IFCCARTESIANPOINT((417.04200425883755,1973.3781747817993,0.));
#7496 = IFCCARTESIANPOINT((417.04200425883755,1998.2337583038025,0.));
#7497 = IFCCARTESIANPOINT((417.04200425883755,1998.2337583038025,0.));
#7498 = IFCCARTESIANPOINT((423.689857206773,1998.2337583038025,0.));
#7499 = IFCPOLYLINE((#7500,#7501,#7502,#7503,#7504,#7505,#7506,#7507,#7508));
#7500 = IFCCARTESIANPOINT((417.04200425883755,1998.2337583038025,0.));
#7501 = IFCCARTESIANPOINT((416.9979113566319,1999.6028994466517,0.));
#7502 = IFCCARTESIANPOINT((416.86563265001473,2000.8612430403675,0.));
#7503 = IFCCARTESIANPOINT((416.64516813898626,2002.008789084951,0.));
#7504 = IFCCARTESIANPOINT((416.3365178235465,2003.0455375804038,0.));
#7505 = IFCCARTESIANPOINT((415.9396817036952,2003.971488526723,0.));
#7506 = IFCCARTESIANPOINT((415.4546597794326,2004.7866419239103,0.));
#7507 = IFCCARTESIANPOINT((414.8814520507585,2005.4909977719653,0.));
#7508 = IFCCARTESIANPOINT((417.04200425883755,1998.2337583038025,0.));
#7509 = IFCPOLYLINE((#7510,#7511));
#7510 = IFCCARTESIANPOINT((414.8814520507585,2005.4909977719653,0.));
#7511 = IFCCARTESIANPOINT((414.8814520507585,2005.4909977719653,0.));
#7512 = IFCPOLYLINE((#7513,#7514,#7515,#7516,#7517,#7518,#7519,#7520,#7521));
#7513 = IFCCARTESIANPOINT((414.8814520507585,2005.4909977719653,0.));
#7514 = IFCCARTESIANPOINT((414.2275957659135,2006.093600768777,0.));
#7515 = IFCCARTESIANPOINT((413.50062817313744,2006.6034956122323,0.));
#7516 = IFCCARTESIANPOINT((412.7005492724307,2007.020682302332,0.));
#7517 = IFCCARTESIANPOINT((411.82735906379315,2007.3451608390767,0.));
#7518 = IFCCARTESIANPOINT((410.8810575472248,2007.5769312224654,0.));
#7519 = IFCCARTESIANPOINT((409.8616447227257,2007.7159934524989,0.));
#7520 = IFCCARTESIANPOINT((408.76912059029564,2007.7623475291766,0.));
#7521 = IFCCARTESIANPOINT((414.8814520507585,2005.4909977719653,0.));
#7522 = IFCPOLYLINE((#7523,#7524));
#7523 = IFCCARTESIANPOINT((408.76912059029564,2007.7623475291766,0.));
#7524 = IFCCARTESIANPOINT((408.76912059029564,2007.7623475291766,0.));
#7525 = IFCPOLYLINE((#7526,#7527,#7528,#7529,#7530,#7531,#7532,#7533,#7534));
#7526 = IFCCARTESIANPOINT((408.76912059029564,2007.7623475291766,0.));
#7527 = IFCCARTESIANPOINT((407.93210917321164,2007.73106794898,0.));
#7528 = IFCCARTESIANPOINT((407.1094185277838,2007.637229208388,0.));
#7529 = IFCCARTESIANPOINT((406.3010486540128,2007.4808313074016,0.));
#7530 = IFCCARTESIANPOINT((405.50699955189833,2007.2618742460215,0.));
#7531 = IFCCARTESIANPOINT((404.72727122144033,2006.9803580242465,0.));
#7532 = IFCCARTESIANPOINT((403.96186366263896,2006.6362826420773,0.));
#7533 = IFCCARTESIANPOINT((403.21077687549405,2006.2296480995137,0.));
#7534 = IFCCARTESIANPOINT((408.76912059029564,2007.7623475291766,0.));
#7535 = IFCPOLYLINE((#7536,#7537));
#7536 = IFCCARTESIANPOINT((403.21077687549405,2006.2296480995137,0.));
#7537 = IFCCARTESIANPOINT((403.21077687549405,2006.2296480995137,0.));
#7538 = IFCPOLYLINE((#7539,#7540,#7541,#7542,#7543,#7544,#7545,#7546,#7547));
#7539 = IFCCARTESIANPOINT((403.21077687549405,2006.2296480995137,0.));
#7540 = IFCCARTESIANPOINT((402.4973763295507,2005.7694990944447,0.));
#7541 = IFCCARTESIANPOINT((401.8450274943536,2005.2648803247569,0.));
#7542 = IFCCARTESIANPOINT((401.25373036990277,2004.7157917904515,0.));
#7543 = IFCCARTESIANPOINT((400.7234849561985,2004.122233491529,0.));
#7544 = IFCCARTESIANPOINT((400.25429125324047,2003.4842054279882,0.));
#7545 = IFCCARTESIANPOINT((399.84614926102876,2002.80170759983,0.));
#7546 = IFCCARTESIANPOINT((399.4990589795634,2002.074740007054,0.));
#7547 = IFCCARTESIANPOINT((403.21077687549405,2006.2296480995137,0.));
#7548 = IFCPOLYLINE((#7549,#7550));
#7549 = IFCCARTESIANPOINT((399.4990589795634,2002.074740007054,0.));
#7550 = IFCCARTESIANPOINT((399.4990589795634,2002.074740007054,0.));
#7551 = IFCPOLYLINE((#7552,#7553,#7554,#7555,#7556,#7557,#7558,#7559,#7560));
#7552 = IFCCARTESIANPOINT((399.4990589795634,2002.074740007054,0.));
#7553 = IFCCARTESIANPOINT((399.20510629819216,2001.284836391472,0.));
#7554 = IFCCARTESIANPOINT((398.9563771062626,2000.4135304948943,0.));
#7555 = IFCCARTESIANPOINT((398.7528714037747,1999.4608223173213,0.));
#7556 = IFCCARTESIANPOINT((398.5945891907287,1998.4267118587538,0.));
#7557 = IFCCARTESIANPOINT((398.48153046712434,1997.3111991191909,0.));
#7558 = IFCCARTESIANPOINT((398.41369523296174,1996.114284098633,0.));
#7559 = IFCCARTESIANPOINT((398.39108348824084,1994.83596679708,0.));
#7560 = IFCCARTESIANPOINT((399.4990589795634,2002.074740007054,0.));
#7561 = IFCPOLYLINE((#7562,#7563,#7564,#7565));
#7562 = IFCCARTESIANPOINT((398.39108348824084,1994.83596679708,0.));
#7563 = IFCCARTESIANPOINT((398.39108348824084,1973.3781747817993,0.));
#7564 = IFCCARTESIANPOINT((391.7432305403054,1973.3781747817993,0.));
#7565 = IFCCARTESIANPOINT((398.39108348824084,1994.83596679708,0.));
#7566 = IFCPOLYLINE((#7567,#7568,#7569,#7570));
#7567 = IFCCARTESIANPOINT((448.32384563051164,1979.3243099185638,0.));
#7568 = IFCCARTESIANPOINT((449.28409105632454,1973.4520398145542,0.));
#7569 = IFCCARTESIANPOINT((449.28409105632454,1973.4520398145542,0.));
#7570 = IFCCARTESIANPOINT((448.32384563051164,1979.3243099185638,0.));
#7571 = IFCPOLYLINE((#7572,#7573,#7574,#7575,#7576,#7577,#7578,#7579,#7580));
#7572 = IFCCARTESIANPOINT((449.28409105632454,1973.4520398145542,0.));
#7573 = IFCCARTESIANPOINT((448.4941874407423,1973.2952650511568,0.));
#7574 = IFCCARTESIANPOINT((447.7284030195288,1973.1626094821272,0.));
#7575 = IFCCARTESIANPOINT((446.98673779268427,1973.0540731074666,0.));
#7576 = IFCCARTESIANPOINT((446.26919176020874,1972.9696559271756,0.));
#7577 = IFCCARTESIANPOINT((445.57576492210205,1972.9093579412533,0.));
#7578 = IFCCARTESIANPOINT((444.9064572783643,1972.8731791497,0.));
#7579 = IFCCARTESIANPOINT((444.2612688289955,1972.8611195525154,0.));
#7580 = IFCCARTESIANPOINT((449.28409105632454,1973.4520398145542,0.));
#7581 = IFCPOLYLINE((#7582,#7583));
#7582 = IFCCARTESIANPOINT((444.2612688289955,1972.8611195525154,0.));
#7583 = IFCCARTESIANPOINT((444.2612688289955,1972.8611195525154,0.));
#7584 = IFCPOLYLINE((#7585,#7586,#7587,#7588,#7589,#7590,#7591,#7592,#7593));
#7585 = IFCCARTESIANPOINT((444.2612688289955,1972.8611195525154,0.));
#7586 = IFCCARTESIANPOINT((443.26032226268524,1972.8844850220607,0.));
#7587 = IFCCARTESIANPOINT((442.32570348088916,1972.954581430695,0.));
#7588 = IFCCARTESIANPOINT((441.4574124836077,1973.071408778419,0.));
#7589 = IFCCARTESIANPOINT((440.655449270841,1973.234967065234,0.));
#7590 = IFCCARTESIANPOINT((439.9198138425887,1973.4452562911379,0.));
#7591 = IFCCARTESIANPOINT((439.250506198851,1973.702276456132,0.));
#7592 = IFCCARTESIANPOINT((438.6475263396278,1974.0060275602154,0.));
#7593 = IFCCARTESIANPOINT((444.2612688289955,1972.8611195525154,0.));
#7594 = IFCPOLYLINE((#7595,#7596));
#7595 = IFCCARTESIANPOINT((438.6475263396278,1974.0060275602154,0.));
#7596 = IFCCARTESIANPOINT((438.6475263396278,1974.0060275602154,0.));
#7597 = IFCPOLYLINE((#7598,#7599,#7600,#7601,#7602,#7603,#7604,#7605,#7606));
#7598 = IFCCARTESIANPOINT((438.6475263396278,1974.0060275602154,0.));
#7599 = IFCCARTESIANPOINT((438.1018295670309,1974.347841767913,0.));
#7600 = IFCCARTESIANPOINT((437.60437118317174,1974.719051243747,0.));
#7601 = IFCCARTESIANPOINT((437.15515118805047,1975.119655987718,0.));
#7602 = IFCCARTESIANPOINT((436.75416958166704,1975.5496559998269,0.));
#7603 = IFCCARTESIANPOINT((436.4014263640215,1976.0090512800725,0.));
#7604 = IFCCARTESIANPOINT((436.0969215351138,1976.4978418284552,0.));
#7605 = IFCCARTESIANPOINT((435.84065509494394,1977.016027644975,0.));
#7606 = IFCCARTESIANPOINT((438.6475263396278,1974.0060275602154,0.));
#7607 = IFCPOLYLINE((#7608,#7609));
#7608 = IFCCARTESIANPOINT((435.84065509494394,1977.016027644975,0.));
#7609 = IFCCARTESIANPOINT((435.84065509494394,1977.016027644975,0.));
#7610 = IFCPOLYLINE((#7611,#7612,#7613,#7614,#7615,#7616,#7617,#7618,#7619));
#7611 = IFCCARTESIANPOINT((435.84065509494394,1977.016027644975,0.));
#7612 = IFCCARTESIANPOINT((435.6250897952717,1977.6329514134434,0.));
#7613 = IFCCARTESIANPOINT((435.4426883878566,1978.4179558176688,0.));
#7614 = IFCCARTESIANPOINT((435.29345087269894,1979.3710408576533,0.));
#7615 = IFCCARTESIANPOINT((435.17737724979844,1980.492206533397,0.));
#7616 = IFCCARTESIANPOINT((435.0944675191553,1981.7814528448985,0.));
#7617 = IFCCARTESIANPOINT((435.0447216807694,1983.2387797921583,0.));
#7618 = IFCCARTESIANPOINT((435.0281397346407,1984.8641873751767,0.));
#7619 = IFCCARTESIANPOINT((435.84065509494394,1977.016027644975,0.));
#7620 = IFCPOLYLINE((#7621,#7622,#7623,#7624,#7625,#7626,#7627,#7628,#7629,#7630,#7631,#7632,#7633,#7634));
#7621 = IFCCARTESIANPOINT((435.0281397346407,1984.8641873751767,0.));
#7622 = IFCCARTESIANPOINT((435.0281397346407,2007.4299548817798,0.));
#7623 = IFCCARTESIANPOINT((430.1530475728214,2007.4299548817798,0.));
#7624 = IFCCARTESIANPOINT((430.1530475728214,2012.6005071746185,0.));
#7625 = IFCCARTESIANPOINT((435.0281397346407,2012.6005071746185,0.));
#7626 = IFCCARTESIANPOINT((435.0281397346407,2022.3137589818798,0.));
#7627 = IFCCARTESIANPOINT((441.63906016619876,2026.302470750641,0.));
#7628 = IFCCARTESIANPOINT((441.63906016619876,2012.6005071746185,0.));
#7629 = IFCCARTESIANPOINT((448.32384563051164,2012.6005071746185,0.));
#7630 = IFCCARTESIANPOINT((448.32384563051164,2007.4299548817798,0.));
#7631 = IFCCARTESIANPOINT((441.63906016619876,2007.4299548817798,0.));
#7632 = IFCCARTESIANPOINT((441.63906016619876,1984.4948622114025,0.));
#7633 = IFCCARTESIANPOINT((441.63906016619876,1984.4948622114025,0.));
#7634 = IFCCARTESIANPOINT((435.0281397346407,1984.8641873751767,0.));
#7635 = IFCPOLYLINE((#7636,#7637,#7638,#7639,#7640,#7641,#7642,#7643,#7644));
#7636 = IFCCARTESIANPOINT((441.63906016619876,1984.4948622114025,0.));
#7637 = IFCCARTESIANPOINT((441.64622055202716,1983.7238017164216,0.));
#7638 = IFCCARTESIANPOINT((441.6677017095119,1983.0356509520823,0.));
#7639 = IFCCARTESIANPOINT((441.7035036386532,1982.430409918387,0.));
#7640 = IFCCARTESIANPOINT((441.75362633945116,1981.9080786153354,0.));
#7641 = IFCCARTESIANPOINT((441.8180698119056,1981.4686570429262,0.));
#7642 = IFCCARTESIANPOINT((441.8968340560167,1981.1121452011607,0.));
#7643 = IFCCARTESIANPOINT((441.98991907178424,1980.838543090038,0.));
#7644 = IFCCARTESIANPOINT((441.63906016619876,1984.4948622114025,0.));
#7645 = IFCPOLYLINE((#7646,#7647));
#7646 = IFCCARTESIANPOINT((441.98991907178424,1980.838543090038,0.));
#7647 = IFCCARTESIANPOINT((441.98991907178424,1980.838543090038,0.));
#7648 = IFCPOLYLINE((#7649,#7650,#7651,#7652,#7653,#7654,#7655,#7656,#7657));
#7649 = IFCCARTESIANPOINT((441.98991907178424,1980.838543090038,0.));
#7650 = IFCCARTESIANPOINT((442.09920917126857,1980.6131793676536,0.));
#7651 = IFCCARTESIANPOINT((442.2265886665293,1980.4013826921012,0.));
#7652 = IFCCARTESIANPOINT((442.37205755756685,1980.2031530633815,0.));
#7653 = IFCCARTESIANPOINT((442.53561584438125,1980.0184904814948,0.));
#7654 = IFCCARTESIANPOINT((442.71726352697226,1979.8473949464399,0.));
#7655 = IFCCARTESIANPOINT((442.9170006053399,1979.689866458218,0.));
#7656 = IFCCARTESIANPOINT((443.13482707948424,1979.5459050168283,0.));
#7657 = IFCCARTESIANPOINT((441.98991907178424,1980.838543090038,0.));
#7658 = IFCPOLYLINE((#7659,#7660));
#7659 = IFCCARTESIANPOINT((443.13482707948424,1979.5459050168283,0.));
#7660 = IFCCARTESIANPOINT((443.13482707948424,1979.5459050168283,0.));
#7661 = IFCPOLYLINE((#7662,#7663,#7664,#7665,#7666,#7667,#7668,#7669,#7670));
#7662 = IFCCARTESIANPOINT((443.13482707948424,1979.5459050168283,0.));
#7663 = IFCCARTESIANPOINT((443.3756421607616,1979.418525521568,0.));
#7664 = IFCCARTESIANPOINT((443.64434506052777,1979.3107428717312,0.));
#7665 = IFCCARTESIANPOINT((443.94093577878317,1979.2225570673197,0.));
#7666 = IFCCARTESIANPOINT((444.26541431552766,1979.1539681083336,0.));
#7667 = IFCCARTESIANPOINT((444.61778067076125,1979.1049759947714,0.));
#7668 = IFCCARTESIANPOINT((444.99803484448387,1979.0755807266346,0.));
#7669 = IFCCARTESIANPOINT((445.4061768366955,1979.0657823039219,0.));
#7670 = IFCCARTESIANPOINT((443.13482707948424,1979.5459050168283,0.));
#7671 = IFCPOLYLINE((#7672,#7673));
#7672 = IFCCARTESIANPOINT((445.4061768366955,1979.0657823039219,0.));
#7673 = IFCCARTESIANPOINT((445.4061768366955,1979.0657823039219,0.));
#7674 = IFCPOLYLINE((#7675,#7676,#7677,#7678,#7679,#7680,#7681,#7682,#7683));
#7675 = IFCCARTESIANPOINT((445.4061768366955,1979.0657823039219,0.));
#7676 = IFCCARTESIANPOINT((445.73706203444436,1979.0710583776906,0.));
#7677 = IFCCARTESIANPOINT((446.09658877550606,1979.0868865989946,0.));
#7678 = IFCCARTESIANPOINT((446.48475705988096,1979.1132669678352,0.));
#7679 = IFCCARTESIANPOINT((446.901566887569,1979.1501994842133,0.));
#7680 = IFCCARTESIANPOINT((447.3470182585701,1979.1976841481269,0.));
#7681 = IFCCARTESIANPOINT((447.82111117288434,1979.2557209595775,0.));
#7682 = IFCCARTESIANPOINT((448.32384563051164,1979.3243099185638,0.));
#7683 = IFCCARTESIANPOINT((445.4061768366955,1979.0657823039219,0.));
#7684 = IFCPOLYLINE((#7685,#7686,#7687,#7688,#7689));
#7685 = IFCCARTESIANPOINT((508.9301050058566,1979.7675001150928,0.));
#7686 = IFCCARTESIANPOINT((508.9301050058566,1973.3781747817993,0.));
#7687 = IFCCARTESIANPOINT((473.14249663613737,1973.3781747817993,0.));
#7688 = IFCCARTESIANPOINT((473.14249663613737,1973.3781747817993,0.));
#7689 = IFCCARTESIANPOINT((508.9301050058566,1979.7675001150928,0.));
#7690 = IFCPOLYLINE((#7691,#7692,#7693,#7694,#7695,#7696,#7697,#7698,#7699));
#7691 = IFCCARTESIANPOINT((473.14249663613737,1973.3781747817993,0.));
#7692 = IFCCARTESIANPOINT((473.1402354616653,1974.0602957475458,0.));
#7693 = IFCCARTESIANPOINT((473.17566052839464,1974.7348794650516,0.));
#7694 = IFCCARTESIANPOINT((473.24877183632543,1975.4019259343168,0.));
#7695 = IFCCARTESIANPOINT((473.3595693854578,1976.0614351553427,0.));
#7696 = IFCCARTESIANPOINT((473.5080531757914,1976.7134071281275,0.));
#7697 = IFCCARTESIANPOINT((473.69422320732656,1977.3578418526724,0.));
#7698 = IFCCARTESIANPOINT((473.91807948006317,1977.9947393289767,0.));
#7699 = IFCCARTESIANPOINT((473.14249663613737,1973.3781747817993,0.));
#7700 = IFCPOLYLINE((#7701,#7702));
#7701 = IFCCARTESIANPOINT((473.91807948006317,1977.9947393289767,0.));
#7702 = IFCCARTESIANPOINT((473.91807948006317,1977.9947393289767,0.));
#7703 = IFCPOLYLINE((#7704,#7705,#7706,#7707,#7708,#7709,#7710,#7711,#7712));
#7704 = IFCCARTESIANPOINT((473.91807948006317,1977.9947393289767,0.));
#7705 = IFCCARTESIANPOINT((474.3420496935796,1979.0371407606092,0.));
#7706 = IFCCARTESIANPOINT((474.8331014164343,1980.0750198432968,0.));
#7707 = IFCCARTESIANPOINT((475.3912346486277,1981.1083765770402,0.));
#7708 = IFCCARTESIANPOINT((476.01644939015983,1982.13721096184,0.));
#7709 = IFCCARTESIANPOINT((476.7087456410304,1983.161522997695,0.));
#7710 = IFCCARTESIANPOINT((477.4681234012396,1984.1813126846066,0.));
#7711 = IFCCARTESIANPOINT((478.29458267078735,1985.1965800225735,0.));
#7712 = IFCCARTESIANPOINT((473.91807948006317,1977.9947393289767,0.));
#7713 = IFCPOLYLINE((#7714,#7715));
#7714 = IFCCARTESIANPOINT((478.29458267078735,1985.1965800225735,0.));
#7715 = IFCCARTESIANPOINT((478.29458267078735,1985.1965800225735,0.));
#7716 = IFCPOLYLINE((#7717,#7718,#7719,#7720,#7721,#7722,#7723,#7724,#7725));
#7717 = IFCCARTESIANPOINT((478.29458267078735,1985.1965800225735,0.));
#7718 = IFCCARTESIANPOINT((479.2092277447466,1986.2321979307899,0.));
#7719 = IFCCARTESIANPOINT((480.2331629181899,1987.3130393284468,0.));
#7720 = IFCCARTESIANPOINT((481.3663881911173,1988.439104215546,0.));
#7721 = IFCCARTESIANPOINT((482.60890356352917,1989.610392592087,0.));
#7722 = IFCCARTESIANPOINT((483.96070903542505,1990.8269044580697,0.));
#7723 = IFCCARTESIANPOINT((485.42180460680527,1992.0886398134944,0.));
#7724 = IFCCARTESIANPOINT((486.9921902776696,1993.3955986583605,0.));
#7725 = IFCCARTESIANPOINT((478.29458267078735,1985.1965800225735,0.));
#7726 = IFCPOLYLINE((#7727,#7728));
#7727 = IFCCARTESIANPOINT((486.9921902776696,1993.3955986583605,0.));
#7728 = IFCCARTESIANPOINT((486.9921902776696,1993.3955986583605,0.));
#7729 = IFCPOLYLINE((#7730,#7731,#7732,#7733,#7734,#7735,#7736,#7737,#7738));
#7730 = IFCCARTESIANPOINT((486.9921902776696,1993.3955986583605,0.));
#7731 = IFCCARTESIANPOINT((489.39732619114613,1995.4023910023382,0.));
#7732 = IFCCARTESIANPOINT((491.5688074091734,1997.286326199998,0.));
#7733 = IFCCARTESIANPOINT((493.5066339317518,1999.0474042513413,0.));
#7734 = IFCCARTESIANPOINT((495.21080575888146,2000.6856251563688,0.));
#7735 = IFCCARTESIANPOINT((496.6813228905619,2002.200988915079,0.));
#7736 = IFCCARTESIANPOINT((497.9181853267935,2003.5934955274724,0.));
#7737 = IFCCARTESIANPOINT((498.921393067576,2004.8631449935492,0.));
#7738 = IFCCARTESIANPOINT((486.9921902776696,1993.3955986583605,0.));
#7739 = IFCPOLYLINE((#7740,#7741));
#7740 = IFCCARTESIANPOINT((498.921393067576,2004.8631449935492,0.));
#7741 = IFCCARTESIANPOINT((498.921393067576,2004.8631449935492,0.));
#7742 = IFCPOLYLINE((#7743,#7744,#7745,#7746,#7747,#7748,#7749,#7750,#7751));
#7743 = IFCCARTESIANPOINT((498.921393067576,2004.8631449935492,0.));
#7744 = IFCCARTESIANPOINT((499.74446057541576,2006.061944326168,0.));
#7745 = IFCCARTESIANPOINT((500.4409023128184,2007.2419005381846,0.));
#7746 = IFCCARTESIANPOINT((501.01071827978416,2008.403013629601,0.));
#7747 = IFCCARTESIANPOINT((501.4539084763133,2009.5452836004174,0.));
#7748 = IFCCARTESIANPOINT((501.7704729024055,2010.6687104506323,0.));
#7749 = IFCCARTESIANPOINT((501.9604115580608,2011.773294180247,0.));
#7750 = IFCCARTESIANPOINT((502.0237244432792,2012.8590347892605,0.));
#7751 = IFCCARTESIANPOINT((498.921393067576,2004.8631449935492,0.));
#7752 = IFCPOLYLINE((#7753,#7754));
#7753 = IFCCARTESIANPOINT((502.0237244432792,2012.8590347892605,0.));
#7754 = IFCCARTESIANPOINT((502.0237244432792,2012.8590347892605,0.));
#7755 = IFCPOLYLINE((#7756,#7757,#7758,#7759,#7760,#7761,#7762,#7763,#7764));
#7756 = IFCCARTESIANPOINT((502.0237244432792,2012.8590347892605,0.));
#7757 = IFCCARTESIANPOINT((501.96606449424115,2013.9628647940515,0.));
#7758 = IFCCARTESIANPOINT((501.79308464712636,2015.0161952356316,0.));
#7759 = IFCCARTESIANPOINT((501.5047849019352,2016.0190261140015,0.));
#7760 = IFCCARTESIANPOINT((501.1011652586678,2016.9713574291627,0.));
#7761 = IFCCARTESIANPOINT((500.5822257173238,2017.873189181113,0.));
#7762 = IFCCARTESIANPOINT((499.94796627790345,2018.724521369854,0.));
#7763 = IFCCARTESIANPOINT((499.19838694040664,2019.5253539953846,0.));
#7764 = IFCCARTESIANPOINT((502.0237244432792,2012.8590347892605,0.));
#7765 = IFCPOLYLINE((#7766,#7767));
#7766 = IFCCARTESIANPOINT((499.19838694040664,2019.5253539953846,0.));
#7767 = IFCCARTESIANPOINT((499.19838694040664,2019.5253539953846,0.));
#7768 = IFCPOLYLINE((#7769,#7770,#7771,#7772,#7773,#7774,#7775,#7776,#7777));
#7769 = IFCCARTESIANPOINT((499.19838694040664,2019.5253539953846,0.));
#7770 = IFCCARTESIANPOINT((498.3560994495544,2020.245538064745,0.));
#7771 = IFCCARTESIANPOINT((497.4437155500672,2020.8549245849717,0.));
#7772 = IFCCARTESIANPOINT((496.4612352419454,2021.3535135560664,0.));
#7773 = IFCCARTESIANPOINT((495.408658525189,2021.7413049780303,0.));
#7774 = IFCCARTESIANPOINT((494.28598539979794,2022.0182988508604,0.));
#7775 = IFCCARTESIANPOINT((493.0932158657721,2022.184495174559,0.));
#7776 = IFCCARTESIANPOINT((491.8303499231115,2022.239893949125,0.));
#7777 = IFCCARTESIANPOINT((499.19838694040664,2019.5253539953846,0.));
#7778 = IFCPOLYLINE((#7779,#7780));
#7779 = IFCCARTESIANPOINT((491.8303499231115,2022.239893949125,0.));
#7780 = IFCCARTESIANPOINT((491.8303499231115,2022.239893949125,0.));
#7781 = IFCPOLYLINE((#7782,#7783,#7784,#7785,#7786,#7787,#7788,#7789,#7790));
#7782 = IFCCARTESIANPOINT((491.8303499231115,2022.239893949125,0.));
#7783 = IFCCARTESIANPOINT((490.4977644342285,2022.1811034128514,0.));
#7784 = IFCCARTESIANPOINT((489.2435663270441,2022.004731804028,0.));
#7785 = IFCCARTESIANPOINT((488.0677556015589,2021.7107791226565,0.));
#7786 = IFCCARTESIANPOINT((486.9703322577728,2021.299245368737,0.));
#7787 = IFCCARTESIANPOINT((485.95129629568555,2020.7701305422684,0.));
#7788 = IFCCARTESIANPOINT((485.0106477152974,2020.1234346432516,0.));
#7789 = IFCCARTESIANPOINT((484.1483865166083,2019.3591576716863,0.));
#7790 = IFCCARTESIANPOINT((491.8303499231115,2022.239893949125,0.));
#7791 = IFCPOLYLINE((#7792,#7793));
#7792 = IFCCARTESIANPOINT((484.1483865166083,2019.3591576716863,0.));
#7793 = IFCCARTESIANPOINT((484.1483865166083,2019.3591576716863,0.));
#7794 = IFCPOLYLINE((#7795,#7796,#7797,#7798,#7799,#7800,#7801,#7802,#7803));
#7795 = IFCCARTESIANPOINT((484.1483865166083,2019.3591576716863,0.));
#7796 = IFCCARTESIANPOINT((483.383355820219,2018.4908666744054,0.));
#7797 = IFCCARTESIANPOINT((482.73439874673,2017.5321286982403,0.));
#7798 = IFCCARTESIANPOINT((482.20151529614145,2016.4829437431918,0.));
#7799 = IFCCARTESIANPOINT((481.7847054684535,2015.3433118092603,0.));
#7800 = IFCCARTESIANPOINT((481.4839692636659,2014.1132328964447,0.));
#7801 = IFCCARTESIANPOINT((481.29930668177883,2012.792707004746,0.));
#7802 = IFCCARTESIANPOINT((481.2307177227922,2011.3817341341637,0.));
#7803 = IFCCARTESIANPOINT((484.1483865166083,2019.3591576716863,0.));
#7804 = IFCPOLYLINE((#7805,#7806,#7807,#7808));
#7805 = IFCCARTESIANPOINT((481.2307177227922,2011.3817341341637,0.));
#7806 = IFCCARTESIANPOINT((474.3982021929696,2012.0834519453347,0.));
#7807 = IFCCARTESIANPOINT((474.3982021929696,2012.0834519453347,0.));
#7808 = IFCCARTESIANPOINT((481.2307177227922,2011.3817341341637,0.));
#7809 = IFCPOLYLINE((#7810,#7811,#7812,#7813,#7814,#7815,#7816,#7817,#7818));
#7810 = IFCCARTESIANPOINT((474.3982021929696,2012.0834519453347,0.));
#7811 = IFCCARTESIANPOINT((474.67783410268447,2014.1935045902042,0.));
#7812 = IFCCARTESIANPOINT((475.1157482254452,2016.1550734447392,0.));
#7813 = IFCCARTESIANPOINT((475.7119445612521,2017.9681585089406,0.));
#7814 = IFCCARTESIANPOINT((476.46642311010515,2019.632759782809,0.));
#7815 = IFCCARTESIANPOINT((477.3791838720042,2021.148877266343,0.));
#7816 = IFCCARTESIANPOINT((478.45022684694936,2022.5165109595437,0.));
#7817 = IFCCARTESIANPOINT((479.67955203494057,2023.7356608624104,0.));
#7818 = IFCCARTESIANPOINT((474.3982021929696,2012.0834519453347,0.));
#7819 = IFCPOLYLINE((#7820,#7821));
#7820 = IFCCARTESIANPOINT((479.67955203494057,2023.7356608624104,0.));
#7821 = IFCCARTESIANPOINT((479.67955203494057,2023.7356608624104,0.));
#7822 = IFCPOLYLINE((#7823,#7824,#7825,#7826,#7827,#7828,#7829,#7830,#7831));
#7823 = IFCCARTESIANPOINT((479.67955203494057,2023.7356608624104,0.));
#7824 = IFCCARTESIANPOINT((481.05208493949743,2024.7987897267037,0.));
#7825 = IFCCARTESIANPOINT((482.55275106413904,2025.6983603041817,0.));
#7826 = IFCCARTESIANPOINT((484.1815504088655,2026.4343725948459,0.));
#7827 = IFCCARTESIANPOINT((485.93848297367714,2027.0068265986965,0.));
#7828 = IFCCARTESIANPOINT((487.8235487585735,2027.4157223157317,0.));
#7829 = IFCCARTESIANPOINT((489.83674776355485,2027.6610597459535,0.));
#7830 = IFCCARTESIANPOINT((491.9780799886212,2027.7428388893604,0.));
#7831 = IFCCARTESIANPOINT((479.67955203494057,2023.7356608624104,0.));
#7832 = IFCPOLYLINE((#7833,#7834));
#7833 = IFCCARTESIANPOINT((491.9780799886212,2027.7428388893604,0.));
#7834 = IFCCARTESIANPOINT((491.9780799886212,2027.7428388893604,0.));
#7835 = IFCPOLYLINE((#7836,#7837,#7838,#7839,#7840,#7841,#7842,#7843,#7844));
#7836 = IFCCARTESIANPOINT((491.9780799886212,2027.7428388893604,0.));
#7837 = IFCCARTESIANPOINT((494.13825533428826,2027.6546530849498,0.));
#7838 = IFCCARTESIANPOINT((496.16577511092606,2027.3900956717148,0.));
#7839 = IFCCARTESIANPOINT((498.06063931853487,2026.9491666496576,0.));
#7840 = IFCCARTESIANPOINT((499.8228479571146,2026.3318660187783,0.));
#7841 = IFCCARTESIANPOINT((501.45240102666526,2025.5381937790758,0.));
#7842 = IFCCARTESIANPOINT((502.9492985271868,2024.5681499305506,0.));
#7843 = IFCCARTESIANPOINT((504.3135404586792,2023.4217344732024,0.));
#7844 = IFCCARTESIANPOINT((491.9780799886212,2027.7428388893604,0.));
#7845 = IFCPOLYLINE((#7846,#7847));
#7846 = IFCCARTESIANPOINT((504.3135404586792,2023.4217344732024,0.));
#7847 = IFCCARTESIANPOINT((504.3135404586792,2023.4217344732024,0.));
#7848 = IFCPOLYLINE((#7849,#7850,#7851,#7852,#7853,#7854,#7855,#7856,#7857));
#7849 = IFCCARTESIANPOINT((504.3135404586792,2023.4217344732024,0.));
#7850 = IFCCARTESIANPOINT((505.5187464523016,2022.1449246212978,0.));
#7851 = IFCCARTESIANPOINT((506.5385361392127,2020.783697589101,0.));
#7852 = IFCCARTESIANPOINT((507.3729095194127,2019.3380533766133,0.));
#7853 = IFCCARTESIANPOINT((508.02186659290174,2017.8079919838347,0.));
#7854 = IFCCARTESIANPOINT((508.4854073596796,2016.1935134107648,0.));
#7855 = IFCCARTESIANPOINT((508.7635318197462,2014.4946176574035,0.));
#7856 = IFCCARTESIANPOINT((508.85623997310176,2012.7113047237508,0.));
#7857 = IFCCARTESIANPOINT((504.3135404586792,2023.4217344732024,0.));
#7858 = IFCPOLYLINE((#7859,#7860));
#7859 = IFCCARTESIANPOINT((508.85623997310176,2012.7113047237508,0.));
#7860 = IFCCARTESIANPOINT((508.85623997310176,2012.7113047237508,0.));
#7861 = IFCPOLYLINE((#7862,#7863,#7864,#7865,#7866,#7867,#7868,#7869,#7870));
#7862 = IFCCARTESIANPOINT((508.85623997310176,2012.7113047237508,0.));
#7863 = IFCCARTESIANPOINT((508.82910587943684,2011.7849769150196,0.));
#7864 = IFCCARTESIANPOINT((508.7477035984416,2010.8631714552318,0.));
#7865 = IFCCARTESIANPOINT((508.61203313011634,2009.945888344388,0.));
#7866 = IFCCARTESIANPOINT((508.4220944744611,2009.0331275824897,0.));
#7867 = IFCCARTESIANPOINT((508.17788763147576,2008.1248891695345,0.));
#7868 = IFCCARTESIANPOINT((507.87941260116025,2007.221173105524,0.));
#7869 = IFCCARTESIANPOINT((507.5266693835147,2006.3219793904573,0.));
#7870 = IFCCARTESIANPOINT((508.85623997310176,2012.7113047237508,0.));
#7871 = IFCPOLYLINE((#7872,#7873));
#7872 = IFCCARTESIANPOINT((507.5266693835147,2006.3219793904573,0.));
#7873 = IFCCARTESIANPOINT((507.5266693835147,2006.3219793904573,0.));
#7874 = IFCPOLYLINE((#7875,#7876,#7877,#7878,#7879,#7880,#7881,#7882,#7883));
#7875 = IFCCARTESIANPOINT((507.5266693835147,2006.3219793904573,0.));
#7876 = IFCCARTESIANPOINT((507.11099014306285,2005.418263326447,0.));
#7877 = IFCCARTESIANPOINT((506.623707044328,2004.5009802156035,0.));
#7878 = IFCCARTESIANPOINT((506.0648200873104,2003.5701300579274,0.));
#7879 = IFCCARTESIANPOINT((505.43432927201036,2002.6257128534194,0.));
#7880 = IFCCARTESIANPOINT((504.73223459842734,2001.6677286020786,0.));
#7881 = IFCCARTESIANPOINT((503.9585360665616,2000.6961773039052,0.));
#7882 = IFCCARTESIANPOINT((503.1132336764131,1999.7110589588992,0.));
#7883 = IFCCARTESIANPOINT((507.5266693835147,2006.3219793904573,0.));
#7884 = IFCPOLYLINE((#7885,#7886));
#7885 = IFCCARTESIANPOINT((503.1132336764131,1999.7110589588992,0.));
#7886 = IFCCARTESIANPOINT((503.1132336764131,1999.7110589588992,0.));
#7887 = IFCPOLYLINE((#7888,#7889,#7890,#7891,#7892,#7893,#7894,#7895,#7896));
#7888 = IFCCARTESIANPOINT((503.1132336764131,1999.7110589588992,0.));
#7889 = IFCCARTESIANPOINT((502.14884276406815,1998.6663963527958,0.));
#7890 = IFCCARTESIANPOINT((501.01787866561256,1997.5162122713273,0.));
#7891 = IFCCARTESIANPOINT((499.72034138104664,1996.2605067144946,0.));
#7892 = IFCCARTESIANPOINT((498.25623091037045,1994.8992796822986,0.));
#7893 = IFCCARTESIANPOINT((496.6255472535838,1993.432531174738,0.));
#7894 = IFCCARTESIANPOINT((494.8282904106867,1991.8602611918136,0.));
#7895 = IFCCARTESIANPOINT((492.86446038167924,1990.182469733525,0.));
#7896 = IFCCARTESIANPOINT((503.1132336764131,1999.7110589588992,0.));
#7897 = IFCPOLYLINE((#7898,#7899));
#7898 = IFCCARTESIANPOINT((492.86446038167924,1990.182469733525,0.));
#7899 = IFCCARTESIANPOINT((492.86446038167924,1990.182469733525,0.));
#7900 = IFCPOLYLINE((#7901,#7902,#7903,#7904,#7905,#7906,#7907,#7908,#7909));
#7901 = IFCCARTESIANPOINT((492.86446038167924,1990.182469733525,0.));
#7902 = IFCCARTESIANPOINT((491.24244456036905,1988.813328590677,0.));
#7903 = IFCCARTESIANPOINT((489.7952928982333,1987.5760892920327,0.));
#7904 = IFCCARTESIANPOINT((488.5230053952723,1986.4707518375944,0.));
#7905 = IFCCARTESIANPOINT((487.4255820514863,1985.497316227361,0.));
#7906 = IFCCARTESIANPOINT((486.50302286687474,1984.6557824613328,0.));
#7907 = IFCCARTESIANPOINT((485.7553278414381,1983.9461505395095,0.));
#7908 = IFCCARTESIANPOINT((485.18249697517604,1983.3684204618912,0.));
#7909 = IFCCARTESIANPOINT((492.86446038167924,1990.182469733525,0.));
#7910 = IFCPOLYLINE((#7911,#7912));
#7911 = IFCCARTESIANPOINT((485.18249697517604,1983.3684204618912,0.));
#7912 = IFCCARTESIANPOINT((485.18249697517604,1983.3684204618912,0.));
#7913 = IFCPOLYLINE((#7914,#7915,#7916,#7917,#7918,#7919,#7920,#7921,#7922));
#7914 = IFCCARTESIANPOINT((485.18249697517604,1983.3684204618912,0.));
#7915 = IFCCARTESIANPOINT((484.709157785686,1982.8562644439642,0.));
#7916 = IFCCARTESIANPOINT((484.2599377905646,1982.3433547012116,0.));
#7917 = IFCCARTESIANPOINT((483.8348369898122,1981.8296912336357,0.));
#7918 = IFCCARTESIANPOINT((483.43385538342886,1981.3152740412365,0.));
#7919 = IFCCARTESIANPOINT((483.0569929714144,1980.8001031240124,0.));
#7920 = IFCCARTESIANPOINT((482.70424975376886,1980.2841784819648,0.));
#7921 = IFCCARTESIANPOINT((482.3756257304922,1979.7675001150928,0.));
#7922 = IFCCARTESIANPOINT((485.18249697517604,1983.3684204618912,0.));
#7923 = IFCPOLYLINE((#7924,#7925,#7926));
#7924 = IFCCARTESIANPOINT((482.3756257304922,1979.7675001150928,0.));
#7925 = IFCCARTESIANPOINT((508.9301050058566,1979.7675001150928,0.));
#7926 = IFCCARTESIANPOINT((482.3756257304922,1979.7675001150928,0.));
#7927 = IFCPOLYLINE((#7928,#7929));
#7928 = IFCCARTESIANPOINT((516.0580806666985,2000.0803841226734,0.));
#7929 = IFCCARTESIANPOINT((516.0580806666985,2000.0803841226734,0.));
#7930 = IFCPOLYLINE((#7931,#7932,#7933,#7934,#7935,#7936,#7937,#7938,#7939));
#7931 = IFCCARTESIANPOINT((516.0580806666985,2000.0803841226734,0.));
#7932 = IFCCARTESIANPOINT((516.0984049447842,2002.7474394125004,0.));
#7933 = IFCCARTESIANPOINT((516.2193777790408,2005.2614885630485,0.));
#7934 = IFCCARTESIANPOINT((516.4209991694684,2007.622531574319,0.));
#7935 = IFCCARTESIANPOINT((516.7032691160673,2009.8305684463126,0.));
#7936 = IFCCARTESIANPOINT((517.0661876188373,2011.8855991790272,0.));
#7937 = IFCCARTESIANPOINT((517.5097546777783,2013.7876237724643,0.));
#7938 = IFCCARTESIANPOINT((518.0339702928904,2015.5366422266234,0.));
#7939 = IFCCARTESIANPOINT((516.0580806666985,2000.0803841226734,0.));
#7940 = IFCPOLYLINE((#7941,#7942));
#7941 = IFCCARTESIANPOINT((518.0339702928904,2015.5366422266234,0.));
#7942 = IFCCARTESIANPOINT((518.0339702928904,2015.5366422266234,0.));
#7943 = IFCPOLYLINE((#7944,#7945,#7946,#7947,#7948,#7949,#7950,#7951,#7952));
#7944 = IFCCARTESIANPOINT((518.0339702928904,2015.5366422266234,0.));
#7945 = IFCCARTESIANPOINT((518.6377038769378,2017.1545125614023,0.));
#7946 = IFCCARTESIANPOINT((519.3198248426838,2018.6630927966953,0.));
#7947 = IFCCARTESIANPOINT((520.0803331901291,2020.062382932505,0.));
#7948 = IFCCARTESIANPOINT((520.9192289192733,2021.352382968831,0.));
#7949 = IFCCARTESIANPOINT((521.8365120301166,2022.5330929056722,0.));
#7950 = IFCCARTESIANPOINT((522.8321825226589,2023.6045127430293,0.));
#7951 = IFCCARTESIANPOINT((523.9062403969001,2024.5666424809024,0.));
#7952 = IFCCARTESIANPOINT((518.0339702928904,2015.5366422266234,0.));
#7953 = IFCPOLYLINE((#7954,#7955));
#7954 = IFCCARTESIANPOINT((523.9062403969001,2024.5666424809024,0.));
#7955 = IFCCARTESIANPOINT((523.9062403969001,2024.5666424809024,0.));
#7956 = IFCPOLYLINE((#7957,#7958,#7959,#7960,#7961,#7962,#7963,#7964,#7965));
#7957 = IFCCARTESIANPOINT((523.9062403969001,2024.5666424809024,0.));
#7958 = IFCCARTESIANPOINT((525.0605699649005,2025.409306834167,0.));
#7959 = IFCCARTESIANPOINT((526.2970555387201,2026.1223305176982,0.));
#7960 = IFCCARTESIANPOINT((527.6156971183586,2026.7057135314965,0.));
#7961 = IFCCARTESIANPOINT((529.0164947038165,2027.1594558755623,0.));
#7962 = IFCCARTESIANPOINT((530.4994482950935,2027.4835575498946,0.));
#7963 = IFCCARTESIANPOINT((532.0645578921897,2027.6780185544942,0.));
#7964 = IFCCARTESIANPOINT((533.7118234951049,2027.7428388893604,0.));
#7965 = IFCCARTESIANPOINT((523.9062403969001,2024.5666424809024,0.));
#7966 = IFCPOLYLINE((#7967,#7968));
#7967 = IFCCARTESIANPOINT((533.7118234951049,2027.7428388893604,0.));
#7968 = IFCCARTESIANPOINT((533.7118234951049,2027.7428388893604,0.));
#7969 = IFCPOLYLINE((#7970,#7971,#7972,#7973,#7974,#7975,#7976,#7977,#7978));
#7970 = IFCCARTESIANPOINT((533.7118234951049,2027.7428388893604,0.));
#7971 = IFCCARTESIANPOINT((534.935118884504,2027.7070369602197,0.));
#7972 = IFCCARTESIANPOINT((536.1146982341093,2027.5996311727947,0.));
#7973 = IFCCARTESIANPOINT((537.2505615439209,2027.4206215270879,0.));
#7974 = IFCCARTESIANPOINT((538.3427088139389,2027.1700080230985,0.));
#7975 = IFCCARTESIANPOINT((539.3911400441632,2026.847790660826,0.));
#7976 = IFCCARTESIANPOINT((540.3958552345938,2026.453969440271,0.));
#7977 = IFCCARTESIANPOINT((541.3568543852307,2025.988544361433,0.));
#7978 = IFCCARTESIANPOINT((533.7118234951049,2027.7428388893604,0.));
#7979 = IFCPOLYLINE((#7980,#7981));
#7980 = IFCCARTESIANPOINT((541.3568543852307,2025.988544361433,0.));
#7981 = IFCCARTESIANPOINT((541.3568543852307,2025.988544361433,0.));
#7982 = IFCPOLYLINE((#7983,#7984,#7985,#7986,#7987,#7988,#7989,#7990,#7991));
#7983 = IFCCARTESIANPOINT((541.3568543852307,2025.988544361433,0.));
#7984 = IFCCARTESIANPOINT((542.2726300464259,2025.455660910845,0.));
#7985 = IFCCARTESIANPOINT((543.1416747685313,2024.8594645750375,0.));
#7986 = IFCCARTESIANPOINT((543.9639885515468,2024.1999553540124,0.));
#7987 = IFCCARTESIANPOINT((544.7395713954727,2023.477133247769,0.));
#7988 = IFCCARTESIANPOINT((545.4684233003087,2022.6909982563066,0.));
#7989 = IFCCARTESIANPOINT((546.1505442660549,2021.8415503796257,0.));
#7990 = IFCCARTESIANPOINT((546.7859342927113,2020.9287896177266,0.));
#7991 = IFCCARTESIANPOINT((541.3568543852307,2025.988544361433,0.));
#7992 = IFCPOLYLINE((#7993,#7994));
#7993 = IFCCARTESIANPOINT((546.7859342927113,2020.9287896177266,0.));
#7994 = IFCCARTESIANPOINT((546.7859342927113,2020.9287896177266,0.));
#7995 = IFCPOLYLINE((#7996,#7997,#7998,#7999,#8000,#8001,#8002,#8003,#8004));
#7996 = IFCCARTESIANPOINT((546.7859342927113,2020.9287896177266,0.));
#7997 = IFCCARTESIANPOINT((547.3791157292221,2019.9549771450818,0.));
#7998 = IFCCARTESIANPOINT((547.9346109245314,2018.9223741361616,0.));
#7999 = IFCCARTESIANPOINT((548.4524198786393,2017.8309805909673,0.));
#8000 = IFCCARTESIANPOINT((548.9325425915458,2016.6807965094997,0.));
#8001 = IFCCARTESIANPOINT((549.3749790632509,2015.471821891757,0.));
#8002 = IFCCARTESIANPOINT((549.7797292937544,2014.2040567377403,0.));
#8003 = IFCCARTESIANPOINT((550.1467932830565,2012.8775010474492,0.));
#8004 = IFCCARTESIANPOINT((546.7859342927113,2020.9287896177266,0.));
#8005 = IFCPOLYLINE((#8006,#8007));
#8006 = IFCCARTESIANPOINT((550.1467932830565,2012.8775010474492,0.));
#8007 = IFCCARTESIANPOINT((550.1467932830565,2012.8775010474492,0.));
#8008 = IFCPOLYLINE((#8009,#8010,#8011,#8012,#8013,#8014,#8015,#8016,#8017));
#8009 = IFCCARTESIANPOINT((550.1467932830565,2012.8775010474492,0.));
#8010 = IFCCARTESIANPOINT((550.4701412325651,2011.454091717271,0.));
#8011 = IFCCARTESIANPOINT((550.7437433436875,2009.8957656435905,0.));
#8012 = IFCCARTESIANPOINT((550.967599616424,2008.2025228264092,0.));
#8013 = IFCCARTESIANPOINT((551.1417100507747,2006.3743632657274,0.));
#8014 = IFCCARTESIANPOINT((551.2660746467395,2004.4112869615437,0.));
#8015 = IFCCARTESIANPOINT((551.3406934043184,2002.3132939138593,0.));
#8016 = IFCCARTESIANPOINT((551.3655663235113,2000.0803841226734,0.));
#8017 = IFCCARTESIANPOINT((550.1467932830565,2012.8775010474492,0.));
#8018 = IFCPOLYLINE((#8019,#8020));
#8019 = IFCCARTESIANPOINT((551.3655663235113,2000.0803841226734,0.));
#8020 = IFCCARTESIANPOINT((551.3655663235113,2000.0803841226734,0.));
#8021 = IFCPOLYLINE((#8022,#8023,#8024,#8025,#8026,#8027,#8028,#8029,#8030));
#8022 = IFCCARTESIANPOINT((551.3655663235113,2000.0803841226734,0.));
#8023 = IFCCARTESIANPOINT((551.325618907838,1997.432925678272,0.));
#8024 = IFCCARTESIANPOINT((551.2057766608172,1994.935458473852,0.));
#8025 = IFCCARTESIANPOINT((551.0060395824495,1992.5879825094132,0.));
#8026 = IFCCARTESIANPOINT((550.7264076727347,1990.3904977849572,0.));
#8027 = IFCCARTESIANPOINT((550.366880931673,1988.3430043004823,0.));
#8028 = IFCCARTESIANPOINT((549.927459359264,1986.4455020559897,0.));
#8029 = IFCCARTESIANPOINT((549.4081429555081,1984.6979910514783,0.));
#8030 = IFCCARTESIANPOINT((551.3655663235113,2000.0803841226734,0.));
#8031 = IFCPOLYLINE((#8032,#8033));
#8032 = IFCCARTESIANPOINT((549.4081429555081,1984.6979910514783,0.));
#8033 = IFCCARTESIANPOINT((549.4081429555081,1984.6979910514783,0.));
#8034 = IFCPOLYLINE((#8035,#8036,#8037,#8038,#8039,#8040,#8041,#8042,#8043));
#8035 = IFCCARTESIANPOINT((549.4081429555081,1984.6979910514783,0.));
#8036 = IFCCARTESIANPOINT((548.8093085828172,1983.0797438542888,0.));
#8037 = IFCCARTESIANPOINT((548.1313331036031,1981.570033031758,0.));
#8038 = IFCCARTESIANPOINT((547.3742165178659,1980.1688585838883,0.));
#8039 = IFCCARTESIANPOINT((546.5379588256059,1978.8762205106789,0.));
#8040 = IFCCARTESIANPOINT((545.6225600268226,1977.6921188121291,0.));
#8041 = IFCCARTESIANPOINT((544.6280201215164,1976.6165534882398,0.));
#8042 = IFCCARTESIANPOINT((543.5543391096871,1975.6495245390106,0.));
#8043 = IFCCARTESIANPOINT((549.4081429555081,1984.6979910514783,0.));
#8044 = IFCPOLYLINE((#8045,#8046));
#8045 = IFCCARTESIANPOINT((543.5543391096871,1975.6495245390106,0.));
#8046 = IFCCARTESIANPOINT((543.5543391096871,1975.6495245390106,0.));
#8047 = IFCPOLYLINE((#8048,#8049,#8050,#8051,#8052,#8053,#8054,#8055,#8056));
#8048 = IFCCARTESIANPOINT((543.5543391096871,1975.6495245390106,0.));
#8049 = IFCCARTESIANPOINT((542.3992558168629,1974.8019609743906,0.));
#8050 = IFCCARTESIANPOINT((541.1605090685712,1974.0847918043264,0.));
#8051 = IFCCARTESIANPOINT((539.8380988648123,1973.4980170288195,0.));
#8052 = IFCCARTESIANPOINT((538.4320252055863,1973.0416366478705,0.));
#8053 = IFCCARTESIANPOINT((536.942288090893,1972.7156506614779,0.));
#8054 = IFCCARTESIANPOINT((535.3688875207326,1972.5200590696422,0.));
#8055 = IFCCARTESIANPOINT((533.7118234951049,1972.4548618723638,0.));
#8056 = IFCCARTESIANPOINT((543.5543391096871,1975.6495245390106,0.));
#8057 = IFCPOLYLINE((#8058,#8059));
#8058 = IFCCARTESIANPOINT((533.7118234951049,1972.4548618723638,0.));
#8059 = IFCCARTESIANPOINT((533.7118234951049,1972.4548618723638,0.));
#8060 = IFCPOLYLINE((#8061,#8062,#8063,#8064,#8065,#8066,#8067,#8068,#8069));
#8061 = IFCCARTESIANPOINT((533.7118234951049,1972.4548618723638,0.));
#8062 = IFCCARTESIANPOINT((531.5433571763738,1972.5694280456169,0.));
#8063 = IFCCARTESIANPOINT((529.5120687756155,1972.9131265653734,0.));
#8064 = IFCCARTESIANPOINT((527.6179582928307,1973.4859574316351,0.));
#8065 = IFCCARTESIANPOINT((525.8610257280193,1974.2879206444027,0.));
#8066 = IFCCARTESIANPOINT((524.241271081181,1975.319016203674,0.));
#8067 = IFCCARTESIANPOINT((522.758694352316,1976.5792441094504,0.));
#8068 = IFCCARTESIANPOINT((521.4132955414243,1978.0686043617316,0.));
#8069 = IFCCARTESIANPOINT((533.7118234951049,1972.4548618723638,0.));
#8070 = IFCPOLYLINE((#8071,#8072));
#8071 = IFCCARTESIANPOINT((521.4132955414243,1978.0686043617316,0.));
#8072 = IFCCARTESIANPOINT((521.4132955414243,1978.0686043617316,0.));
#8073 = IFCPOLYLINE((#8074,#8075,#8076,#8077,#8078,#8079,#8080,#8081,#8082));
#8074 = IFCCARTESIANPOINT((521.4132955414243,1978.0686043617316,0.));
#8075 = IFCCARTESIANPOINT((519.9925242481298,1980.173004070421,0.));
#8076 = IFCCARTESIANPOINT((518.7903331538034,1982.6241171981624,0.));
#8077 = IFCCARTESIANPOINT((517.8067222584457,1985.4219437449578,0.));
#8078 = IFCCARTESIANPOINT((517.0416915620564,1988.566483710807,0.));
#8079 = IFCCARTESIANPOINT((516.4952410646354,1992.0577370957094,0.));
#8080 = IFCCARTESIANPOINT((516.1673707661828,1995.8957038996648,0.));
#8081 = IFCCARTESIANPOINT((516.0580806666985,2000.0803841226734,0.));
#8082 = IFCCARTESIANPOINT((521.4132955414243,1978.0686043617316,0.));
#8083 = IFCPOLYLINE((#8084,#8085,#8086,#8087,#8088,#8089,#8090,#8091,#8092));
#8084 = IFCCARTESIANPOINT((522.8905961965211,2000.0803841226734,0.));
#8085 = IFCCARTESIANPOINT((522.9542859441516,1996.4530834070345,0.));
#8086 = IFCCARTESIANPOINT((523.1453551870429,1993.1898317814005,0.));
#8087 = IFCCARTESIANPOINT((523.4638039251951,1990.290629245773,0.));
#8088 = IFCCARTESIANPOINT((523.9096321586082,1987.7554758001518,0.));
#8089 = IFCCARTESIANPOINT((524.4828398872824,1985.5843714445364,0.));
#8090 = IFCCARTESIANPOINT((525.1834271112173,1983.777316178927,0.));
#8091 = IFCCARTESIANPOINT((526.011393830413,1982.3343100033235,0.));
#8092 = IFCCARTESIANPOINT((522.8905961965211,2000.0803841226734,0.));
#8093 = IFCPOLYLINE((#8094,#8095));
#8094 = IFCCARTESIANPOINT((526.011393830413,1982.3343100033235,0.));
#8095 = IFCCARTESIANPOINT((526.011393830413,1982.3343100033235,0.));
#8096 = IFCPOLYLINE((#8097,#8098,#8099,#8100,#8101,#8102,#8103,#8104,#8105));
#8097 = IFCCARTESIANPOINT((526.011393830413,1982.3343100033235,0.));
#8098 = IFCCARTESIANPOINT((526.9328224277886,1981.163398489195,0.));
#8099 = IFCCARTESIANPOINT((527.9137952862621,1980.1726272080086,0.));
#8100 = IFCCARTESIANPOINT((528.9543124058341,1979.361996159765,0.));
#8101 = IFCCARTESIANPOINT((530.0543737865044,1978.7315053444652,0.));
#8102 = IFCCARTESIANPOINT((531.213979428273,1978.2811547621077,0.));
#8103 = IFCCARTESIANPOINT((532.4331293311399,1978.0109444126933,0.));
#8104 = IFCCARTESIANPOINT((533.7118234951049,1977.9208742962219,0.));
#8105 = IFCCARTESIANPOINT((526.011393830413,1982.3343100033235,0.));
#8106 = IFCPOLYLINE((#8107,#8108));
#8107 = IFCCARTESIANPOINT((533.7118234951049,1977.9208742962219,0.));
#8108 = IFCCARTESIANPOINT((533.7118234951049,1977.9208742962219,0.));
#8109 = IFCPOLYLINE((#8110,#8111,#8112,#8113,#8114,#8115,#8116,#8117,#8118));
#8110 = IFCCARTESIANPOINT((533.7118234951049,1977.9208742962219,0.));
#8111 = IFCCARTESIANPOINT((534.9905176590703,1978.011321275106,0.));
#8112 = IFCCARTESIANPOINT((536.209667561937,1978.282662211756,0.));
#8113 = IFCCARTESIANPOINT((537.3692732037055,1978.734897106173,0.));
#8114 = IFCCARTESIANPOINT((538.4693345843758,1979.3680259583575,0.));
#8115 = IFCCARTESIANPOINT((539.5098517039478,1980.182048768309,0.));
#8116 = IFCCARTESIANPOINT((540.4908245624215,1981.1769655360272,0.));
#8117 = IFCCARTESIANPOINT((541.4122531597968,1982.3527762615122,0.));
#8118 = IFCCARTESIANPOINT((533.7118234951049,1977.9208742962219,0.));
#8119 = IFCPOLYLINE((#8120,#8121));
#8120 = IFCCARTESIANPOINT((541.4122531597968,1982.3527762615122,0.));
#8121 = IFCCARTESIANPOINT((541.4122531597968,1982.3527762615122,0.));
#8122 = IFCPOLYLINE((#8123,#8124,#8125,#8126,#8127,#8128,#8129,#8130,#8131));
#8123 = IFCCARTESIANPOINT((541.4122531597968,1982.3527762615122,0.));
#8124 = IFCCARTESIANPOINT((542.2402198789929,1983.7999279236485,0.));
#8125 = IFCCARTESIANPOINT((542.9408071029276,1985.6088675013173,0.));
#8126 = IFCCARTESIANPOINT((543.5140148316016,1987.7795949945203,0.));
#8127 = IFCCARTESIANPOINT((543.9598430650148,1990.3121104032584,0.));
#8128 = IFCCARTESIANPOINT((544.278291803167,1993.2064137275293,0.));
#8129 = IFCCARTESIANPOINT((544.4693610460583,1996.4625049673346,0.));
#8130 = IFCCARTESIANPOINT((544.5330507936887,2000.0803841226734,0.));
#8131 = IFCCARTESIANPOINT((541.4122531597968,1982.3527762615122,0.));
#8132 = IFCPOLYLINE((#8133,#8134));
#8133 = IFCCARTESIANPOINT((544.5330507936887,2000.0803841226734,0.));
#8134 = IFCCARTESIANPOINT((544.5330507936887,2000.0803841226734,0.));
#8135 = IFCPOLYLINE((#8136,#8137,#8138,#8139,#8140,#8141,#8142,#8143,#8144));
#8136 = IFCCARTESIANPOINT((544.5330507936887,2000.0803841226734,0.));
#8137 = IFCCARTESIANPOINT((544.4693610460585,2003.7171063986136,0.));
#8138 = IFCCARTESIANPOINT((544.278291803167,2006.9875184100752,0.));
#8139 = IFCCARTESIANPOINT((543.9598430650146,2009.8916201570582,0.));
#8140 = IFCCARTESIANPOINT((543.5140148316017,2012.4294116395643,0.));
#8141 = IFCCARTESIANPOINT((542.9408071029276,2014.6008928575916,0.));
#8142 = IFCCARTESIANPOINT((542.2402198789927,2016.406063811141,0.));
#8143 = IFCCARTESIANPOINT((541.4122531597968,2017.844924500212,0.));
#8144 = IFCCARTESIANPOINT((544.5330507936887,2000.0803841226734,0.));
#8145 = IFCPOLYLINE((#8146,#8147));
#8146 = IFCCARTESIANPOINT((541.4122531597968,2017.844924500212,0.));
#8147 = IFCCARTESIANPOINT((541.4122531597968,2017.844924500212,0.));
#8148 = IFCPOLYLINE((#8149,#8150,#8151,#8152,#8153,#8154,#8155,#8156,#8157));
#8149 = IFCCARTESIANPOINT((541.4122531597968,2017.844924500212,0.));
#8150 = IFCCARTESIANPOINT((540.4893171127735,2019.0109368029855,0.));
#8151 = IFCCARTESIANPOINT((539.5038219053555,2019.9975625976388,0.));
#8152 = IFCCARTESIANPOINT((538.4557675375431,2020.8048018841737,0.));
#8153 = IFCCARTESIANPOINT((537.3451540093365,2021.4326546625903,0.));
#8154 = IFCCARTESIANPOINT((536.1719813207354,2021.8811209328874,0.));
#8155 = IFCCARTESIANPOINT((534.93624947174,2022.1502006950657,0.));
#8156 = IFCCARTESIANPOINT((533.6379584623501,2022.239893949125,0.));
#8157 = IFCCARTESIANPOINT((541.4122531597968,2017.844924500212,0.));
#8158 = IFCPOLYLINE((#8159,#8160));
#8159 = IFCCARTESIANPOINT((533.6379584623501,2022.239893949125,0.));
#8160 = IFCCARTESIANPOINT((533.6379584623501,2022.239893949125,0.));
#8161 = IFCPOLYLINE((#8162,#8163,#8164,#8165,#8166,#8167,#8168,#8169,#8170));
#8162 = IFCCARTESIANPOINT((533.6379584623501,2022.239893949125,0.));
#8163 = IFCCARTESIANPOINT((532.3671784090374,2022.1607528426027,0.));
#8164 = IFCCARTESIANPOINT((531.1717708381274,2021.9233295230329,0.));
#8165 = IFCCARTESIANPOINT((530.0517357496202,2021.5276239904176,0.));
#8166 = IFCCARTESIANPOINT((529.0070731435161,2020.9736362447566,0.));
#8167 = IFCCARTESIANPOINT((528.0377830198149,2020.261366286049,0.));
#8168 = IFCCARTESIANPOINT((527.1438653785165,2019.3908141142956,0.));
#8169 = IFCCARTESIANPOINT((526.3253202196211,2018.361979729496,0.));
#8170 = IFCCARTESIANPOINT((533.6379584623501,2022.239893949125,0.));
#8171 = IFCPOLYLINE((#8172,#8173));
#8172 = IFCCARTESIANPOINT((526.3253202196211,2018.361979729496,0.));
#8173 = IFCCARTESIANPOINT((526.3253202196211,2018.361979729496,0.));
#8174 = IFCPOLYLINE((#8175,#8176,#8177,#8178,#8179,#8180,#8181,#8182,#8183));
#8175 = IFCCARTESIANPOINT((526.3253202196211,2018.361979729496,0.));
#8176 = IFCCARTESIANPOINT((525.4140669073702,2016.7768964245636,0.));
#8177 = IFCCARTESIANPOINT((524.6430064123884,2014.8496220495208,0.));
#8178 = IFCCARTESIANPOINT((524.0121387346761,2012.5801566043694,0.));
#8179 = IFCCARTESIANPOINT((523.5214638742334,2009.9685000891095,0.));
#8180 = IFCCARTESIANPOINT((523.1709818310599,2007.0146525037399,0.));
#8181 = IFCCARTESIANPOINT((522.9606926051558,2003.7186138482614,0.));
#8182 = IFCCARTESIANPOINT((522.8905961965211,2000.0803841226734,0.));
#8183 = IFCCARTESIANPOINT((526.3253202196211,2018.361979729496,0.));
#8184 = IFCPOLYLINE((#8185,#8186,#8187,#8188,#8189));
#8185 = IFCCARTESIANPOINT((583.1644629244693,1973.3781747817993,0.));
#8186 = IFCCARTESIANPOINT((576.5166099765338,1973.3781747817993,0.));
#8187 = IFCCARTESIANPOINT((576.5166099765338,2015.7397710666992,0.));
#8188 = IFCCARTESIANPOINT((576.5166099765338,2015.7397710666992,0.));
#8189 = IFCCARTESIANPOINT((583.1644629244693,1973.3781747817993,0.));
#8190 = IFCPOLYLINE((#8191,#8192,#8193,#8194,#8195,#8196,#8197,#8198,#8199));
#8191 = IFCCARTESIANPOINT((576.5166099765338,2015.7397710666992,0.));
#8192 = IFCCARTESIANPOINT((575.8001945312944,2015.0855379194427,0.));
#8193 = IFCCARTESIANPOINT((575.0227273753084,2014.431304772185,0.));
#8194 = IFCCARTESIANPOINT((574.184208508576,2013.7770716249272,0.));
#8195 = IFCCARTESIANPOINT((573.2846379310977,2013.122838477671,0.));
#8196 = IFCCARTESIANPOINT((572.3240156428727,2012.4686053304135,0.));
#8197 = IFCCARTESIANPOINT((571.3023416439014,2011.8143721831566,0.));
#8198 = IFCCARTESIANPOINT((570.2196159341838,2011.1601390358992,0.));
#8199 = IFCCARTESIANPOINT((576.5166099765338,2015.7397710666992,0.));
#8200 = IFCPOLYLINE((#8201,#8202));
#8201 = IFCCARTESIANPOINT((570.2196159341838,2011.1601390358992,0.));
#8202 = IFCCARTESIANPOINT((570.2196159341838,2011.1601390358992,0.));
#8203 = IFCPOLYLINE((#8204,#8205,#8206,#8207,#8208,#8209,#8210,#8211,#8212));
#8204 = IFCCARTESIANPOINT((570.2196159341838,2011.1601390358992,0.));
#8205 = IFCCARTESIANPOINT((569.1225694528098,2010.5292713581875,0.));
#8206 = IFCCARTESIANPOINT((568.0579331388687,2009.9451346195644,0.));
#8207 = IFCCARTESIANPOINT((567.0257069923609,2009.4077288200315,0.));
#8208 = IFCCARTESIANPOINT((566.0258910132867,2008.9170539595893,0.));
#8209 = IFCCARTESIANPOINT((565.0584852016455,2008.473110038236,0.));
#8210 = IFCCARTESIANPOINT((564.1234895574376,2008.0758970559727,0.));
#8211 = IFCCARTESIANPOINT((563.2209040806629,2007.7254150127992,0.));
#8212 = IFCCARTESIANPOINT((570.2196159341838,2011.1601390358992,0.));
#8213 = IFCPOLYLINE((#8214,#8215,#8216,#8217));
#8214 = IFCCARTESIANPOINT((563.2209040806629,2007.7254150127992,0.));
#8215 = IFCCARTESIANPOINT((563.2209040806629,2014.1516728624701,0.));
#8216 = IFCCARTESIANPOINT((563.2209040806629,2014.1516728624701,0.));
#8217 = IFCCARTESIANPOINT((563.2209040806629,2007.7254150127992,0.));
#8218 = IFCPOLYLINE((#8219,#8220,#8221,#8222,#8223,#8224,#8225,#8226,#8227));
#8219 = IFCCARTESIANPOINT((563.2209040806629,2014.1516728624701,0.));
#8220 = IFCCARTESIANPOINT((564.7856368153472,2014.923487082276,0.));
#8221 = IFCCARTESIANPOINT((566.293086463405,2015.740524791523,0.));
#8222 = IFCCARTESIANPOINT((567.7432530248366,2016.6027859902122,0.));
#8223 = IFCCARTESIANPOINT((569.1361364996422,2017.5102706783437,0.));
#8224 = IFCCARTESIANPOINT((570.4717368878215,2018.462978855916,0.));
#8225 = IFCCARTESIANPOINT((571.7500541893746,2019.4609105229304,0.));
#8226 = IFCCARTESIANPOINT((572.9710884043016,2020.5040656793863,0.));
#8227 = IFCCARTESIANPOINT((563.2209040806629,2014.1516728624701,0.));
#8228 = IFCPOLYLINE((#8229,#8230));
#8229 = IFCCARTESIANPOINT((572.9710884043016,2020.5040656793863,0.));
#8230 = IFCCARTESIANPOINT((572.9710884043016,2020.5040656793863,0.));
#8231 = IFCPOLYLINE((#8232,#8233,#8234,#8235,#8236,#8237,#8238,#8239,#8240));
#8232 = IFCCARTESIANPOINT((572.9710884043016,2020.5040656793863,0.));
#8233 = IFCCARTESIANPOINT((574.1137352375295,2021.5653102316196,0.));
#8234 = IFCCARTESIANPOINT((575.1568903939856,2022.6175100859632,0.));
#8235 = IFCCARTESIANPOINT((576.1005538736698,2023.6606652424196,0.));
#8236 = IFCCARTESIANPOINT((576.9447256765823,2024.6947757009875,0.));
#8237 = IFCCARTESIANPOINT((577.6894058027228,2025.7198414616669,0.));
#8238 = IFCCARTESIANPOINT((578.3345942520917,2026.7358625244578,0.));
#8239 = IFCCARTESIANPOINT((578.8802910246886,2027.7428388893604,0.));
#8240 = IFCCARTESIANPOINT((572.9710884043016,2020.5040656793863,0.));
#8241 = IFCPOLYLINE((#8242,#8243,#8244,#8245));
#8242 = IFCCARTESIANPOINT((578.8802910246886,2027.7428388893604,0.));
#8243 = IFCCARTESIANPOINT((583.1644629244693,2027.7428388893604,0.));
#8244 = IFCCARTESIANPOINT((583.1644629244693,1973.3781747817993,0.));
#8245 = IFCCARTESIANPOINT((578.8802910246886,2027.7428388893604,0.));
#8246 = IFCPOLYLINE((#8247,#8248,#8249,#8250));
#8247 = IFCCARTESIANPOINT((634.6853232709691,2014.2624704116024,0.));
#8248 = IFCCARTESIANPOINT((628.074402839411,2013.7454151823185,0.));
#8249 = IFCCARTESIANPOINT((628.074402839411,2013.7454151823185,0.));
#8250 = IFCCARTESIANPOINT((634.6853232709691,2014.2624704116024,0.));
#8251 = IFCPOLYLINE((#8252,#8253,#8254,#8255,#8256,#8257,#8258,#8259,#8260));
#8252 = IFCCARTESIANPOINT((628.074402839411,2013.7454151823185,0.));
#8253 = IFCCARTESIANPOINT((627.806076802057,2014.8202267813842,0.));
#8254 = IFCCARTESIANPOINT((627.5076017717413,2015.8076063008618,0.));
#8255 = IFCCARTESIANPOINT((627.1789777484645,2016.7075537407522,0.));
#8256 = IFCCARTESIANPOINT((626.8202047322269,2017.5200691010557,0.));
#8257 = IFCCARTESIANPOINT((626.431282723028,2018.2451523817715,0.));
#8258 = IFCCARTESIANPOINT((626.0122117208679,2018.8828035829001,0.));
#8259 = IFCCARTESIANPOINT((625.5629917257465,2019.433022704441,0.));
#8260 = IFCCARTESIANPOINT((628.074402839411,2013.7454151823185,0.));
#8261 = IFCPOLYLINE((#8262,#8263));
#8262 = IFCCARTESIANPOINT((625.5629917257465,2019.433022704441,0.));
#8263 = IFCCARTESIANPOINT((625.5629917257465,2019.433022704441,0.));
#8264 = IFCPOLYLINE((#8265,#8266,#8267,#8268,#8269,#8270,#8271,#8272,#8273));
#8265 = IFCCARTESIANPOINT((625.5629917257465,2019.433022704441,0.));
#8266 = IFCCARTESIANPOINT((624.7670583115721,2020.1875012532946,0.));
#8267 = IFCCARTESIANPOINT((623.9198716093634,2020.8259061792469,0.));
#8268 = IFCCARTESIANPOINT((623.0214316191208,2021.3482374822984,0.));
#8269 = IFCCARTESIANPOINT((622.0717383408444,2021.7544951624507,0.));
#8270 = IFCCARTESIANPOINT((621.0707917745339,2022.0446792197015,0.));
#8271 = IFCCARTESIANPOINT((620.0185919201896,2022.2187896540524,0.));
#8272 = IFCCARTESIANPOINT((618.9151387778111,2022.2768264655024,0.));
#8273 = IFCCARTESIANPOINT((625.5629917257465,2019.433022704441,0.));
#8274 = IFCPOLYLINE((#8275,#8276));
#8275 = IFCCARTESIANPOINT((618.9151387778111,2022.2768264655024,0.));
#8276 = IFCCARTESIANPOINT((618.9151387778111,2022.2768264655024,0.));
#8277 = IFCPOLYLINE((#8278,#8279,#8280,#8281,#8282,#8283,#8284,#8285,#8286));
#8278 = IFCCARTESIANPOINT((618.9151387778111,2022.2768264655024,0.));
#8279 = IFCCARTESIANPOINT((618.0234823109848,2022.2406476739495,0.));
#8280 = IFCCARTESIANPOINT((617.1634822867677,2022.1321112992887,0.));
#8281 = IFCCARTESIANPOINT((616.3351387051598,2021.9512173415217,0.));
#8282 = IFCCARTESIANPOINT((615.5384515661614,2021.6979658006485,0.));
#8283 = IFCCARTESIANPOINT((614.7734208697719,2021.3723566766676,0.));
#8284 = IFCCARTESIANPOINT((614.0400466159917,2020.9743899695804,0.));
#8285 = IFCCARTESIANPOINT((613.3383288048208,2020.5040656793863,0.));
#8286 = IFCCARTESIANPOINT((618.9151387778111,2022.2768264655024,0.));
#8287 = IFCPOLYLINE((#8288,#8289));
#8288 = IFCCARTESIANPOINT((613.3383288048208,2020.5040656793863,0.));
#8289 = IFCCARTESIANPOINT((613.3383288048208,2020.5040656793863,0.));
#8290 = IFCPOLYLINE((#8291,#8292,#8293,#8294,#8295,#8296,#8297,#8298,#8299));
#8291 = IFCCARTESIANPOINT((613.3383288048208,2020.5040656793863,0.));
#8292 = IFCCARTESIANPOINT((612.4685303578915,2019.8068702171602,0.));
#8293 = IFCCARTESIANPOINT((611.6530000982921,2019.0237501249935,0.));
#8294 = IFCCARTESIANPOINT((610.8917380260227,2018.1547054028879,0.));
#8295 = IFCCARTESIANPOINT((610.1847441410836,2017.1997360508435,0.));
#8296 = IFCCARTESIANPOINT((609.5320184434745,2016.1588420688595,0.));
#8297 = IFCCARTESIANPOINT((608.9335609331955,2015.0320234569363,0.));
#8298 = IFCCARTESIANPOINT((608.3893716102466,2013.8192802150734,0.));
#8299 = IFCCARTESIANPOINT((613.3383288048208,2020.5040656793863,0.));
#8300 = IFCPOLYLINE((#8301,#8302));
#8301 = IFCCARTESIANPOINT((608.3893716102466,2013.8192802150734,0.));
#8302 = IFCCARTESIANPOINT((608.3893716102466,2013.8192802150734,0.));
#8303 = IFCPOLYLINE((#8304,#8305,#8306,#8307,#8308,#8309,#8310,#8311,#8312));
#8304 = IFCCARTESIANPOINT((608.3893716102466,2013.8192802150734,0.));
#8305 = IFCCARTESIANPOINT((607.9077414476923,2012.4874484510146,0.));
#8306 = IFCCARTESIANPOINT((607.4969614185962,2011.0033642725011,0.));
#8307 = IFCCARTESIANPOINT((607.1570315229592,2009.367027679534,0.));
#8308 = IFCCARTESIANPOINT((606.8879517607809,2007.5784386721139,0.));
#8309 = IFCCARTESIANPOINT((606.6897221320612,2005.6375972502392,0.));
#8310 = IFCCARTESIANPOINT((606.5623426368004,2003.5445034139107,0.));
#8311 = IFCCARTESIANPOINT((606.5058132749982,2001.2991571631283,0.));
#8312 = IFCCARTESIANPOINT((608.3893716102466,2013.8192802150734,0.));
#8313 = IFCPOLYLINE((#8314,#8315));
#8314 = IFCCARTESIANPOINT((606.5058132749982,2001.2991571631283,0.));
#8315 = IFCCARTESIANPOINT((606.5058132749982,2001.2991571631283,0.));
#8316 = IFCPOLYLINE((#8317,#8318,#8319,#8320,#8321,#8322,#8323,#8324,#8325));
#8317 = IFCCARTESIANPOINT((606.5058132749982,2001.2991571631283,0.));
#8318 = IFCCARTESIANPOINT((607.2135608847616,2002.3053798032072,0.));
#8319 = IFCCARTESIANPOINT((607.9650245343183,2003.2347225112348,0.));
#8320 = IFCCARTESIANPOINT((608.7602042236688,2004.087185287211,0.));
#8321 = IFCCARTESIANPOINT((609.599099952813,2004.8627681311375,0.));
#8322 = IFCCARTESIANPOINT((610.481711721751,2005.5614710430123,0.));
#8323 = IFCCARTESIANPOINT((611.4080395304827,2006.183294022836,0.));
#8324 = IFCCARTESIANPOINT((612.3780833790079,2006.7282370706089,0.));
#8325 = IFCCARTESIANPOINT((606.5058132749982,2001.2991571631283,0.));
#8326 = IFCPOLYLINE((#8327,#8328));
#8327 = IFCCARTESIANPOINT((612.3780833790079,2006.7282370706089,0.));
#8328 = IFCCARTESIANPOINT((612.3780833790079,2006.7282370706089,0.));
#8329 = IFCPOLYLINE((#8330,#8331,#8332,#8333,#8334,#8335,#8336,#8337,#8338));
#8330 = IFCCARTESIANPOINT((612.3780833790079,2006.7282370706089,0.));
#8331 = IFCCARTESIANPOINT((613.3767687708464,2007.1985613608035,0.));
#8332 = IFCCARTESIANPOINT((614.3890212095172,2007.5965280678902,0.));
#8333 = IFCCARTESIANPOINT((615.4148406950204,2007.9221371918707,0.));
#8334 = IFCCARTESIANPOINT((616.4542272273566,2008.1753887327448,0.));
#8335 = IFCCARTESIANPOINT((617.507180806525,2008.3562826905115,0.));
#8336 = IFCCARTESIANPOINT((618.5737014325259,2008.464819065172,0.));
#8337 = IFCCARTESIANPOINT((619.6537891053595,2008.500997856725,0.));
#8338 = IFCCARTESIANPOINT((612.3780833790079,2006.7282370706089,0.));
#8339 = IFCPOLYLINE((#8340,#8341));
#8340 = IFCCARTESIANPOINT((619.6537891053595,2008.500997856725,0.));
#8341 = IFCCARTESIANPOINT((619.6537891053595,2008.500997856725,0.));
#8342 = IFCPOLYLINE((#8343,#8344,#8345,#8346,#8347,#8348,#8349,#8350,#8351));
#8343 = IFCCARTESIANPOINT((619.6537891053595,2008.500997856725,0.));
#8344 = IFCCARTESIANPOINT((621.5128513838272,2008.4011293175417,0.));
#8345 = IFCCARTESIANPOINT((623.2912651061232,2008.1015236999897,0.));
#8346 = IFCCARTESIANPOINT((624.9890302722484,2007.60218100407,0.));
#8347 = IFCCARTESIANPOINT((626.6061468822027,2006.9031012297837,0.));
#8348 = IFCCARTESIANPOINT((628.1426149359856,2006.0042843771291,0.));
#8349 = IFCCARTESIANPOINT((629.5984344335976,2004.9057304461069,0.));
#8350 = IFCCARTESIANPOINT((630.9736053750385,2003.607439436717,0.));
#8351 = IFCCARTESIANPOINT((619.6537891053595,2008.500997856725,0.));
#8352 = IFCPOLYLINE((#8353,#8354));
#8353 = IFCCARTESIANPOINT((630.9736053750385,2003.607439436717,0.));
#8354 = IFCCARTESIANPOINT((630.9736053750385,2003.607439436717,0.));
#8355 = IFCPOLYLINE((#8356,#8357,#8358,#8359,#8360,#8361,#8362,#8363,#8364));
#8356 = IFCCARTESIANPOINT((630.9736053750385,2003.607439436717,0.));
#8357 = IFCCARTESIANPOINT((632.2131058481543,2002.1508662142817,0.));
#8358 = IFCCARTESIANPOINT((633.2619139407904,2000.5774656441204,0.));
#8359 = IFCCARTESIANPOINT((634.1200296529473,1998.8872377262353,0.));
#8360 = IFCCARTESIANPOINT((634.7874529846251,1997.0801824606262,0.));
#8361 = IFCCARTESIANPOINT((635.2641839358233,1995.1562998472923,0.));
#8362 = IFCCARTESIANPOINT((635.5502225065424,1993.115589886234,0.));
#8363 = IFCCARTESIANPOINT((635.645568696782,1990.9580525774509,0.));
#8364 = IFCCARTESIANPOINT((630.9736053750385,2003.607439436717,0.));
#8365 = IFCPOLYLINE((#8366,#8367));
#8366 = IFCCARTESIANPOINT((635.645568696782,1990.9580525774509,0.));
#8367 = IFCCARTESIANPOINT((635.645568696782,1990.9580525774509,0.));
#8368 = IFCPOLYLINE((#8369,#8370,#8371,#8372,#8373,#8374,#8375,#8376,#8377));
#8369 = IFCCARTESIANPOINT((635.645568696782,1990.9580525774509,0.));
#8370 = IFCCARTESIANPOINT((635.6007220697525,1989.516553851496,0.));
#8371 = IFCCARTESIANPOINT((635.4661821886631,1988.1044503936773,0.));
#8372 = IFCCARTESIANPOINT((635.2419490535144,1986.721742203996,0.));
#8373 = IFCCARTESIANPOINT((634.9280226643065,1985.368429282452,0.));
#8374 = IFCCARTESIANPOINT((634.524403021039,1984.0445116290452,0.));
#8375 = IFCCARTESIANPOINT((634.031090123712,1982.7499892437754,0.));
#8376 = IFCCARTESIANPOINT((633.4480839723255,1981.4848621266428,0.));
#8377 = IFCCARTESIANPOINT((635.645568696782,1990.9580525774509,0.));
#8378 = IFCPOLYLINE((#8379,#8380));
#8379 = IFCCARTESIANPOINT((633.4480839723255,1981.4848621266428,0.));
#8380 = IFCCARTESIANPOINT((633.4480839723255,1981.4848621266428,0.));
#8381 = IFCPOLYLINE((#8382,#8383,#8384,#8385,#8386,#8387,#8388,#8389,#8390));
#8382 = IFCCARTESIANPOINT((633.4480839723255,1981.4848621266428,0.));
#8383 = IFCCARTESIANPOINT((632.7866904392404,1980.276264371313,0.));
#8384 = IFCCARTESIANPOINT((632.0582153968162,1979.1513300714494,0.));
#8385 = IFCCARTESIANPOINT((631.2626588450535,1978.110059227053,0.));
#8386 = IFCCARTESIANPOINT((630.4000207839525,1977.1524518381245,0.));
#8387 = IFCCARTESIANPOINT((629.4703012135127,1976.278507904663,0.));
#8388 = IFCCARTESIANPOINT((628.4735001337344,1975.4882274266686,0.));
#8389 = IFCCARTESIANPOINT((627.4096175446175,1974.7816104041412,0.));
#8390 = IFCCARTESIANPOINT((633.4480839723255,1981.4848621266428,0.));
#8391 = IFCPOLYLINE((#8392,#8393));
#8392 = IFCCARTESIANPOINT((627.4096175446175,1974.7816104041412,0.));
#8393 = IFCCARTESIANPOINT((627.4096175446175,1974.7816104041412,0.));
#8394 = IFCPOLYLINE((#8395,#8396,#8397,#8398,#8399,#8400,#8401,#8402,#8403));
#8395 = IFCCARTESIANPOINT((627.4096175446175,1974.7816104041412,0.));
#8396 = IFCCARTESIANPOINT((626.2910899057587,1974.164309773262,0.));
#8397 = IFCCARTESIANPOINT((625.130353676754,1973.6419784702096,0.));
#8398 = IFCCARTESIANPOINT((623.9274088576037,1973.214616494985,0.));
#8399 = IFCCARTESIANPOINT((622.6822554483078,1972.8822238475884,0.));
#8400 = IFCCARTESIANPOINT((621.3948934488664,1972.6448005280192,0.));
#8401 = IFCCARTESIANPOINT((620.0653228592793,1972.5023465362779,0.));
#8402 = IFCCARTESIANPOINT((618.6935436795466,1972.4548618723638,0.));
#8403 = IFCCARTESIANPOINT((627.4096175446175,1974.7816104041412,0.));
#8404 = IFCPOLYLINE((#8405,#8406));
#8405 = IFCCARTESIANPOINT((618.6935436795466,1972.4548618723638,0.));
#8406 = IFCCARTESIANPOINT((618.6935436795466,1972.4548618723638,0.));
#8407 = IFCPOLYLINE((#8408,#8409,#8410,#8411,#8412,#8413,#8414,#8415,#8416));
#8408 = IFCCARTESIANPOINT((618.6935436795466,1972.4548618723638,0.));
#8409 = IFCCARTESIANPOINT((616.38186964425,1972.579603330741,0.));
#8410 = IFCCARTESIANPOINT((614.1953139297417,1972.9538277058712,0.));
#8411 = IFCCARTESIANPOINT((612.1338765360223,1973.5775349977548,0.));
#8412 = IFCCARTESIANPOINT((610.1975574630922,1974.4507252063927,0.));
#8413 = IFCCARTESIANPOINT((608.3863567109505,1975.5733983317837,0.));
#8414 = IFCCARTESIANPOINT((606.7002742795978,1976.9455543739286,0.));
#8415 = IFCCARTESIANPOINT((605.1393101690337,1978.5671933328267,0.));
#8416 = IFCCARTESIANPOINT((618.6935436795466,1972.4548618723638,0.));
#8417 = IFCPOLYLINE((#8418,#8419));
#8418 = IFCCARTESIANPOINT((605.1393101690337,1978.5671933328267,0.));
#8419 = IFCCARTESIANPOINT((605.1393101690337,1978.5671933328267,0.));
#8420 = IFCPOLYLINE((#8421,#8422,#8423,#8424,#8425,#8426,#8427,#8428,#8429));
#8421 = IFCCARTESIANPOINT((605.1393101690337,1978.5671933328267,0.));
#8422 = IFCCARTESIANPOINT((603.7479341438764,1980.4752477248567,0.));
#8423 = IFCCARTESIANPOINT((602.570615968743,1982.7066500663939,0.));
#8424 = IFCCARTESIANPOINT((601.6073556436339,1985.2614003574397,0.));
#8425 = IFCCARTESIANPOINT((600.8581531685493,1988.1394985979948,0.));
#8426 = IFCCARTESIANPOINT((600.3230085434886,1991.3409447880576,0.));
#8427 = IFCCARTESIANPOINT((600.0019217684523,1994.865738927629,0.));
#8428 = IFCCARTESIANPOINT((599.8948928434402,1998.713881016709,0.));
#8429 = IFCCARTESIANPOINT((605.1393101690337,1978.5671933328267,0.));
#8430 = IFCPOLYLINE((#8431,#8432));
#8431 = IFCCARTESIANPOINT((599.8948928434402,1998.713881016709,0.));
#8432 = IFCCARTESIANPOINT((599.8948928434402,1998.713881016709,0.));
#8433 = IFCPOLYLINE((#8434,#8435,#8436,#8437,#8438,#8439,#8440,#8441,#8442));
#8434 = IFCCARTESIANPOINT((599.8948928434402,1998.713881016709,0.));
#8435 = IFCCARTESIANPOINT((600.0132276408128,2003.023679560507,0.));
#8436 = IFCCARTESIANPOINT((600.3682320329303,2006.9837497859546,0.));
#8437 = IFCCARTESIANPOINT((600.959906019793,2010.594091693053,0.));
#8438 = IFCCARTESIANPOINT((601.7882496014009,2013.8547052818028,0.));
#8439 = IFCCARTESIANPOINT((602.8532627777539,2016.7655905522026,0.));
#8440 = IFCCARTESIANPOINT((604.1549455488519,2019.326747504253,0.));
#8441 = IFCCARTESIANPOINT((605.693297914695,2021.538176137954,0.));
#8442 = IFCCARTESIANPOINT((599.8948928434402,1998.713881016709,0.));
#8443 = IFCPOLYLINE((#8444,#8445));
#8444 = IFCCARTESIANPOINT((605.693297914695,2021.538176137954,0.));
#8445 = IFCCARTESIANPOINT((605.693297914695,2021.538176137954,0.));
#8446 = IFCPOLYLINE((#8447,#8448,#8449,#8450,#8451,#8452,#8453,#8454,#8455));
#8447 = IFCCARTESIANPOINT((605.693297914695,2021.538176137954,0.));
#8448 = IFCCARTESIANPOINT((607.2105459854654,2023.1843111536336,0.));
#8449 = IFCCARTESIANPOINT((608.8710017728012,2024.577194628439,0.));
#8450 = IFCCARTESIANPOINT((610.6746652767023,2025.7168265623702,0.));
#8451 = IFCCARTESIANPOINT((612.6215364971692,2026.603206955429,0.));
#8452 = IFCCARTESIANPOINT((614.7116154342016,2027.2363358076132,0.));
#8453 = IFCCARTESIANPOINT((616.9449020877994,2027.616213118924,0.));
#8454 = IFCCARTESIANPOINT((619.3213964579627,2027.7428388893604,0.));
#8455 = IFCCARTESIANPOINT((605.693297914695,2021.538176137954,0.));
#8456 = IFCPOLYLINE((#8457,#8458));
#8457 = IFCCARTESIANPOINT((619.3213964579627,2027.7428388893604,0.));
#8458 = IFCCARTESIANPOINT((619.3213964579627,2027.7428388893604,0.));
#8459 = IFCPOLYLINE((#8460,#8461,#8462,#8463,#8464,#8465,#8466,#8467,#8468));
#8460 = IFCCARTESIANPOINT((619.3213964579627,2027.7428388893604,0.));
#8461 = IFCCARTESIANPOINT((621.0998101802592,2027.6697275814304,0.));
#8462 = IFCCARTESIANPOINT((622.7840082995518,2027.4503936576373,0.));
#8463 = IFCCARTESIANPOINT((624.3739908158408,2027.084837117983,0.));
#8464 = IFCCARTESIANPOINT((625.8697577291264,2026.5730579624676,0.));
#8465 = IFCCARTESIANPOINT((627.2713090394082,2025.9150561910901,0.));
#8466 = IFCCARTESIANPOINT((628.5786447466865,2025.1108318038514,0.));
#8467 = IFCCARTESIANPOINT((629.791764850961,2024.1603848007508,0.));
#8468 = IFCCARTESIANPOINT((619.3213964579627,2027.7428388893604,0.));
#8469 = IFCPOLYLINE((#8470,#8471));
#8470 = IFCCARTESIANPOINT((629.791764850961,2024.1603848007508,0.));
#8471 = IFCCARTESIANPOINT((629.791764850961,2024.1603848007508,0.));
#8472 = IFCPOLYLINE((#8473,#8474,#8475,#8476,#8477,#8478,#8479,#8480,#8481));
#8473 = IFCCARTESIANPOINT((629.791764850961,2024.1603848007508,0.));
#8474 = IFCCARTESIANPOINT((630.8910725068075,2023.0810508527416,0.));
#8475 = IFCCARTESIANPOINT((631.8569708688004,2021.8901656307755,0.));
#8476 = IFCCARTESIANPOINT((632.6894599369402,2020.5877291348531,0.));
#8477 = IFCCARTESIANPOINT((633.3885397112273,2019.1737413649753,0.));
#8478 = IFCCARTESIANPOINT((633.954210191661,2017.6482023211404,0.));
#8479 = IFCCARTESIANPOINT((634.3864713782416,2016.0111120033498,0.));
#8480 = IFCCARTESIANPOINT((634.6853232709691,2014.2624704116024,0.));
#8481 = IFCCARTESIANPOINT((629.791764850961,2024.1603848007508,0.));
#8482 = IFCPOLYLINE((#8483,#8484,#8485,#8486,#8487,#8488,#8489,#8490,#8491));
#8483 = IFCCARTESIANPOINT((607.539923733566,1990.9211200610735,0.));
#8484 = IFCCARTESIANPOINT((607.5696958641153,1989.9458001387807,0.));
#8485 = IFCCARTESIANPOINT((607.6590122557626,1988.982539813671,0.));
#8486 = IFCCARTESIANPOINT((607.8078729085082,1988.0313390857464,0.));
#8487 = IFCCARTESIANPOINT((608.0162778223523,1987.0921979550067,0.));
#8488 = IFCCARTESIANPOINT((608.2842269972946,1986.1651164214509,0.));
#8489 = IFCCARTESIANPOINT((608.6117204333352,1985.2500944850797,0.));
#8490 = IFCCARTESIANPOINT((608.998758130474,1984.3471321458928,0.));
#8491 = IFCCARTESIANPOINT((607.539923733566,1990.9211200610735,0.));
#8492 = IFCPOLYLINE((#8493,#8494));
#8493 = IFCCARTESIANPOINT((608.998758130474,1984.3471321458928,0.));
#8494 = IFCCARTESIANPOINT((608.998758130474,1984.3471321458928,0.));
#8495 = IFCPOLYLINE((#8496,#8497,#8498,#8499,#8500,#8501,#8502,#8503,#8504));
#8496 = IFCCARTESIANPOINT((608.998758130474,1984.3471321458928,0.));
#8497 = IFCCARTESIANPOINT((609.4393102901191,1983.480725460672,0.));
#8498 = IFCCARTESIANPOINT((609.9273471136776,1982.6753704861967,0.));
#8499 = IFCCARTESIANPOINT((610.4628686011501,1981.9310672224676,0.));
#8500 = IFCCARTESIANPOINT((611.0458747525367,1981.2478156694858,0.));
#8501 = IFCCARTESIANPOINT((611.6763655678369,1980.62561582725,0.));
#8502 = IFCCARTESIANPOINT((612.3543410470511,1980.0644676957602,0.));
#8503 = IFCCARTESIANPOINT((613.0798011901788,1979.564371275017,0.));
#8504 = IFCCARTESIANPOINT((608.998758130474,1984.3471321458928,0.));
#8505 = IFCPOLYLINE((#8506,#8507));
#8506 = IFCCARTESIANPOINT((613.0798011901788,1979.564371275017,0.));
#8507 = IFCCARTESIANPOINT((613.0798011901788,1979.564371275017,0.));
#8508 = IFCPOLYLINE((#8509,#8510,#8511,#8512,#8513,#8514,#8515,#8516,#8517));
#8509 = IFCCARTESIANPOINT((613.0798011901788,1979.564371275017,0.));
#8510 = IFCCARTESIANPOINT((613.8342797390319,1979.1283414643167,0.));
#8511 = IFCCARTESIANPOINT((614.5993104354213,1978.759393162954,0.));
#8512 = IFCCARTESIANPOINT((615.3748932793469,1978.4575263709303,0.));
#8513 = IFCCARTESIANPOINT((616.1610282708093,1978.2227410882456,0.));
#8514 = IFCCARTESIANPOINT((616.9577154098079,1978.055037314899,0.));
#8515 = IFCCARTESIANPOINT((617.764954696343,1977.9544150508912,0.));
#8516 = IFCCARTESIANPOINT((618.5827461304143,1977.9208742962219,0.));
#8517 = IFCCARTESIANPOINT((613.0798011901788,1979.564371275017,0.));
#8518 = IFCPOLYLINE((#8519,#8520));
#8519 = IFCCARTESIANPOINT((618.5827461304143,1977.9208742962219,0.));
#8520 = IFCCARTESIANPOINT((618.5827461304143,1977.9208742962219,0.));
#8521 = IFCPOLYLINE((#8522,#8523,#8524,#8525,#8526,#8527,#8528,#8529,#8530));
#8522 = IFCCARTESIANPOINT((618.5827461304143,1977.9208742962219,0.));
#8523 = IFCCARTESIANPOINT((619.7615717551957,1977.990216980033,0.));
#8524 = IFCCARTESIANPOINT((620.8921589912391,1978.1982450314647,0.));
#8525 = IFCCARTESIANPOINT((621.9745078385446,1978.5449584505177,0.));
#8526 = IFCCARTESIANPOINT((623.0086182971124,1979.0303572371927,0.));
#8527 = IFCCARTESIANPOINT((623.9944903669423,1979.6544413914885,0.));
#8528 = IFCCARTESIANPOINT((624.9321240480343,1980.417210913406,0.));
#8529 = IFCCARTESIANPOINT((625.8215193403885,1981.3186658029445,0.));
#8530 = IFCCARTESIANPOINT((618.5827461304143,1977.9208742962219,0.));
#8531 = IFCPOLYLINE((#8532,#8533));
#8532 = IFCCARTESIANPOINT((625.8215193403885,1981.3186658029445,0.));
#8533 = IFCCARTESIANPOINT((625.8215193403885,1981.3186658029445,0.));
#8534 = IFCPOLYLINE((#8535,#8536,#8537,#8538,#8539,#8540,#8541,#8542,#8543));
#8535 = IFCCARTESIANPOINT((625.8215193403885,1981.3186658029445,0.));
#8536 = IFCCARTESIANPOINT((626.6249900028035,1982.33920921468,0.));
#8537 = IFCCARTESIANPOINT((627.3048497940775,1983.4592443031866,0.));
#8538 = IFCCARTESIANPOINT((627.8610987142108,1984.6787710684655,0.));
#8539 = IFCCARTESIANPOINT((628.2937367632036,1985.9977895105164,0.));
#8540 = IFCCARTESIANPOINT((628.6027639410554,1987.416299629339,0.));
#8541 = IFCCARTESIANPOINT((628.7881802477666,1988.934301424933,0.));
#8542 = IFCCARTESIANPOINT((628.8499856833369,1990.5517948972993,0.));
#8543 = IFCCARTESIANPOINT((625.8215193403885,1981.3186658029445,0.));
#8544 = IFCPOLYLINE((#8545,#8546));
#8545 = IFCCARTESIANPOINT((628.8499856833369,1990.5517948972993,0.));
#8546 = IFCCARTESIANPOINT((628.8499856833369,1990.5517948972993,0.));
#8547 = IFCPOLYLINE((#8548,#8549,#8550,#8551,#8552,#8553,#8554,#8555,#8556));
#8548 = IFCCARTESIANPOINT((628.8499856833369,1990.5517948972993,0.));
#8549 = IFCCARTESIANPOINT((628.7889339725907,1992.1071060716833,0.));
#8550 = IFCCARTESIANPOINT((628.6057788403516,1993.565186743767,0.));
#8551 = IFCCARTESIANPOINT((628.3005202866196,1994.9260369135511,0.));
#8552 = IFCCARTESIANPOINT((627.8731583113954,1996.1896565810362,0.));
#8553 = IFCCARTESIANPOINT((627.3236929146783,1997.3560457462208,0.));
#8554 = IFCCARTESIANPOINT((626.6521240964685,1998.4252044091058,0.));
#8555 = IFCCARTESIANPOINT((625.8584518567659,1999.3971325696912,0.));
#8556 = IFCCARTESIANPOINT((628.8499856833369,1990.5517948972993,0.));
#8557 = IFCPOLYLINE((#8558,#8559));
#8558 = IFCCARTESIANPOINT((625.8584518567659,1999.3971325696912,0.));
#8559 = IFCCARTESIANPOINT((625.8584518567659,1999.3971325696912,0.));
#8560 = IFCPOLYLINE((#8561,#8562,#8563,#8564,#8565,#8566,#8567,#8568,#8569));
#8561 = IFCCARTESIANPOINT((625.8584518567659,1999.3971325696912,0.));
#8562 = IFCCARTESIANPOINT((624.972071463708,2000.2544945570246,0.));
#8563 = IFCCARTESIANPOINT((624.0223781854313,2000.9799547001521,0.));
#8564 = IFCCARTESIANPOINT((623.0093720219363,2001.5735129990746,0.));
#8565 = IFCCARTESIANPOINT((621.9330529732231,2002.0351694537926,0.));
#8566 = IFCCARTESIANPOINT((620.7934210392912,2002.3649240643053,0.));
#8567 = IFCCARTESIANPOINT((619.590476220141,2002.562776830613,0.));
#8568 = IFCCARTESIANPOINT((618.3242185157724,2002.6287277527153,0.));
#8569 = IFCCARTESIANPOINT((625.8584518567659,1999.3971325696912,0.));
#8570 = IFCPOLYLINE((#8571,#8572));
#8571 = IFCCARTESIANPOINT((618.3242185157724,2002.6287277527153,0.));
#8572 = IFCCARTESIANPOINT((618.3242185157724,2002.6287277527153,0.));
#8573 = IFCPOLYLINE((#8574,#8575,#8576,#8577,#8578,#8579,#8580,#8581,#8582));
#8574 = IFCCARTESIANPOINT((618.3242185157724,2002.6287277527153,0.));
#8575 = IFCCARTESIANPOINT((617.06474433482,2002.5627768306133,0.));
#8576 = IFCCARTESIANPOINT((615.8610457908458,2002.3649240643051,0.));
#8577 = IFCCARTESIANPOINT((614.7131228838496,2002.0351694537924,0.));
#8578 = IFCCARTESIANPOINT((613.6209756138317,2001.5735129990749,0.));
#8579 = IFCCARTESIANPOINT((612.5846039807918,2000.9799547001521,0.));
#8580 = IFCCARTESIANPOINT((611.6040079847302,2000.2544945570244,0.));
#8581 = IFCCARTESIANPOINT((610.6791876256466,1999.3971325696912,0.));
#8582 = IFCCARTESIANPOINT((618.3242185157724,2002.6287277527153,0.));
#8583 = IFCPOLYLINE((#8584,#8585));
#8584 = IFCCARTESIANPOINT((610.6791876256466,1999.3971325696912,0.));
#8585 = IFCCARTESIANPOINT((610.6791876256466,1999.3971325696912,0.));
#8586 = IFCPOLYLINE((#8587,#8588,#8589,#8590,#8591,#8592,#8593,#8594,#8595));
#8587 = IFCCARTESIANPOINT((610.6791876256466,1999.3971325696912,0.));
#8588 = IFCCARTESIANPOINT((609.8463216950947,1998.4327416573467,0.));
#8589 = IFCCARTESIANPOINT((609.1415889846274,1997.3861947391817,0.));
#8590 = IFCCARTESIANPOINT((608.5649894942452,1996.2574918151981,0.));
#8591 = IFCCARTESIANPOINT((608.1165232239482,1995.046632885396,0.));
#8592 = IFCCARTESIANPOINT((607.7961901737358,1993.7536179497745,0.));
#8593 = IFCCARTESIANPOINT((607.6039903436084,1992.3784470083338,0.));
#8594 = IFCCARTESIANPOINT((607.539923733566,1990.9211200610735,0.));
#8595 = IFCCARTESIANPOINT((610.6791876256466,1999.3971325696912,0.));
#8596 = IFCPOLYLINE((#8597,#8598,#8599,#8600,#8601));
#8597 = IFCCARTESIANPOINT((641.5178388007917,1989.6284819878638,0.));
#8598 = IFCCARTESIANPOINT((641.5178388007917,1996.3132674521767,0.));
#8599 = IFCCARTESIANPOINT((661.9415203575045,1996.3132674521767,0.));
#8600 = IFCCARTESIANPOINT((661.9415203575045,1989.6284819878638,0.));
#8601 = IFCCARTESIANPOINT((641.5178388007917,1989.6284819878638,0.));
#8602 = IFCPOLYLINE((#8603,#8604,#8605,#8606,#8607));
#8603 = IFCCARTESIANPOINT((702.3826257907785,1979.7675001150928,0.));
#8604 = IFCCARTESIANPOINT((702.3826257907785,1973.3781747817993,0.));
#8605 = IFCCARTESIANPOINT((666.5950174210593,1973.3781747817993,0.));
#8606 = IFCCARTESIANPOINT((666.5950174210593,1973.3781747817993,0.));
#8607 = IFCCARTESIANPOINT((702.3826257907785,1979.7675001150928,0.));
#8608 = IFCPOLYLINE((#8609,#8610,#8611,#8612,#8613,#8614,#8615,#8616,#8617));
#8609 = IFCCARTESIANPOINT((666.5950174210593,1973.3781747817993,0.));
#8610 = IFCCARTESIANPOINT((666.5927562465874,1974.0602957475458,0.));
#8611 = IFCCARTESIANPOINT((666.6281813133165,1974.7348794650516,0.));
#8612 = IFCCARTESIANPOINT((666.7012926212473,1975.4019259343168,0.));
#8613 = IFCCARTESIANPOINT((666.8120901703797,1976.0614351553427,0.));
#8614 = IFCCARTESIANPOINT((666.9605739607134,1976.7134071281275,0.));
#8615 = IFCCARTESIANPOINT((667.1467439922485,1977.3578418526724,0.));
#8616 = IFCCARTESIANPOINT((667.3706002649851,1977.9947393289767,0.));
#8617 = IFCCARTESIANPOINT((666.5950174210593,1973.3781747817993,0.));
#8618 = IFCPOLYLINE((#8619,#8620));
#8619 = IFCCARTESIANPOINT((667.3706002649851,1977.9947393289767,0.));
#8620 = IFCCARTESIANPOINT((667.3706002649851,1977.9947393289767,0.));
#8621 = IFCPOLYLINE((#8622,#8623,#8624,#8625,#8626,#8627,#8628,#8629,#8630));
#8622 = IFCCARTESIANPOINT((667.3706002649851,1977.9947393289767,0.));
#8623 = IFCCARTESIANPOINT((667.7945704785017,1979.0371407606092,0.));
#8624 = IFCCARTESIANPOINT((668.2856222013563,1980.0750198432968,0.));
#8625 = IFCCARTESIANPOINT((668.8437554335496,1981.1083765770402,0.));
#8626 = IFCCARTESIANPOINT((669.4689701750818,1982.13721096184,0.));
#8627 = IFCCARTESIANPOINT((670.1612664259524,1983.161522997695,0.));
#8628 = IFCCARTESIANPOINT((670.9206441861616,1984.1813126846066,0.));
#8629 = IFCCARTESIANPOINT((671.7471034557093,1985.1965800225735,0.));
#8630 = IFCCARTESIANPOINT((667.3706002649851,1977.9947393289767,0.));
#8631 = IFCPOLYLINE((#8632,#8633));
#8632 = IFCCARTESIANPOINT((671.7471034557093,1985.1965800225735,0.));
#8633 = IFCCARTESIANPOINT((671.7471034557093,1985.1965800225735,0.));
#8634 = IFCPOLYLINE((#8635,#8636,#8637,#8638,#8639,#8640,#8641,#8642,#8643));
#8635 = IFCCARTESIANPOINT((671.7471034557093,1985.1965800225735,0.));
#8636 = IFCCARTESIANPOINT((672.6617485296687,1986.2321979307899,0.));
#8637 = IFCCARTESIANPOINT((673.6856837031119,1987.3130393284468,0.));
#8638 = IFCCARTESIANPOINT((674.8189089760392,1988.439104215546,0.));
#8639 = IFCCARTESIANPOINT((676.0614243484512,1989.610392592087,0.));
#8640 = IFCCARTESIANPOINT((677.413229820347,1990.8269044580697,0.));
#8641 = IFCCARTESIANPOINT((678.8743253917272,1992.0886398134944,0.));
#8642 = IFCCARTESIANPOINT((680.4447110625915,1993.3955986583605,0.));
#8643 = IFCCARTESIANPOINT((671.7471034557093,1985.1965800225735,0.));
#8644 = IFCPOLYLINE((#8645,#8646));
#8645 = IFCCARTESIANPOINT((680.4447110625915,1993.3955986583605,0.));
#8646 = IFCCARTESIANPOINT((680.4447110625915,1993.3955986583605,0.));
#8647 = IFCPOLYLINE((#8648,#8649,#8650,#8651,#8652,#8653,#8654,#8655,#8656));
#8648 = IFCCARTESIANPOINT((680.4447110625915,1993.3955986583605,0.));
#8649 = IFCCARTESIANPOINT((682.8498469760682,1995.4023910023382,0.));
#8650 = IFCCARTESIANPOINT((685.0213281940955,1997.286326199998,0.));
#8651 = IFCCARTESIANPOINT((686.9591547166738,1999.0474042513413,0.));
#8652 = IFCCARTESIANPOINT((688.6633265438035,2000.6856251563688,0.));
#8653 = IFCCARTESIANPOINT((690.133843675484,2002.200988915079,0.));
#8654 = IFCCARTESIANPOINT((691.3707061117154,2003.5934955274724,0.));
#8655 = IFCCARTESIANPOINT((692.3739138524979,2004.8631449935492,0.));
#8656 = IFCCARTESIANPOINT((680.4447110625915,1993.3955986583605,0.));
#8657 = IFCPOLYLINE((#8658,#8659));
#8658 = IFCCARTESIANPOINT((692.3739138524979,2004.8631449935492,0.));
#8659 = IFCCARTESIANPOINT((692.3739138524979,2004.8631449935492,0.));
#8660 = IFCPOLYLINE((#8661,#8662,#8663,#8664,#8665,#8666,#8667,#8668,#8669));
#8661 = IFCCARTESIANPOINT((692.3739138524979,2004.8631449935492,0.));
#8662 = IFCCARTESIANPOINT((693.1969813603378,2006.061944326168,0.));
#8663 = IFCCARTESIANPOINT((693.8934230977403,2007.2419005381846,0.));
#8664 = IFCCARTESIANPOINT((694.4632390647062,2008.403013629601,0.));
#8665 = IFCCARTESIANPOINT((694.9064292612354,2009.5452836004174,0.));
#8666 = IFCCARTESIANPOINT((695.2229936873274,2010.6687104506323,0.));
#8667 = IFCCARTESIANPOINT((695.4129323429828,2011.773294180247,0.));
#8668 = IFCCARTESIANPOINT((695.4762452282012,2012.8590347892605,0.));
#8669 = IFCCARTESIANPOINT((692.3739138524979,2004.8631449935492,0.));
#8670 = IFCPOLYLINE((#8671,#8672));
#8671 = IFCCARTESIANPOINT((695.4762452282012,2012.8590347892605,0.));
#8672 = IFCCARTESIANPOINT((695.4762452282012,2012.8590347892605,0.));
#8673 = IFCPOLYLINE((#8674,#8675,#8676,#8677,#8678,#8679,#8680,#8681,#8682));
#8674 = IFCCARTESIANPOINT((695.4762452282012,2012.8590347892605,0.));
#8675 = IFCCARTESIANPOINT((695.4185852791632,2013.9628647940515,0.));
#8676 = IFCCARTESIANPOINT((695.2456054320483,2015.0161952356316,0.));
#8677 = IFCCARTESIANPOINT((694.9573056868572,2016.0190261140015,0.));
#8678 = IFCCARTESIANPOINT((694.5536860435898,2016.9713574291627,0.));
#8679 = IFCCARTESIANPOINT((694.0347465022458,2017.873189181113,0.));
#8680 = IFCCARTESIANPOINT((693.4004870628255,2018.724521369854,0.));
#8681 = IFCCARTESIANPOINT((692.6509077253286,2019.5253539953846,0.));
#8682 = IFCCARTESIANPOINT((695.4762452282012,2012.8590347892605,0.));
#8683 = IFCPOLYLINE((#8684,#8685));
#8684 = IFCCARTESIANPOINT((692.6509077253286,2019.5253539953846,0.));
#8685 = IFCCARTESIANPOINT((692.6509077253286,2019.5253539953846,0.));
#8686 = IFCPOLYLINE((#8687,#8688,#8689,#8690,#8691,#8692,#8693,#8694,#8695));
#8687 = IFCCARTESIANPOINT((692.6509077253286,2019.5253539953846,0.));
#8688 = IFCCARTESIANPOINT((691.8086202344763,2020.245538064745,0.));
#8689 = IFCCARTESIANPOINT((690.8962363349891,2020.8549245849717,0.));
#8690 = IFCCARTESIANPOINT((689.9137560268674,2021.3535135560664,0.));
#8691 = IFCCARTESIANPOINT((688.861179310111,2021.7413049780303,0.));
#8692 = IFCCARTESIANPOINT((687.7385061847198,2022.0182988508604,0.));
#8693 = IFCCARTESIANPOINT((686.545736650694,2022.184495174559,0.));
#8694 = IFCCARTESIANPOINT((685.2828707080334,2022.239893949125,0.));
#8695 = IFCCARTESIANPOINT((692.6509077253286,2019.5253539953846,0.));
#8696 = IFCPOLYLINE((#8697,#8698));
#8697 = IFCCARTESIANPOINT((685.2828707080334,2022.239893949125,0.));
#8698 = IFCCARTESIANPOINT((685.2828707080334,2022.239893949125,0.));
#8699 = IFCPOLYLINE((#8700,#8701,#8702,#8703,#8704,#8705,#8706,#8707,#8708));
#8700 = IFCCARTESIANPOINT((685.2828707080334,2022.239893949125,0.));
#8701 = IFCCARTESIANPOINT((683.9502852191504,2022.1811034128514,0.));
#8702 = IFCCARTESIANPOINT((682.696087111966,2022.004731804028,0.));
#8703 = IFCCARTESIANPOINT((681.5202763864808,2021.7107791226565,0.));
#8704 = IFCCARTESIANPOINT((680.4228530426948,2021.299245368737,0.));
#8705 = IFCCARTESIANPOINT((679.4038170806075,2020.7701305422684,0.));
#8706 = IFCCARTESIANPOINT((678.4631685002194,2020.1234346432516,0.));
#8707 = IFCCARTESIANPOINT((677.6009073015302,2019.3591576716863,0.));
#8708 = IFCCARTESIANPOINT((685.2828707080334,2022.239893949125,0.));
#8709 = IFCPOLYLINE((#8710,#8711));
#8710 = IFCCARTESIANPOINT((677.6009073015302,2019.3591576716863,0.));
#8711 = IFCCARTESIANPOINT((677.6009073015302,2019.3591576716863,0.));
#8712 = IFCPOLYLINE((#8713,#8714,#8715,#8716,#8717,#8718,#8719,#8720,#8721));
#8713 = IFCCARTESIANPOINT((677.6009073015302,2019.3591576716863,0.));
#8714 = IFCCARTESIANPOINT((676.8358766051409,2018.4908666744054,0.));
#8715 = IFCCARTESIANPOINT((676.1869195316518,2017.5321286982403,0.));
#8716 = IFCCARTESIANPOINT((675.6540360810634,2016.4829437431918,0.));
#8717 = IFCCARTESIANPOINT((675.2372262533754,2015.3433118092603,0.));
#8718 = IFCCARTESIANPOINT((674.9364900485879,2014.1132328964447,0.));
#8719 = IFCCARTESIANPOINT((674.7518274667009,2012.792707004746,0.));
#8720 = IFCCARTESIANPOINT((674.6832385077141,2011.3817341341637,0.));
#8721 = IFCCARTESIANPOINT((677.6009073015302,2019.3591576716863,0.));
#8722 = IFCPOLYLINE((#8723,#8724,#8725,#8726));
#8723 = IFCCARTESIANPOINT((674.6832385077141,2011.3817341341637,0.));
#8724 = IFCCARTESIANPOINT((667.8507229778916,2012.0834519453347,0.));
#8725 = IFCCARTESIANPOINT((667.8507229778916,2012.0834519453347,0.));
#8726 = IFCCARTESIANPOINT((674.6832385077141,2011.3817341341637,0.));
#8727 = IFCPOLYLINE((#8728,#8729,#8730,#8731,#8732,#8733,#8734,#8735,#8736));
#8728 = IFCCARTESIANPOINT((667.8507229778916,2012.0834519453347,0.));
#8729 = IFCCARTESIANPOINT((668.1303548876065,2014.1935045902042,0.));
#8730 = IFCCARTESIANPOINT((668.5682690103672,2016.1550734447392,0.));
#8731 = IFCCARTESIANPOINT((669.164465346174,2017.9681585089406,0.));
#8732 = IFCCARTESIANPOINT((669.9189438950272,2019.632759782809,0.));
#8733 = IFCCARTESIANPOINT((670.8317046569261,2021.148877266343,0.));
#8734 = IFCCARTESIANPOINT((671.9027476318713,2022.5165109595437,0.));
#8735 = IFCCARTESIANPOINT((673.1320728198625,2023.7356608624104,0.));
#8736 = IFCCARTESIANPOINT((667.8507229778916,2012.0834519453347,0.));
#8737 = IFCPOLYLINE((#8738,#8739));
#8738 = IFCCARTESIANPOINT((673.1320728198625,2023.7356608624104,0.));
#8739 = IFCCARTESIANPOINT((673.1320728198625,2023.7356608624104,0.));
#8740 = IFCPOLYLINE((#8741,#8742,#8743,#8744,#8745,#8746,#8747,#8748,#8749));
#8741 = IFCCARTESIANPOINT((673.1320728198625,2023.7356608624104,0.));
#8742 = IFCCARTESIANPOINT((674.5046057244194,2024.7987897267037,0.));
#8743 = IFCCARTESIANPOINT((676.005271849061,2025.6983603041817,0.));
#8744 = IFCCARTESIANPOINT((677.6340711937873,2026.4343725948459,0.));
#8745 = IFCCARTESIANPOINT((679.3910037585991,2027.0068265986965,0.));
#8746 = IFCCARTESIANPOINT((681.2760695434955,2027.4157223157317,0.));
#8747 = IFCCARTESIANPOINT((683.2892685484769,2027.6610597459535,0.));
#8748 = IFCCARTESIANPOINT((685.4306007735431,2027.7428388893604,0.));
#8749 = IFCCARTESIANPOINT((673.1320728198625,2023.7356608624104,0.));
#8750 = IFCPOLYLINE((#8751,#8752));
#8751 = IFCCARTESIANPOINT((685.4306007735431,2027.7428388893604,0.));
#8752 = IFCCARTESIANPOINT((685.4306007735431,2027.7428388893604,0.));
#8753 = IFCPOLYLINE((#8754,#8755,#8756,#8757,#8758,#8759,#8760,#8761,#8762));
#8754 = IFCCARTESIANPOINT((685.4306007735431,2027.7428388893604,0.));
#8755 = IFCCARTESIANPOINT((687.5907761192102,2027.6546530849498,0.));
#8756 = IFCCARTESIANPOINT((689.6182958958482,2027.3900956717148,0.));
#8757 = IFCCARTESIANPOINT((691.5131601034568,2026.9491666496576,0.));
#8758 = IFCCARTESIANPOINT((693.2753687420368,2026.3318660187783,0.));
#8759 = IFCCARTESIANPOINT((694.9049218115872,2025.5381937790758,0.));
#8760 = IFCCARTESIANPOINT((696.4018193121087,2024.5681499305506,0.));
#8761 = IFCCARTESIANPOINT((697.7660612436011,2023.4217344732024,0.));
#8762 = IFCCARTESIANPOINT((685.4306007735431,2027.7428388893604,0.));
#8763 = IFCPOLYLINE((#8764,#8765));
#8764 = IFCCARTESIANPOINT((697.7660612436011,2023.4217344732024,0.));
#8765 = IFCCARTESIANPOINT((697.7660612436011,2023.4217344732024,0.));
#8766 = IFCPOLYLINE((#8767,#8768,#8769,#8770,#8771,#8772,#8773,#8774,#8775));
#8767 = IFCCARTESIANPOINT((697.7660612436011,2023.4217344732024,0.));
#8768 = IFCCARTESIANPOINT((698.9712672372237,2022.1449246212978,0.));
#8769 = IFCCARTESIANPOINT((699.9910569241348,2020.783697589101,0.));
#8770 = IFCCARTESIANPOINT((700.8254303043346,2019.3380533766133,0.));
#8771 = IFCCARTESIANPOINT((701.4743873778237,2017.8079919838347,0.));
#8772 = IFCCARTESIANPOINT((701.9379281446014,2016.1935134107648,0.));
#8773 = IFCCARTESIANPOINT((702.2160526046682,2014.4946176574035,0.));
#8774 = IFCCARTESIANPOINT((702.3087607580237,2012.7113047237508,0.));
#8775 = IFCCARTESIANPOINT((697.7660612436011,2023.4217344732024,0.));
#8776 = IFCPOLYLINE((#8777,#8778));
#8777 = IFCCARTESIANPOINT((702.3087607580237,2012.7113047237508,0.));
#8778 = IFCCARTESIANPOINT((702.3087607580237,2012.7113047237508,0.));
#8779 = IFCPOLYLINE((#8780,#8781,#8782,#8783,#8784,#8785,#8786,#8787,#8788));
#8780 = IFCCARTESIANPOINT((702.3087607580237,2012.7113047237508,0.));
#8781 = IFCCARTESIANPOINT((702.2816266643589,2011.7849769150196,0.));
#8782 = IFCCARTESIANPOINT((702.2002243833635,2010.8631714552318,0.));
#8783 = IFCCARTESIANPOINT((702.0645539150382,2009.945888344388,0.));
#8784 = IFCCARTESIANPOINT((701.8746152593831,2009.0331275824897,0.));
#8785 = IFCCARTESIANPOINT((701.6304084163976,2008.1248891695345,0.));
#8786 = IFCCARTESIANPOINT((701.3319333860823,2007.221173105524,0.));
#8787 = IFCCARTESIANPOINT((700.9791901684366,2006.3219793904573,0.));
#8788 = IFCCARTESIANPOINT((702.3087607580237,2012.7113047237508,0.));
#8789 = IFCPOLYLINE((#8790,#8791));
#8790 = IFCCARTESIANPOINT((700.9791901684366,2006.3219793904573,0.));
#8791 = IFCCARTESIANPOINT((700.9791901684366,2006.3219793904573,0.));
#8792 = IFCPOLYLINE((#8793,#8794,#8795,#8796,#8797,#8798,#8799,#8800,#8801));
#8793 = IFCCARTESIANPOINT((700.9791901684366,2006.3219793904573,0.));
#8794 = IFCCARTESIANPOINT((700.5635109279848,2005.418263326447,0.));
#8795 = IFCCARTESIANPOINT((700.07622782925,2004.5009802156035,0.));
#8796 = IFCCARTESIANPOINT((699.5173408722324,2003.5701300579274,0.));
#8797 = IFCCARTESIANPOINT((698.8868500569322,2002.6257128534194,0.));
#8798 = IFCCARTESIANPOINT((698.1847553833493,2001.6677286020786,0.));
#8799 = IFCCARTESIANPOINT((697.4110568514835,2000.6961773039052,0.));
#8800 = IFCCARTESIANPOINT((696.565754461335,1999.7110589588992,0.));
#8801 = IFCCARTESIANPOINT((700.9791901684366,2006.3219793904573,0.));
#8802 = IFCPOLYLINE((#8803,#8804));
#8803 = IFCCARTESIANPOINT((696.565754461335,1999.7110589588992,0.));
#8804 = IFCCARTESIANPOINT((696.565754461335,1999.7110589588992,0.));
#8805 = IFCPOLYLINE((#8806,#8807,#8808,#8809,#8810,#8811,#8812,#8813,#8814));
#8806 = IFCCARTESIANPOINT((696.565754461335,1999.7110589588992,0.));
#8807 = IFCCARTESIANPOINT((695.6013635489902,1998.6663963527958,0.));
#8808 = IFCCARTESIANPOINT((694.4703994505345,1997.5162122713273,0.));
#8809 = IFCCARTESIANPOINT((693.1728621659686,1996.2605067144946,0.));
#8810 = IFCCARTESIANPOINT((691.7087516952924,1994.8992796822986,0.));
#8811 = IFCCARTESIANPOINT((690.0780680385058,1993.432531174738,0.));
#8812 = IFCCARTESIANPOINT((688.2808111956087,1991.8602611918136,0.));
#8813 = IFCCARTESIANPOINT((686.3169811666012,1990.182469733525,0.));
#8814 = IFCCARTESIANPOINT((696.565754461335,1999.7110589588992,0.));
#8815 = IFCPOLYLINE((#8816,#8817));
#8816 = IFCCARTESIANPOINT((686.3169811666012,1990.182469733525,0.));
#8817 = IFCCARTESIANPOINT((686.3169811666012,1990.182469733525,0.));
#8818 = IFCPOLYLINE((#8819,#8820,#8821,#8822,#8823,#8824,#8825,#8826,#8827));
#8819 = IFCCARTESIANPOINT((686.3169811666012,1990.182469733525,0.));
#8820 = IFCCARTESIANPOINT((684.694965345291,1988.813328590677,0.));
#8821 = IFCCARTESIANPOINT((683.2478136831552,1987.5760892920327,0.));
#8822 = IFCCARTESIANPOINT((681.9755261801943,1986.4707518375944,0.));
#8823 = IFCCARTESIANPOINT((680.8781028364083,1985.497316227361,0.));
#8824 = IFCCARTESIANPOINT((679.9555436517967,1984.6557824613328,0.));
#8825 = IFCCARTESIANPOINT((679.20784862636,1983.9461505395095,0.));
#8826 = IFCCARTESIANPOINT((678.635017760098,1983.3684204618912,0.));
#8827 = IFCCARTESIANPOINT((686.3169811666012,1990.182469733525,0.));
#8828 = IFCPOLYLINE((#8829,#8830));
#8829 = IFCCARTESIANPOINT((678.635017760098,1983.3684204618912,0.));
#8830 = IFCCARTESIANPOINT((678.635017760098,1983.3684204618912,0.));
#8831 = IFCPOLYLINE((#8832,#8833,#8834,#8835,#8836,#8837,#8838,#8839,#8840));
#8832 = IFCCARTESIANPOINT((678.635017760098,1983.3684204618912,0.));
#8833 = IFCCARTESIANPOINT((678.1616785706079,1982.8562644439642,0.));
#8834 = IFCCARTESIANPOINT((677.7124585754866,1982.3433547012116,0.));
#8835 = IFCCARTESIANPOINT((677.287357774734,1981.8296912336357,0.));
#8836 = IFCCARTESIANPOINT((676.8863761683508,1981.3152740412365,0.));
#8837 = IFCCARTESIANPOINT((676.5095137563363,1980.8001031240124,0.));
#8838 = IFCCARTESIANPOINT((676.1567705386908,1980.2841784819648,0.));
#8839 = IFCCARTESIANPOINT((675.8281465154141,1979.7675001150928,0.));
#8840 = IFCCARTESIANPOINT((678.635017760098,1983.3684204618912,0.));
#8841 = IFCPOLYLINE((#8842,#8843,#8844));
#8842 = IFCCARTESIANPOINT((675.8281465154141,1979.7675001150928,0.));
#8843 = IFCCARTESIANPOINT((702.3826257907785,1979.7675001150928,0.));
#8844 = IFCCARTESIANPOINT((675.8281465154141,1979.7675001150928,0.));
#8845 = IFCPOLYLINE((#8846,#8847));
#8846 = IFCCARTESIANPOINT((709.5106014516205,2000.0803841226734,0.));
#8847 = IFCCARTESIANPOINT((709.5106014516205,2000.0803841226734,0.));
#8848 = IFCPOLYLINE((#8849,#8850,#8851,#8852,#8853,#8854,#8855,#8856,#8857));
#8849 = IFCCARTESIANPOINT((709.5106014516205,2000.0803841226734,0.));
#8850 = IFCCARTESIANPOINT((709.5509257297061,2002.7474394125004,0.));
#8851 = IFCCARTESIANPOINT((709.6718985639627,2005.2614885630485,0.));
#8852 = IFCCARTESIANPOINT((709.8735199543904,2007.622531574319,0.));
#8853 = IFCCARTESIANPOINT((710.1557899009894,2009.8305684463126,0.));
#8854 = IFCCARTESIANPOINT((710.5187084037592,2011.8855991790272,0.));
#8855 = IFCCARTESIANPOINT((710.9622754627003,2013.7876237724643,0.));
#8856 = IFCCARTESIANPOINT((711.4864910778124,2015.5366422266234,0.));
#8857 = IFCCARTESIANPOINT((709.5106014516205,2000.0803841226734,0.));
#8858 = IFCPOLYLINE((#8859,#8860));
#8859 = IFCCARTESIANPOINT((711.4864910778124,2015.5366422266234,0.));
#8860 = IFCCARTESIANPOINT((711.4864910778124,2015.5366422266234,0.));
#8861 = IFCPOLYLINE((#8862,#8863,#8864,#8865,#8866,#8867,#8868,#8869,#8870));
#8862 = IFCCARTESIANPOINT((711.4864910778124,2015.5366422266234,0.));
#8863 = IFCCARTESIANPOINT((712.0902246618597,2017.1545125614023,0.));
#8864 = IFCCARTESIANPOINT((712.7723456276058,2018.6630927966953,0.));
#8865 = IFCCARTESIANPOINT((713.532853975051,2020.062382932505,0.));
#8866 = IFCCARTESIANPOINT((714.3717497041953,2021.352382968831,0.));
#8867 = IFCCARTESIANPOINT((715.2890328150386,2022.5330929056722,0.));
#8868 = IFCCARTESIANPOINT((716.2847033075807,2023.6045127430293,0.));
#8869 = IFCCARTESIANPOINT((717.358761181822,2024.5666424809024,0.));
#8870 = IFCCARTESIANPOINT((711.4864910778124,2015.5366422266234,0.));
#8871 = IFCPOLYLINE((#8872,#8873));
#8872 = IFCCARTESIANPOINT((717.358761181822,2024.5666424809024,0.));
#8873 = IFCCARTESIANPOINT((717.358761181822,2024.5666424809024,0.));
#8874 = IFCPOLYLINE((#8875,#8876,#8877,#8878,#8879,#8880,#8881,#8882,#8883));
#8875 = IFCCARTESIANPOINT((717.358761181822,2024.5666424809024,0.));
#8876 = IFCCARTESIANPOINT((718.5130907498225,2025.409306834167,0.));
#8877 = IFCCARTESIANPOINT((719.749576323642,2026.1223305176982,0.));
#8878 = IFCCARTESIANPOINT((721.0682179032805,2026.7057135314965,0.));
#8879 = IFCCARTESIANPOINT((722.4690154887384,2027.1594558755623,0.));
#8880 = IFCCARTESIANPOINT((723.9519690800155,2027.4835575498946,0.));
#8881 = IFCCARTESIANPOINT((725.5170786771116,2027.6780185544942,0.));
#8882 = IFCCARTESIANPOINT((727.1643442800269,2027.7428388893604,0.));
#8883 = IFCCARTESIANPOINT((717.358761181822,2024.5666424809024,0.));
#8884 = IFCPOLYLINE((#8885,#8886));
#8885 = IFCCARTESIANPOINT((727.1643442800269,2027.7428388893604,0.));
#8886 = IFCCARTESIANPOINT((727.1643442800269,2027.7428388893604,0.));
#8887 = IFCPOLYLINE((#8888,#8889,#8890,#8891,#8892,#8893,#8894,#8895,#8896));
#8888 = IFCCARTESIANPOINT((727.1643442800269,2027.7428388893604,0.));
#8889 = IFCCARTESIANPOINT((728.387639669426,2027.7070369602197,0.));
#8890 = IFCCARTESIANPOINT((729.5672190190312,2027.5996311727947,0.));
#8891 = IFCCARTESIANPOINT((730.7030823288428,2027.4206215270879,0.));
#8892 = IFCCARTESIANPOINT((731.7952295988608,2027.1700080230985,0.));
#8893 = IFCCARTESIANPOINT((732.8436608290851,2026.847790660826,0.));
#8894 = IFCCARTESIANPOINT((733.8483760195157,2026.453969440271,0.));
#8895 = IFCCARTESIANPOINT((734.8093751701526,2025.988544361433,0.));
#8896 = IFCCARTESIANPOINT((727.1643442800269,2027.7428388893604,0.));
#8897 = IFCPOLYLINE((#8898,#8899));
#8898 = IFCCARTESIANPOINT((734.8093751701526,2025.988544361433,0.));
#8899 = IFCCARTESIANPOINT((734.8093751701526,2025.988544361433,0.));
#8900 = IFCPOLYLINE((#8901,#8902,#8903,#8904,#8905,#8906,#8907,#8908,#8909));
#8901 = IFCCARTESIANPOINT((734.8093751701526,2025.988544361433,0.));
#8902 = IFCCARTESIANPOINT((735.725150831348,2025.455660910845,0.));
#8903 = IFCCARTESIANPOINT((736.5941955534532,2024.8594645750375,0.));
#8904 = IFCCARTESIANPOINT((737.4165093364688,2024.1999553540124,0.));
#8905 = IFCCARTESIANPOINT((738.1920921803946,2023.477133247769,0.));
#8906 = IFCCARTESIANPOINT((738.9209440852308,2022.6909982563066,0.));
#8907 = IFCCARTESIANPOINT((739.6030650509769,2021.8415503796257,0.));
#8908 = IFCCARTESIANPOINT((740.2384550776333,2020.9287896177266,0.));
#8909 = IFCCARTESIANPOINT((734.8093751701526,2025.988544361433,0.));
#8910 = IFCPOLYLINE((#8911,#8912));
#8911 = IFCCARTESIANPOINT((740.2384550776333,2020.9287896177266,0.));
#8912 = IFCCARTESIANPOINT((740.2384550776333,2020.9287896177266,0.));
#8913 = IFCPOLYLINE((#8914,#8915,#8916,#8917,#8918,#8919,#8920,#8921,#8922));
#8914 = IFCCARTESIANPOINT((740.2384550776333,2020.9287896177266,0.));
#8915 = IFCCARTESIANPOINT((740.8316365141442,2019.9549771450818,0.));
#8916 = IFCCARTESIANPOINT((741.3871317094535,2018.9223741361616,0.));
#8917 = IFCCARTESIANPOINT((741.9049406635612,2017.8309805909673,0.));
#8918 = IFCCARTESIANPOINT((742.3850633764678,2016.6807965094997,0.));
#8919 = IFCCARTESIANPOINT((742.8274998481727,2015.471821891757,0.));
#8920 = IFCCARTESIANPOINT((743.2322500786763,2014.2040567377403,0.));
#8921 = IFCCARTESIANPOINT((743.5993140679784,2012.8775010474492,0.));
#8922 = IFCCARTESIANPOINT((740.2384550776333,2020.9287896177266,0.));
#8923 = IFCPOLYLINE((#8924,#8925));
#8924 = IFCCARTESIANPOINT((743.5993140679784,2012.8775010474492,0.));
#8925 = IFCCARTESIANPOINT((743.5993140679784,2012.8775010474492,0.));
#8926 = IFCPOLYLINE((#8927,#8928,#8929,#8930,#8931,#8932,#8933,#8934,#8935));
#8927 = IFCCARTESIANPOINT((743.5993140679784,2012.8775010474492,0.));
#8928 = IFCCARTESIANPOINT((743.922662017487,2011.454091717271,0.));
#8929 = IFCCARTESIANPOINT((744.1962641286094,2009.8957656435905,0.));
#8930 = IFCCARTESIANPOINT((744.4201204013459,2008.2025228264092,0.));
#8931 = IFCCARTESIANPOINT((744.5942308356967,2006.3743632657274,0.));
#8932 = IFCCARTESIANPOINT((744.7185954316615,2004.4112869615437,0.));
#8933 = IFCCARTESIANPOINT((744.7932141892404,2002.3132939138593,0.));
#8934 = IFCCARTESIANPOINT((744.8180871084332,2000.0803841226734,0.));
#8935 = IFCCARTESIANPOINT((743.5993140679784,2012.8775010474492,0.));
#8936 = IFCPOLYLINE((#8937,#8938));
#8937 = IFCCARTESIANPOINT((744.8180871084332,2000.0803841226734,0.));
#8938 = IFCCARTESIANPOINT((744.8180871084332,2000.0803841226734,0.));
#8939 = IFCPOLYLINE((#8940,#8941,#8942,#8943,#8944,#8945,#8946,#8947,#8948));
#8940 = IFCCARTESIANPOINT((744.8180871084332,2000.0803841226734,0.));
#8941 = IFCCARTESIANPOINT((744.77813969276,1997.432925678272,0.));
#8942 = IFCCARTESIANPOINT((744.6582974457391,1994.935458473852,0.));
#8943 = IFCCARTESIANPOINT((744.4585603673712,1992.5879825094132,0.));
#8944 = IFCCARTESIANPOINT((744.1789284576568,1990.3904977849572,0.));
#8945 = IFCCARTESIANPOINT((743.8194017165949,1988.3430043004823,0.));
#8946 = IFCCARTESIANPOINT((743.379980144186,1986.4455020559897,0.));
#8947 = IFCCARTESIANPOINT((742.86066374043,1984.6979910514783,0.));
#8948 = IFCCARTESIANPOINT((744.8180871084332,2000.0803841226734,0.));
#8949 = IFCPOLYLINE((#8950,#8951));
#8950 = IFCCARTESIANPOINT((742.86066374043,1984.6979910514783,0.));
#8951 = IFCCARTESIANPOINT((742.86066374043,1984.6979910514783,0.));
#8952 = IFCPOLYLINE((#8953,#8954,#8955,#8956,#8957,#8958,#8959,#8960,#8961));
#8953 = IFCCARTESIANPOINT((742.86066374043,1984.6979910514783,0.));
#8954 = IFCCARTESIANPOINT((742.2618293677392,1983.0797438542888,0.));
#8955 = IFCCARTESIANPOINT((741.5838538885249,1981.570033031758,0.));
#8956 = IFCCARTESIANPOINT((740.8267373027878,1980.1688585838883,0.));
#8957 = IFCCARTESIANPOINT((739.9904796105278,1978.8762205106789,0.));
#8958 = IFCCARTESIANPOINT((739.0750808117446,1977.6921188121291,0.));
#8959 = IFCCARTESIANPOINT((738.0805409064384,1976.6165534882398,0.));
#8960 = IFCCARTESIANPOINT((737.0068598946091,1975.6495245390106,0.));
#8961 = IFCCARTESIANPOINT((742.86066374043,1984.6979910514783,0.));
#8962 = IFCPOLYLINE((#8963,#8964));
#8963 = IFCCARTESIANPOINT((737.0068598946091,1975.6495245390106,0.));
#8964 = IFCCARTESIANPOINT((737.0068598946091,1975.6495245390106,0.));
#8965 = IFCPOLYLINE((#8966,#8967,#8968,#8969,#8970,#8971,#8972,#8973,#8974));
#8966 = IFCCARTESIANPOINT((737.0068598946091,1975.6495245390106,0.));
#8967 = IFCCARTESIANPOINT((735.8517766017849,1974.8019609743906,0.));
#8968 = IFCCARTESIANPOINT((734.6130298534931,1974.0847918043264,0.));
#8969 = IFCCARTESIANPOINT((733.2906196497343,1973.4980170288195,0.));
#8970 = IFCCARTESIANPOINT((731.8845459905083,1973.0416366478705,0.));
#8971 = IFCCARTESIANPOINT((730.394808875815,1972.7156506614779,0.));
#8972 = IFCCARTESIANPOINT((728.8214083056546,1972.5200590696422,0.));
#8973 = IFCCARTESIANPOINT((727.1643442800269,1972.4548618723638,0.));
#8974 = IFCCARTESIANPOINT((737.0068598946091,1975.6495245390106,0.));
#8975 = IFCPOLYLINE((#8976,#8977));
#8976 = IFCCARTESIANPOINT((727.1643442800269,1972.4548618723638,0.));
#8977 = IFCCARTESIANPOINT((727.1643442800269,1972.4548618723638,0.));
#8978 = IFCPOLYLINE((#8979,#8980,#8981,#8982,#8983,#8984,#8985,#8986,#8987));
#8979 = IFCCARTESIANPOINT((727.1643442800269,1972.4548618723638,0.));
#8980 = IFCCARTESIANPOINT((724.9958779612957,1972.5694280456169,0.));
#8981 = IFCCARTESIANPOINT((722.9645895605375,1972.9131265653734,0.));
#8982 = IFCCARTESIANPOINT((721.0704790777525,1973.4859574316351,0.));
#8983 = IFCCARTESIANPOINT((719.3135465129411,1974.2879206444027,0.));
#8984 = IFCCARTESIANPOINT((717.693791866103,1975.319016203674,0.));
#8985 = IFCCARTESIANPOINT((716.211215137238,1976.5792441094504,0.));
#8986 = IFCCARTESIANPOINT((714.8658163263462,1978.0686043617316,0.));
#8987 = IFCCARTESIANPOINT((727.1643442800269,1972.4548618723638,0.));
#8988 = IFCPOLYLINE((#8989,#8990));
#8989 = IFCCARTESIANPOINT((714.8658163263462,1978.0686043617316,0.));
#8990 = IFCCARTESIANPOINT((714.8658163263462,1978.0686043617316,0.));
#8991 = IFCPOLYLINE((#8992,#8993,#8994,#8995,#8996,#8997,#8998,#8999,#9000));
#8992 = IFCCARTESIANPOINT((714.8658163263462,1978.0686043617316,0.));
#8993 = IFCCARTESIANPOINT((713.4450450330518,1980.173004070421,0.));
#8994 = IFCCARTESIANPOINT((712.2428539387255,1982.6241171981624,0.));
#8995 = IFCCARTESIANPOINT((711.2592430433676,1985.4219437449578,0.));
#8996 = IFCCARTESIANPOINT((710.4942123469784,1988.566483710807,0.));
#8997 = IFCCARTESIANPOINT((709.9477618495573,1992.0577370957094,0.));
#8998 = IFCCARTESIANPOINT((709.6198915511047,1995.8957038996648,0.));
#8999 = IFCCARTESIANPOINT((709.5106014516205,2000.0803841226734,0.));
#9000 = IFCCARTESIANPOINT((714.8658163263462,1978.0686043617316,0.));
#9001 = IFCPOLYLINE((#9002,#9003,#9004,#9005,#9006,#9007,#9008,#9009,#9010));
#9002 = IFCCARTESIANPOINT((716.343116981443,2000.0803841226734,0.));
#9003 = IFCCARTESIANPOINT((716.4068067290737,1996.4530834070345,0.));
#9004 = IFCCARTESIANPOINT((716.5978759719648,1993.1898317814005,0.));
#9005 = IFCCARTESIANPOINT((716.9163247101169,1990.290629245773,0.));
#9006 = IFCCARTESIANPOINT((717.3621529435302,1987.7554758001518,0.));
#9007 = IFCCARTESIANPOINT((717.9353606722042,1985.5843714445364,0.));
#9008 = IFCCARTESIANPOINT((718.6359478961392,1983.777316178927,0.));
#9009 = IFCCARTESIANPOINT((719.4639146153349,1982.3343100033235,0.));
#9010 = IFCCARTESIANPOINT((716.343116981443,2000.0803841226734,0.));
#9011 = IFCPOLYLINE((#9012,#9013));
#9012 = IFCCARTESIANPOINT((719.4639146153349,1982.3343100033235,0.));
#9013 = IFCCARTESIANPOINT((719.4639146153349,1982.3343100033235,0.));
#9014 = IFCPOLYLINE((#9015,#9016,#9017,#9018,#9019,#9020,#9021,#9022,#9023));
#9015 = IFCCARTESIANPOINT((719.4639146153349,1982.3343100033235,0.));
#9016 = IFCCARTESIANPOINT((720.3853432127105,1981.163398489195,0.));
#9017 = IFCCARTESIANPOINT((721.366316071184,1980.1726272080086,0.));
#9018 = IFCCARTESIANPOINT((722.4068331907561,1979.361996159765,0.));
#9019 = IFCCARTESIANPOINT((723.5068945714264,1978.7315053444652,0.));
#9020 = IFCCARTESIANPOINT((724.6665002131948,1978.2811547621077,0.));
#9021 = IFCCARTESIANPOINT((725.8856501160617,1978.0109444126933,0.));
#9022 = IFCCARTESIANPOINT((727.1643442800269,1977.9208742962219,0.));
#9023 = IFCCARTESIANPOINT((719.4639146153349,1982.3343100033235,0.));
#9024 = IFCPOLYLINE((#9025,#9026));
#9025 = IFCCARTESIANPOINT((727.1643442800269,1977.9208742962219,0.));
#9026 = IFCCARTESIANPOINT((727.1643442800269,1977.9208742962219,0.));
#9027 = IFCPOLYLINE((#9028,#9029,#9030,#9031,#9032,#9033,#9034,#9035,#9036));
#9028 = IFCCARTESIANPOINT((727.1643442800269,1977.9208742962219,0.));
#9029 = IFCCARTESIANPOINT((728.4430384439922,1978.011321275106,0.));
#9030 = IFCCARTESIANPOINT((729.6621883468587,1978.282662211756,0.));
#9031 = IFCCARTESIANPOINT((730.8217939886273,1978.734897106173,0.));
#9032 = IFCCARTESIANPOINT((731.9218553692978,1979.3680259583575,0.));
#9033 = IFCCARTESIANPOINT((732.9623724888697,1980.182048768309,0.));
#9034 = IFCCARTESIANPOINT((733.9433453473434,1981.1769655360272,0.));
#9035 = IFCCARTESIANPOINT((734.8647739447188,1982.3527762615122,0.));
#9036 = IFCCARTESIANPOINT((727.1643442800269,1977.9208742962219,0.));
#9037 = IFCPOLYLINE((#9038,#9039));
#9038 = IFCCARTESIANPOINT((734.8647739447188,1982.3527762615122,0.));
#9039 = IFCCARTESIANPOINT((734.8647739447188,1982.3527762615122,0.));
#9040 = IFCPOLYLINE((#9041,#9042,#9043,#9044,#9045,#9046,#9047,#9048,#9049));
#9041 = IFCCARTESIANPOINT((734.8647739447188,1982.3527762615122,0.));
#9042 = IFCCARTESIANPOINT((735.6927406639147,1983.7999279236485,0.));
#9043 = IFCCARTESIANPOINT((736.3933278878495,1985.6088675013173,0.));
#9044 = IFCCARTESIANPOINT((736.9665356165235,1987.7795949945203,0.));
#9045 = IFCCARTESIANPOINT((737.4123638499367,1990.3121104032584,0.));
#9046 = IFCCARTESIANPOINT((737.730812588089,1993.2064137275293,0.));
#9047 = IFCCARTESIANPOINT((737.9218818309803,1996.4625049673346,0.));
#9048 = IFCCARTESIANPOINT((737.9855715786107,2000.0803841226734,0.));
#9049 = IFCCARTESIANPOINT((734.8647739447188,1982.3527762615122,0.));
#9050 = IFCPOLYLINE((#9051,#9052));
#9051 = IFCCARTESIANPOINT((737.9855715786107,2000.0803841226734,0.));
#9052 = IFCCARTESIANPOINT((737.9855715786107,2000.0803841226734,0.));
#9053 = IFCPOLYLINE((#9054,#9055,#9056,#9057,#9058,#9059,#9060,#9061,#9062));
#9054 = IFCCARTESIANPOINT((737.9855715786107,2000.0803841226734,0.));
#9055 = IFCCARTESIANPOINT((737.9218818309805,2003.7171063986136,0.));
#9056 = IFCCARTESIANPOINT((737.730812588089,2006.9875184100752,0.));
#9057 = IFCCARTESIANPOINT((737.4123638499365,2009.8916201570582,0.));
#9058 = IFCCARTESIANPOINT((736.9665356165236,2012.4294116395643,0.));
#9059 = IFCCARTESIANPOINT((736.3933278878495,2014.6008928575916,0.));
#9060 = IFCCARTESIANPOINT((735.6927406639146,2016.406063811141,0.));
#9061 = IFCCARTESIANPOINT((734.8647739447188,2017.844924500212,0.));
#9062 = IFCCARTESIANPOINT((737.9855715786107,2000.0803841226734,0.));
#9063 = IFCPOLYLINE((#9064,#9065));
#9064 = IFCCARTESIANPOINT((734.8647739447188,2017.844924500212,0.));
#9065 = IFCCARTESIANPOINT((734.8647739447188,2017.844924500212,0.));
#9066 = IFCPOLYLINE((#9067,#9068,#9069,#9070,#9071,#9072,#9073,#9074,#9075));
#9067 = IFCCARTESIANPOINT((734.8647739447188,2017.844924500212,0.));
#9068 = IFCCARTESIANPOINT((733.9418378976955,2019.0109368029855,0.));
#9069 = IFCCARTESIANPOINT((732.9563426902774,2019.9975625976388,0.));
#9070 = IFCCARTESIANPOINT((731.9082883224651,2020.8048018841737,0.));
#9071 = IFCCARTESIANPOINT((730.7976747942586,2021.4326546625903,0.));
#9072 = IFCCARTESIANPOINT((729.6245021056574,2021.8811209328874,0.));
#9073 = IFCCARTESIANPOINT((728.3887702566619,2022.1502006950657,0.));
#9074 = IFCCARTESIANPOINT((727.090479247272,2022.239893949125,0.));
#9075 = IFCCARTESIANPOINT((734.8647739447188,2017.844924500212,0.));
#9076 = IFCPOLYLINE((#9077,#9078));
#9077 = IFCCARTESIANPOINT((727.090479247272,2022.239893949125,0.));
#9078 = IFCCARTESIANPOINT((727.090479247272,2022.239893949125,0.));
#9079 = IFCPOLYLINE((#9080,#9081,#9082,#9083,#9084,#9085,#9086,#9087,#9088));
#9080 = IFCCARTESIANPOINT((727.090479247272,2022.239893949125,0.));
#9081 = IFCCARTESIANPOINT((725.8196991939593,2022.1607528426027,0.));
#9082 = IFCCARTESIANPOINT((724.6242916230492,2021.9233295230329,0.));
#9083 = IFCCARTESIANPOINT((723.5042565345422,2021.5276239904176,0.));
#9084 = IFCCARTESIANPOINT((722.4595939284382,2020.9736362447566,0.));
#9085 = IFCCARTESIANPOINT((721.4903038047369,2020.261366286049,0.));
#9086 = IFCCARTESIANPOINT((720.5963861634385,2019.3908141142956,0.));
#9087 = IFCCARTESIANPOINT((719.777841004543,2018.361979729496,0.));
#9088 = IFCCARTESIANPOINT((727.090479247272,2022.239893949125,0.));
#9089 = IFCPOLYLINE((#9090,#9091));
#9090 = IFCCARTESIANPOINT((719.777841004543,2018.361979729496,0.));
#9091 = IFCCARTESIANPOINT((719.777841004543,2018.361979729496,0.));
#9092 = IFCPOLYLINE((#9093,#9094,#9095,#9096,#9097,#9098,#9099,#9100,#9101));
#9093 = IFCCARTESIANPOINT((719.777841004543,2018.361979729496,0.));
#9094 = IFCCARTESIANPOINT((718.8665876922921,2016.7768964245636,0.));
#9095 = IFCCARTESIANPOINT((718.0955271973105,2014.8496220495208,0.));
#9096 = IFCCARTESIANPOINT((717.4646595195981,2012.5801566043694,0.));
#9097 = IFCCARTESIANPOINT((716.9739846591552,2009.9685000891095,0.));
#9098 = IFCCARTESIANPOINT((716.6235026159818,2007.0146525037399,0.));
#9099 = IFCCARTESIANPOINT((716.4132133900778,2003.7186138482614,0.));
#9100 = IFCCARTESIANPOINT((716.343116981443,2000.0803841226734,0.));
#9101 = IFCCARTESIANPOINT((719.777841004543,2018.361979729496,0.));
#9102 = IFCPOLYLINE((#9103,#9104,#9105,#9106,#9107));
#9103 = IFCCARTESIANPOINT((786.5148980985396,1979.7675001150928,0.));
#9104 = IFCCARTESIANPOINT((786.5148980985396,1973.3781747817993,0.));
#9105 = IFCCARTESIANPOINT((750.7272897288203,1973.3781747817993,0.));
#9106 = IFCCARTESIANPOINT((750.7272897288203,1973.3781747817993,0.));
#9107 = IFCCARTESIANPOINT((786.5148980985396,1979.7675001150928,0.));
#9108 = IFCPOLYLINE((#9109,#9110,#9111,#9112,#9113,#9114,#9115,#9116,#9117));
#9109 = IFCCARTESIANPOINT((750.7272897288203,1973.3781747817993,0.));
#9110 = IFCCARTESIANPOINT((750.7250285543483,1974.0602957475458,0.));
#9111 = IFCCARTESIANPOINT((750.7604536210775,1974.7348794650516,0.));
#9112 = IFCCARTESIANPOINT((750.8335649290084,1975.4019259343168,0.));
#9113 = IFCCARTESIANPOINT((750.9443624781408,1976.0614351553427,0.));
#9114 = IFCCARTESIANPOINT((751.0928462684744,1976.7134071281275,0.));
#9115 = IFCCARTESIANPOINT((751.2790163000095,1977.3578418526724,0.));
#9116 = IFCCARTESIANPOINT((751.5028725727461,1977.9947393289767,0.));
#9117 = IFCCARTESIANPOINT((750.7272897288203,1973.3781747817993,0.));
#9118 = IFCPOLYLINE((#9119,#9120));
#9119 = IFCCARTESIANPOINT((751.5028725727461,1977.9947393289767,0.));
#9120 = IFCCARTESIANPOINT((751.5028725727461,1977.9947393289767,0.));
#9121 = IFCPOLYLINE((#9122,#9123,#9124,#9125,#9126,#9127,#9128,#9129,#9130));
#9122 = IFCCARTESIANPOINT((751.5028725727461,1977.9947393289767,0.));
#9123 = IFCCARTESIANPOINT((751.9268427862627,1979.0371407606092,0.));
#9124 = IFCCARTESIANPOINT((752.4178945091172,1980.0750198432968,0.));
#9125 = IFCCARTESIANPOINT((752.9760277413106,1981.1083765770402,0.));
#9126 = IFCCARTESIANPOINT((753.601242482843,1982.13721096184,0.));
#9127 = IFCCARTESIANPOINT((754.2935387337134,1983.161522997695,0.));
#9128 = IFCCARTESIANPOINT((755.0529164939226,1984.1813126846066,0.));
#9129 = IFCCARTESIANPOINT((755.8793757634703,1985.1965800225735,0.));
#9130 = IFCCARTESIANPOINT((751.5028725727461,1977.9947393289767,0.));
#9131 = IFCPOLYLINE((#9132,#9133));
#9132 = IFCCARTESIANPOINT((755.8793757634703,1985.1965800225735,0.));
#9133 = IFCCARTESIANPOINT((755.8793757634703,1985.1965800225735,0.));
#9134 = IFCPOLYLINE((#9135,#9136,#9137,#9138,#9139,#9140,#9141,#9142,#9143));
#9135 = IFCCARTESIANPOINT((755.8793757634703,1985.1965800225735,0.));
#9136 = IFCCARTESIANPOINT((756.7940208374296,1986.2321979307899,0.));
#9137 = IFCCARTESIANPOINT((757.8179560108729,1987.3130393284468,0.));
#9138 = IFCCARTESIANPOINT((758.9511812838003,1988.439104215546,0.));
#9139 = IFCCARTESIANPOINT((760.1936966562121,1989.610392592087,0.));
#9140 = IFCCARTESIANPOINT((761.545502128108,1990.8269044580697,0.));
#9141 = IFCCARTESIANPOINT((763.0065976994882,1992.0886398134944,0.));
#9142 = IFCCARTESIANPOINT((764.5769833703525,1993.3955986583605,0.));
#9143 = IFCCARTESIANPOINT((755.8793757634703,1985.1965800225735,0.));
#9144 = IFCPOLYLINE((#9145,#9146));
#9145 = IFCCARTESIANPOINT((764.5769833703525,1993.3955986583605,0.));
#9146 = IFCCARTESIANPOINT((764.5769833703525,1993.3955986583605,0.));
#9147 = IFCPOLYLINE((#9148,#9149,#9150,#9151,#9152,#9153,#9154,#9155,#9156));
#9148 = IFCCARTESIANPOINT((764.5769833703525,1993.3955986583605,0.));
#9149 = IFCCARTESIANPOINT((766.9821192838291,1995.4023910023382,0.));
#9150 = IFCCARTESIANPOINT((769.1536005018564,1997.286326199998,0.));
#9151 = IFCCARTESIANPOINT((771.0914270244348,1999.0474042513413,0.));
#9152 = IFCCARTESIANPOINT((772.7955988515644,2000.6856251563688,0.));
#9153 = IFCCARTESIANPOINT((774.2661159832448,2002.200988915079,0.));
#9154 = IFCCARTESIANPOINT((775.5029784194764,2003.5934955274724,0.));
#9155 = IFCCARTESIANPOINT((776.506186160259,2004.8631449935492,0.));
#9156 = IFCCARTESIANPOINT((764.5769833703525,1993.3955986583605,0.));
#9157 = IFCPOLYLINE((#9158,#9159));
#9158 = IFCCARTESIANPOINT((776.506186160259,2004.8631449935492,0.));
#9159 = IFCCARTESIANPOINT((776.506186160259,2004.8631449935492,0.));
#9160 = IFCPOLYLINE((#9161,#9162,#9163,#9164,#9165,#9166,#9167,#9168,#9169));
#9161 = IFCCARTESIANPOINT((776.506186160259,2004.8631449935492,0.));
#9162 = IFCCARTESIANPOINT((777.3292536680988,2006.061944326168,0.));
#9163 = IFCCARTESIANPOINT((778.0256954055013,2007.2419005381846,0.));
#9164 = IFCCARTESIANPOINT((778.5955113724671,2008.403013629601,0.));
#9165 = IFCCARTESIANPOINT((779.0387015689964,2009.5452836004174,0.));
#9166 = IFCCARTESIANPOINT((779.3552659950885,2010.6687104506323,0.));
#9167 = IFCCARTESIANPOINT((779.5452046507437,2011.773294180247,0.));
#9168 = IFCCARTESIANPOINT((779.6085175359622,2012.8590347892605,0.));
#9169 = IFCCARTESIANPOINT((776.506186160259,2004.8631449935492,0.));
#9170 = IFCPOLYLINE((#9171,#9172));
#9171 = IFCCARTESIANPOINT((779.6085175359622,2012.8590347892605,0.));
#9172 = IFCCARTESIANPOINT((779.6085175359622,2012.8590347892605,0.));
#9173 = IFCPOLYLINE((#9174,#9175,#9176,#9177,#9178,#9179,#9180,#9181,#9182));
#9174 = IFCCARTESIANPOINT((779.6085175359622,2012.8590347892605,0.));
#9175 = IFCCARTESIANPOINT((779.550857586924,2013.9628647940515,0.));
#9176 = IFCCARTESIANPOINT((779.3778777398093,2015.0161952356316,0.));
#9177 = IFCCARTESIANPOINT((779.0895779946181,2016.0190261140015,0.));
#9178 = IFCCARTESIANPOINT((778.6859583513508,2016.9713574291627,0.));
#9179 = IFCCARTESIANPOINT((778.1670188100068,2017.873189181113,0.));
#9180 = IFCCARTESIANPOINT((777.5327593705865,2018.724521369854,0.));
#9181 = IFCCARTESIANPOINT((776.7831800330896,2019.5253539953846,0.));
#9182 = IFCCARTESIANPOINT((779.6085175359622,2012.8590347892605,0.));
#9183 = IFCPOLYLINE((#9184,#9185));
#9184 = IFCCARTESIANPOINT((776.7831800330896,2019.5253539953846,0.));
#9185 = IFCCARTESIANPOINT((776.7831800330896,2019.5253539953846,0.));
#9186 = IFCPOLYLINE((#9187,#9188,#9189,#9190,#9191,#9192,#9193,#9194,#9195));
#9187 = IFCCARTESIANPOINT((776.7831800330896,2019.5253539953846,0.));
#9188 = IFCCARTESIANPOINT((775.9408925422374,2020.245538064745,0.));
#9189 = IFCCARTESIANPOINT((775.0285086427501,2020.8549245849717,0.));
#9190 = IFCCARTESIANPOINT((774.0460283346283,2021.3535135560664,0.));
#9191 = IFCCARTESIANPOINT((772.993451617872,2021.7413049780303,0.));
#9192 = IFCCARTESIANPOINT((771.8707784924809,2022.0182988508604,0.));
#9193 = IFCCARTESIANPOINT((770.678008958455,2022.184495174559,0.));
#9194 = IFCCARTESIANPOINT((769.4151430157945,2022.239893949125,0.));
#9195 = IFCCARTESIANPOINT((776.7831800330896,2019.5253539953846,0.));
#9196 = IFCPOLYLINE((#9197,#9198));
#9197 = IFCCARTESIANPOINT((769.4151430157945,2022.239893949125,0.));
#9198 = IFCCARTESIANPOINT((769.4151430157945,2022.239893949125,0.));
#9199 = IFCPOLYLINE((#9200,#9201,#9202,#9203,#9204,#9205,#9206,#9207,#9208));
#9200 = IFCCARTESIANPOINT((769.4151430157945,2022.239893949125,0.));
#9201 = IFCCARTESIANPOINT((768.0825575269115,2022.1811034128514,0.));
#9202 = IFCCARTESIANPOINT((766.8283594197271,2022.004731804028,0.));
#9203 = IFCCARTESIANPOINT((765.6525486942419,2021.7107791226565,0.));
#9204 = IFCCARTESIANPOINT((764.5551253504558,2021.299245368737,0.));
#9205 = IFCCARTESIANPOINT((763.5360893883685,2020.7701305422684,0.));
#9206 = IFCCARTESIANPOINT((762.5954408079804,2020.1234346432516,0.));
#9207 = IFCCARTESIANPOINT((761.7331796092913,2019.3591576716863,0.));
#9208 = IFCCARTESIANPOINT((769.4151430157945,2022.239893949125,0.));
#9209 = IFCPOLYLINE((#9210,#9211));
#9210 = IFCCARTESIANPOINT((761.7331796092913,2019.3591576716863,0.));
#9211 = IFCCARTESIANPOINT((761.7331796092913,2019.3591576716863,0.));
#9212 = IFCPOLYLINE((#9213,#9214,#9215,#9216,#9217,#9218,#9219,#9220,#9221));
#9213 = IFCCARTESIANPOINT((761.7331796092913,2019.3591576716863,0.));
#9214 = IFCCARTESIANPOINT((760.968148912902,2018.4908666744054,0.));
#9215 = IFCCARTESIANPOINT((760.319191839413,2017.5321286982403,0.));
#9216 = IFCCARTESIANPOINT((759.7863083888244,2016.4829437431918,0.));
#9217 = IFCCARTESIANPOINT((759.3694985611364,2015.3433118092603,0.));
#9218 = IFCCARTESIANPOINT((759.0687623563489,2014.1132328964447,0.));
#9219 = IFCCARTESIANPOINT((758.8840997744618,2012.792707004746,0.));
#9220 = IFCCARTESIANPOINT((758.8155108154751,2011.3817341341637,0.));
#9221 = IFCCARTESIANPOINT((761.7331796092913,2019.3591576716863,0.));
#9222 = IFCPOLYLINE((#9223,#9224,#9225,#9226));
#9223 = IFCCARTESIANPOINT((758.8155108154751,2011.3817341341637,0.));
#9224 = IFCCARTESIANPOINT((751.9829952856526,2012.0834519453347,0.));
#9225 = IFCCARTESIANPOINT((751.9829952856526,2012.0834519453347,0.));
#9226 = IFCCARTESIANPOINT((758.8155108154751,2011.3817341341637,0.));
#9227 = IFCPOLYLINE((#9228,#9229,#9230,#9231,#9232,#9233,#9234,#9235,#9236));
#9228 = IFCCARTESIANPOINT((751.9829952856526,2012.0834519453347,0.));
#9229 = IFCCARTESIANPOINT((752.2626271953676,2014.1935045902042,0.));
#9230 = IFCCARTESIANPOINT((752.7005413181281,2016.1550734447392,0.));
#9231 = IFCCARTESIANPOINT((753.296737653935,2017.9681585089406,0.));
#9232 = IFCCARTESIANPOINT((754.051216202788,2019.632759782809,0.));
#9233 = IFCCARTESIANPOINT((754.9639769646872,2021.148877266343,0.));
#9234 = IFCCARTESIANPOINT((756.0350199396323,2022.5165109595437,0.));
#9235 = IFCCARTESIANPOINT((757.2643451276235,2023.7356608624104,0.));
#9236 = IFCCARTESIANPOINT((751.9829952856526,2012.0834519453347,0.));
#9237 = IFCPOLYLINE((#9238,#9239));
#9238 = IFCCARTESIANPOINT((757.2643451276235,2023.7356608624104,0.));
#9239 = IFCCARTESIANPOINT((757.2643451276235,2023.7356608624104,0.));
#9240 = IFCPOLYLINE((#9241,#9242,#9243,#9244,#9245,#9246,#9247,#9248,#9249));
#9241 = IFCCARTESIANPOINT((757.2643451276235,2023.7356608624104,0.));
#9242 = IFCCARTESIANPOINT((758.6368780321803,2024.7987897267037,0.));
#9243 = IFCCARTESIANPOINT((760.1375441568221,2025.6983603041817,0.));
#9244 = IFCCARTESIANPOINT((761.7663435015484,2026.4343725948459,0.));
#9245 = IFCCARTESIANPOINT((763.52327606636,2027.0068265986965,0.));
#9246 = IFCCARTESIANPOINT((765.4083418512564,2027.4157223157317,0.));
#9247 = IFCCARTESIANPOINT((767.4215408562379,2027.6610597459535,0.));
#9248 = IFCCARTESIANPOINT((769.5628730813041,2027.7428388893604,0.));
#9249 = IFCCARTESIANPOINT((757.2643451276235,2023.7356608624104,0.));
#9250 = IFCPOLYLINE((#9251,#9252));
#9251 = IFCCARTESIANPOINT((769.5628730813041,2027.7428388893604,0.));
#9252 = IFCCARTESIANPOINT((769.5628730813041,2027.7428388893604,0.));
#9253 = IFCPOLYLINE((#9254,#9255,#9256,#9257,#9258,#9259,#9260,#9261,#9262));
#9254 = IFCCARTESIANPOINT((769.5628730813041,2027.7428388893604,0.));
#9255 = IFCCARTESIANPOINT((771.7230484269713,2027.6546530849498,0.));
#9256 = IFCCARTESIANPOINT((773.7505682036092,2027.3900956717148,0.));
#9257 = IFCCARTESIANPOINT((775.6454324112178,2026.9491666496576,0.));
#9258 = IFCCARTESIANPOINT((777.4076410497977,2026.3318660187783,0.));
#9259 = IFCCARTESIANPOINT((779.0371941193482,2025.5381937790758,0.));
#9260 = IFCCARTESIANPOINT((780.5340916198697,2024.5681499305506,0.));
#9261 = IFCCARTESIANPOINT((781.8983335513622,2023.4217344732024,0.));
#9262 = IFCCARTESIANPOINT((769.5628730813041,2027.7428388893604,0.));
#9263 = IFCPOLYLINE((#9264,#9265));
#9264 = IFCCARTESIANPOINT((781.8983335513622,2023.4217344732024,0.));
#9265 = IFCCARTESIANPOINT((781.8983335513622,2023.4217344732024,0.));
#9266 = IFCPOLYLINE((#9267,#9268,#9269,#9270,#9271,#9272,#9273,#9274,#9275));
#9267 = IFCCARTESIANPOINT((781.8983335513622,2023.4217344732024,0.));
#9268 = IFCCARTESIANPOINT((783.1035395449846,2022.1449246212978,0.));
#9269 = IFCCARTESIANPOINT((784.1233292318958,2020.783697589101,0.));
#9270 = IFCCARTESIANPOINT((784.9577026120957,2019.3380533766133,0.));
#9271 = IFCCARTESIANPOINT((785.6066596855846,2017.8079919838347,0.));
#9272 = IFCCARTESIANPOINT((786.0702004523625,2016.1935134107648,0.));
#9273 = IFCCARTESIANPOINT((786.3483249124292,2014.4946176574035,0.));
#9274 = IFCCARTESIANPOINT((786.4410330657847,2012.7113047237508,0.));
#9275 = IFCCARTESIANPOINT((781.8983335513622,2023.4217344732024,0.));
#9276 = IFCPOLYLINE((#9277,#9278));
#9277 = IFCCARTESIANPOINT((786.4410330657847,2012.7113047237508,0.));
#9278 = IFCCARTESIANPOINT((786.4410330657847,2012.7113047237508,0.));
#9279 = IFCPOLYLINE((#9280,#9281,#9282,#9283,#9284,#9285,#9286,#9287,#9288));
#9280 = IFCCARTESIANPOINT((786.4410330657847,2012.7113047237508,0.));
#9281 = IFCCARTESIANPOINT((786.4138989721198,2011.7849769150196,0.));
#9282 = IFCCARTESIANPOINT((786.3324966911246,2010.8631714552318,0.));
#9283 = IFCCARTESIANPOINT((786.1968262227992,2009.945888344388,0.));
#9284 = IFCCARTESIANPOINT((786.0068875671442,2009.0331275824897,0.));
#9285 = IFCCARTESIANPOINT((785.7626807241586,2008.1248891695345,0.));
#9286 = IFCCARTESIANPOINT((785.4642056938433,2007.221173105524,0.));
#9287 = IFCCARTESIANPOINT((785.1114624761976,2006.3219793904573,0.));
#9288 = IFCCARTESIANPOINT((786.4410330657847,2012.7113047237508,0.));
#9289 = IFCPOLYLINE((#9290,#9291));
#9290 = IFCCARTESIANPOINT((785.1114624761976,2006.3219793904573,0.));
#9291 = IFCCARTESIANPOINT((785.1114624761976,2006.3219793904573,0.));
#9292 = IFCPOLYLINE((#9293,#9294,#9295,#9296,#9297,#9298,#9299,#9300,#9301));
#9293 = IFCCARTESIANPOINT((785.1114624761976,2006.3219793904573,0.));
#9294 = IFCCARTESIANPOINT((784.6957832357458,2005.418263326447,0.));
#9295 = IFCCARTESIANPOINT((784.208500137011,2004.5009802156035,0.));
#9296 = IFCCARTESIANPOINT((783.6496131799934,2003.5701300579274,0.));
#9297 = IFCCARTESIANPOINT((783.0191223646932,2002.6257128534194,0.));
#9298 = IFCCARTESIANPOINT((782.3170276911103,2001.6677286020786,0.));
#9299 = IFCCARTESIANPOINT((781.5433291592445,2000.6961773039052,0.));
#9300 = IFCCARTESIANPOINT((780.698026769096,1999.7110589588992,0.));
#9301 = IFCCARTESIANPOINT((785.1114624761976,2006.3219793904573,0.));
#9302 = IFCPOLYLINE((#9303,#9304));
#9303 = IFCCARTESIANPOINT((780.698026769096,1999.7110589588992,0.));
#9304 = IFCCARTESIANPOINT((780.698026769096,1999.7110589588992,0.));
#9305 = IFCPOLYLINE((#9306,#9307,#9308,#9309,#9310,#9311,#9312,#9313,#9314));
#9306 = IFCCARTESIANPOINT((780.698026769096,1999.7110589588992,0.));
#9307 = IFCCARTESIANPOINT((779.7336358567511,1998.6663963527958,0.));
#9308 = IFCCARTESIANPOINT((778.6026717582955,1997.5162122713273,0.));
#9309 = IFCCARTESIANPOINT((777.3051344737296,1996.2605067144946,0.));
#9310 = IFCCARTESIANPOINT((775.8410240030535,1994.8992796822986,0.));
#9311 = IFCCARTESIANPOINT((774.2103403462668,1993.432531174738,0.));
#9312 = IFCCARTESIANPOINT((772.4130835033698,1991.8602611918136,0.));
#9313 = IFCCARTESIANPOINT((770.4492534743622,1990.182469733525,0.));
#9314 = IFCCARTESIANPOINT((780.698026769096,1999.7110589588992,0.));
#9315 = IFCPOLYLINE((#9316,#9317));
#9316 = IFCCARTESIANPOINT((770.4492534743622,1990.182469733525,0.));
#9317 = IFCCARTESIANPOINT((770.4492534743622,1990.182469733525,0.));
#9318 = IFCPOLYLINE((#9319,#9320,#9321,#9322,#9323,#9324,#9325,#9326,#9327));
#9319 = IFCCARTESIANPOINT((770.4492534743622,1990.182469733525,0.));
#9320 = IFCCARTESIANPOINT((768.827237653052,1988.813328590677,0.));
#9321 = IFCCARTESIANPOINT((767.3800859909162,1987.5760892920327,0.));
#9322 = IFCCARTESIANPOINT((766.1077984879553,1986.4707518375944,0.));
#9323 = IFCCARTESIANPOINT((765.0103751441692,1985.497316227361,0.));
#9324 = IFCCARTESIANPOINT((764.0878159595577,1984.6557824613328,0.));
#9325 = IFCCARTESIANPOINT((763.340120934121,1983.9461505395095,0.));
#9326 = IFCCARTESIANPOINT((762.767290067859,1983.3684204618912,0.));
#9327 = IFCCARTESIANPOINT((770.4492534743622,1990.182469733525,0.));
#9328 = IFCPOLYLINE((#9329,#9330));
#9329 = IFCCARTESIANPOINT((762.767290067859,1983.3684204618912,0.));
#9330 = IFCCARTESIANPOINT((762.767290067859,1983.3684204618912,0.));
#9331 = IFCPOLYLINE((#9332,#9333,#9334,#9335,#9336,#9337,#9338,#9339,#9340));
#9332 = IFCCARTESIANPOINT((762.767290067859,1983.3684204618912,0.));
#9333 = IFCCARTESIANPOINT((762.293950878369,1982.8562644439642,0.));
#9334 = IFCCARTESIANPOINT((761.8447308832476,1982.3433547012116,0.));
#9335 = IFCCARTESIANPOINT((761.4196300824951,1981.8296912336357,0.));
#9336 = IFCCARTESIANPOINT((761.0186484761119,1981.3152740412365,0.));
#9337 = IFCCARTESIANPOINT((760.6417860640972,1980.8001031240124,0.));
#9338 = IFCCARTESIANPOINT((760.2890428464518,1980.2841784819648,0.));
#9339 = IFCCARTESIANPOINT((759.9604188231751,1979.7675001150928,0.));
#9340 = IFCCARTESIANPOINT((762.767290067859,1983.3684204618912,0.));
#9341 = IFCPOLYLINE((#9342,#9343,#9344));
#9342 = IFCCARTESIANPOINT((759.9604188231751,1979.7675001150928,0.));
#9343 = IFCCARTESIANPOINT((786.5148980985396,1979.7675001150928,0.));
#9344 = IFCCARTESIANPOINT((759.9604188231751,1979.7675001150928,0.));
#9345 = IFCPOLYLINE((#9346,#9347,#9348,#9349));
#9346 = IFCCARTESIANPOINT((793.6428737593815,1987.5602610707283,0.));
#9347 = IFCCARTESIANPOINT((800.6231193547137,1988.151181332767,0.));
#9348 = IFCCARTESIANPOINT((800.6231193547137,1988.151181332767,0.));
#9349 = IFCCARTESIANPOINT((793.6428737593815,1987.5602610707283,0.));
#9350 = IFCPOLYLINE((#9351,#9352,#9353,#9354,#9355,#9356,#9357,#9358,#9359));
#9351 = IFCCARTESIANPOINT((800.6231193547137,1988.151181332767,0.));
#9352 = IFCCARTESIANPOINT((800.8865461807121,1986.7466151231893,0.));
#9353 = IFCCARTESIANPOINT((801.2336364621772,1985.4453092145031,0.));
#9354 = IFCCARTESIANPOINT((801.6643901991097,1984.2472636067089,0.));
#9355 = IFCCARTESIANPOINT((802.1788073915096,1983.152478299807,0.));
#9356 = IFCCARTESIANPOINT((802.7768880393764,1982.1609532937969,0.));
#9357 = IFCCARTESIANPOINT((803.4586321427107,1981.2726885886786,0.));
#9358 = IFCCARTESIANPOINT((804.2240397015121,1980.4876841844525,0.));
#9359 = IFCCARTESIANPOINT((800.6231193547137,1988.151181332767,0.));
#9360 = IFCPOLYLINE((#9361,#9362));
#9361 = IFCCARTESIANPOINT((804.2240397015121,1980.4876841844525,0.));
#9362 = IFCCARTESIANPOINT((804.2240397015121,1980.4876841844525,0.));
#9363 = IFCPOLYLINE((#9364,#9365,#9366,#9367,#9368,#9369,#9370,#9371,#9372));
#9364 = IFCCARTESIANPOINT((804.2240397015121,1980.4876841844525,0.));
#9365 = IFCCARTESIANPOINT((805.0550213200041,1979.8066938059428,0.));
#9366 = IFCCARTESIANPOINT((805.9334876024097,1979.2304711779725,0.));
#9367 = IFCCARTESIANPOINT((806.8594385487293,1978.759016300542,0.));
#9368 = IFCCARTESIANPOINT((807.8328741589628,1978.3923291736523,0.));
#9369 = IFCCARTESIANPOINT((808.8537944331099,1978.130409797302,0.));
#9370 = IFCCARTESIANPOINT((809.922199371171,1977.973258171492,0.));
#9371 = IFCCARTESIANPOINT((811.0380889731459,1977.9208742962219,0.));
#9372 = IFCCARTESIANPOINT((804.2240397015121,1980.4876841844525,0.));
#9373 = IFCPOLYLINE((#9374,#9375));
#9374 = IFCCARTESIANPOINT((811.0380889731459,1977.9208742962219,0.));
#9375 = IFCCARTESIANPOINT((811.0380889731459,1977.9208742962219,0.));
#9376 = IFCPOLYLINE((#9377,#9378,#9379,#9380,#9381,#9382,#9383,#9384,#9385));
#9377 = IFCCARTESIANPOINT((811.0380889731459,1977.9208742962219,0.));
#9378 = IFCCARTESIANPOINT((812.3797191599176,1977.9947393289774,0.));
#9379 = IFCCARTESIANPOINT((813.6610513607668,1978.2163344272415,0.));
#9380 = IFCCARTESIANPOINT((814.8820855756936,1978.5856595910152,0.));
#9381 = IFCCARTESIANPOINT((816.0428218046983,1979.1027148202995,0.));
#9382 = IFCCARTESIANPOINT((817.1432600477805,1979.7675001150928,0.));
#9383 = IFCCARTESIANPOINT((818.1834003049406,1980.580015475396,0.));
#9384 = IFCCARTESIANPOINT((819.1632425761782,1981.540260901209,0.));
#9385 = IFCCARTESIANPOINT((811.0380889731459,1977.9208742962219,0.));
#9386 = IFCPOLYLINE((#9387,#9388));
#9387 = IFCCARTESIANPOINT((819.1632425761782,1981.540260901209,0.));
#9388 = IFCCARTESIANPOINT((819.1632425761782,1981.540260901209,0.));
#9389 = IFCPOLYLINE((#9390,#9391,#9392,#9393,#9394,#9395,#9396,#9397,#9398));
#9390 = IFCCARTESIANPOINT((819.1632425761782,1981.540260901209,0.));
#9391 = IFCCARTESIANPOINT((820.0451006202923,1982.6226097485148,0.));
#9392 = IFCCARTESIANPOINT((820.7912881960807,1983.8014353732956,0.));
#9393 = IFCCARTESIANPOINT((821.4018053035442,1985.0767377755526,0.));
#9394 = IFCCARTESIANPOINT((821.8766519426825,1986.4485169552856,0.));
#9395 = IFCCARTESIANPOINT((822.2158281134955,1987.916772912494,0.));
#9396 = IFCCARTESIANPOINT((822.4193338159832,1989.4815056471782,0.));
#9397 = IFCCARTESIANPOINT((822.4871690501459,1991.142715159338,0.));
#9398 = IFCCARTESIANPOINT((819.1632425761782,1981.540260901209,0.));
#9399 = IFCPOLYLINE((#9400,#9401));
#9400 = IFCCARTESIANPOINT((822.4871690501459,1991.142715159338,0.));
#9401 = IFCCARTESIANPOINT((822.4871690501459,1991.142715159338,0.));
#9402 = IFCPOLYLINE((#9403,#9404,#9405,#9406,#9407,#9408,#9409,#9410,#9411));
#9403 = IFCCARTESIANPOINT((822.4871690501459,1991.142715159338,0.));
#9404 = IFCCARTESIANPOINT((822.4219718528675,1992.7187537663829,0.));
#9405 = IFCCARTESIANPOINT((822.2263802610319,1994.1968081463033,0.));
#9406 = IFCCARTESIANPOINT((821.9003942746392,1995.5768782991001,0.));
#9407 = IFCCARTESIANPOINT((821.4440138936899,1996.8589642247737,0.));
#9408 = IFCCARTESIANPOINT((820.8572391181833,1998.0430659233232,0.));
#9409 = IFCCARTESIANPOINT((820.1400699481197,1999.129183394749,0.));
#9410 = IFCCARTESIANPOINT((819.2925063834991,2000.1173166390508,0.));
#9411 = IFCCARTESIANPOINT((822.4871690501459,1991.142715159338,0.));
#9412 = IFCPOLYLINE((#9413,#9414));
#9413 = IFCCARTESIANPOINT((819.2925063834991,2000.1173166390508,0.));
#9414 = IFCCARTESIANPOINT((819.2925063834991,2000.1173166390508,0.));
#9415 = IFCPOLYLINE((#9416,#9417,#9418,#9419,#9420,#9421,#9422,#9423,#9424));
#9416 = IFCCARTESIANPOINT((819.2925063834991,2000.1173166390508,0.));
#9417 = IFCCARTESIANPOINT((818.3394213435147,2000.9893762604531,0.));
#9418 = IFCCARTESIANPOINT((817.3056877473588,2001.7272728631767,0.));
#9419 = IFCCARTESIANPOINT((816.1913055950318,2002.3310064472237,0.));
#9420 = IFCCARTESIANPOINT((814.996274886534,2002.8005770125942,0.));
#9421 = IFCCARTESIANPOINT((813.7205956218651,2003.135984559287,0.));
#9422 = IFCCARTESIANPOINT((812.3642678010249,2003.3372290873026,0.));
#9423 = IFCCARTESIANPOINT((810.9272914240137,2003.4043105966412,0.));
#9424 = IFCCARTESIANPOINT((819.2925063834991,2000.1173166390508,0.));
#9425 = IFCPOLYLINE((#9426,#9427));
#9426 = IFCCARTESIANPOINT((810.9272914240137,2003.4043105966412,0.));
#9427 = IFCCARTESIANPOINT((810.9272914240137,2003.4043105966412,0.));
#9428 = IFCPOLYLINE((#9429,#9430,#9431,#9432,#9433,#9434,#9435,#9436,#9437));
#9429 = IFCCARTESIANPOINT((810.9272914240137,2003.4043105966412,0.));
#9430 = IFCCARTESIANPOINT((810.0220679103551,2003.3745384660924,0.));
#9431 = IFCCARTESIANPOINT((809.1424710407132,2003.2852220744446,0.));
#9432 = IFCCARTESIANPOINT((808.2885008150881,2003.1363614216987,0.));
#9433 = IFCCARTESIANPOINT((807.4601572334805,2002.927956507855,0.));
#9434 = IFCCARTESIANPOINT((806.6574402958896,2002.6600073329128,0.));
#9435 = IFCCARTESIANPOINT((805.8803500023157,2002.3325138968721,0.));
#9436 = IFCCARTESIANPOINT((805.1288863527589,2001.945476199733,0.));
#9437 = IFCCARTESIANPOINT((810.9272914240137,2003.4043105966412,0.));
#9438 = IFCPOLYLINE((#9439,#9440));
#9439 = IFCCARTESIANPOINT((805.1288863527589,2001.945476199733,0.));
#9440 = IFCCARTESIANPOINT((805.1288863527589,2001.945476199733,0.));
#9441 = IFCPOLYLINE((#9442,#9443,#9444,#9445,#9446,#9447,#9448,#9449,#9450));
#9442 = IFCCARTESIANPOINT((805.1288863527589,2001.945476199733,0.));
#9443 = IFCCARTESIANPOINT((804.4128477699317,2001.5109538386805,0.));
#9444 = IFCCARTESIANPOINT((803.7420326765456,2001.041006410898,0.));
#9445 = IFCCARTESIANPOINT((803.1164410726014,2000.5356339163868,0.));
#9446 = IFCCARTESIANPOINT((802.5360729580993,1999.9948363551464,0.));
#9447 = IFCCARTESIANPOINT((802.0009283330387,1999.4186137271759,0.));
#9448 = IFCCARTESIANPOINT((801.5110071974199,1998.8069660324766,0.));
#9449 = IFCCARTESIANPOINT((801.0663095512427,1998.1598932710476,0.));
#9450 = IFCCARTESIANPOINT((805.1288863527589,2001.945476199733,0.));
#9451 = IFCPOLYLINE((#9452,#9453,#9454,#9455,#9456,#9457,#9458,#9459,#9460));
#9452 = IFCCARTESIANPOINT((801.0663095512427,1998.1598932710476,0.));
#9453 = IFCCARTESIANPOINT((794.8247142834589,1998.9724086313508,0.));
#9454 = IFCCARTESIANPOINT((800.0691316090524,2026.7825934635475,0.));
#9455 = IFCCARTESIANPOINT((826.992936048191,2026.7825934635475,0.));
#9456 = IFCCARTESIANPOINT((826.992936048191,2020.4302006466314,0.));
#9457 = IFCCARTESIANPOINT((805.3874139674008,2020.4302006466314,0.));
#9458 = IFCCARTESIANPOINT((802.4697451735847,2005.8787891939282,0.));
#9459 = IFCCARTESIANPOINT((802.4697451735847,2005.8787891939282,0.));
#9460 = IFCCARTESIANPOINT((801.0663095512427,1998.1598932710476,0.));
#9461 = IFCPOLYLINE((#9462,#9463,#9464,#9465,#9466,#9467,#9468,#9469,#9470));
#9462 = IFCCARTESIANPOINT((802.4697451735847,2005.8787891939282,0.));
#9463 = IFCCARTESIANPOINT((803.8724270711027,2006.7802440834673,0.));
#9464 = IFCCARTESIANPOINT((805.2947058140452,2007.5430136053842,0.));
#9465 = IFCCARTESIANPOINT((806.7365814024125,2008.16709775968,0.));
#9466 = IFCCARTESIANPOINT((808.1980538362048,2008.652496546355,0.));
#9467 = IFCCARTESIANPOINT((809.6791231154218,2008.9992099654082,0.));
#9468 = IFCCARTESIANPOINT((811.1797892400634,2009.2072380168402,0.));
#9469 = IFCCARTESIANPOINT((812.7000522101298,2009.2765807006508,0.));
#9470 = IFCCARTESIANPOINT((802.4697451735847,2005.8787891939282,0.));
#9471 = IFCPOLYLINE((#9472,#9473));
#9472 = IFCCARTESIANPOINT((812.7000522101298,2009.2765807006508,0.));
#9473 = IFCCARTESIANPOINT((812.7000522101298,2009.2765807006508,0.));
#9474 = IFCPOLYLINE((#9475,#9476,#9477,#9478,#9479,#9480,#9481,#9482,#9483));
#9475 = IFCCARTESIANPOINT((812.7000522101298,2009.2765807006508,0.));
#9476 = IFCCARTESIANPOINT((814.6808410476781,2009.1763352990554,0.));
#9477 = IFCCARTESIANPOINT((816.5711829063425,2008.8755990942675,0.));
#9478 = IFCCARTESIANPOINT((818.3710777861236,2008.374372086288,0.));
#9479 = IFCCARTESIANPOINT((820.0805256870215,2007.6726542751173,0.));
#9480 = IFCCARTESIANPOINT((821.6995266090357,2006.7704456607544,0.));
#9481 = IFCCARTESIANPOINT((823.2280805521664,2005.6677462432003,0.));
#9482 = IFCCARTESIANPOINT((824.6661875164136,2004.364556022454,0.));
#9483 = IFCCARTESIANPOINT((812.7000522101298,2009.2765807006508,0.));
#9484 = IFCPOLYLINE((#9485,#9486));
#9485 = IFCCARTESIANPOINT((824.6661875164136,2004.364556022454,0.));
#9486 = IFCCARTESIANPOINT((824.6661875164136,2004.364556022454,0.));
#9487 = IFCPOLYLINE((#9488,#9489,#9490,#9491,#9492,#9493,#9494,#9495,#9496));
#9488 = IFCCARTESIANPOINT((824.6661875164136,2004.364556022454,0.));
#9489 = IFCCARTESIANPOINT((825.9595793144475,2002.9038373134865,0.));
#9490 = IFCCARTESIANPOINT((827.0539877589374,2001.3285524312653,0.));
#9491 = IFCCARTESIANPOINT((827.9494128498839,1999.6387013757922,0.));
#9492 = IFCCARTESIANPOINT((828.6458545872867,1997.8342841470676,0.));
#9493 = IFCCARTESIANPOINT((829.1433129711456,1995.9153007450893,0.));
#9494 = IFCCARTESIANPOINT((829.4417880014612,1993.8817511698594,0.));
#9495 = IFCCARTESIANPOINT((829.541279678233,1991.7336354213767,0.));
#9496 = IFCCARTESIANPOINT((824.6661875164136,2004.364556022454,0.));
#9497 = IFCPOLYLINE((#9498,#9499));
#9498 = IFCCARTESIANPOINT((829.541279678233,1991.7336354213767,0.));
#9499 = IFCCARTESIANPOINT((829.541279678233,1991.7336354213767,0.));
#9500 = IFCPOLYLINE((#9501,#9502,#9503,#9504,#9505,#9506,#9507,#9508,#9509));
#9501 = IFCCARTESIANPOINT((829.541279678233,1991.7336354213767,0.));
#9502 = IFCCARTESIANPOINT((829.4538475986458,1989.67445920213,0.));
#9503 = IFCCARTESIANPOINT((829.1915513598834,1987.6966852638777,0.));
#9504 = IFCCARTESIANPOINT((828.7543909619467,1985.8003136066206,0.));
#9505 = IFCCARTESIANPOINT((828.1423664048353,1983.9853442303593,0.));
#9506 = IFCCARTESIANPOINT((827.355477688549,1982.2517771350922,0.));
#9507 = IFCCARTESIANPOINT((826.393724813088,1980.599612320821,0.));
#9508 = IFCCARTESIANPOINT((825.2571077784523,1979.0288497875445,0.));
#9509 = IFCCARTESIANPOINT((829.541279678233,1991.7336354213767,0.));
#9510 = IFCPOLYLINE((#9511,#9512));
#9511 = IFCCARTESIANPOINT((825.2571077784523,1979.0288497875445,0.));
#9512 = IFCCARTESIANPOINT((825.2571077784523,1979.0288497875445,0.));
#9513 = IFCPOLYLINE((#9514,#9515,#9516,#9517,#9518,#9519,#9520,#9521,#9522));
#9514 = IFCCARTESIANPOINT((825.2571077784523,1979.0288497875445,0.));
#9515 = IFCCARTESIANPOINT((823.6916213189443,1977.284730544742,0.));
#9516 = IFCCARTESIANPOINT((821.9708675456861,1975.8089373392927,0.));
#9517 = IFCCARTESIANPOINT((820.0948464586778,1974.601470171198,0.));
#9518 = IFCCARTESIANPOINT((818.0635580579201,1973.6623290404584,0.));
#9519 = IFCCARTESIANPOINT((815.8770023434117,1972.9915139470725,0.));
#9520 = IFCCARTESIANPOINT((813.535179315154,1972.589024891041,0.));
#9521 = IFCCARTESIANPOINT((811.0380889731459,1972.4548618723638,0.));
#9522 = IFCCARTESIANPOINT((825.2571077784523,1979.0288497875445,0.));
#9523 = IFCPOLYLINE((#9524,#9525));
#9524 = IFCCARTESIANPOINT((811.0380889731459,1972.4548618723638,0.));
#9525 = IFCCARTESIANPOINT((811.0380889731459,1972.4548618723638,0.));
#9526 = IFCPOLYLINE((#9527,#9528,#9529,#9530,#9531,#9532,#9533,#9534,#9535));
#9527 = IFCCARTESIANPOINT((811.0380889731459,1972.4548618723638,0.));
#9528 = IFCCARTESIANPOINT((808.9830582404312,1972.5392790526555,0.));
#9529 = IFCCARTESIANPOINT((807.0388250568482,1972.7925305935287,0.));
#9530 = IFCCARTESIANPOINT((805.2053894223977,1973.2146164949847,0.));
#9531 = IFCCARTESIANPOINT((803.4827513370797,1973.8055367570241,0.));
#9532 = IFCCARTESIANPOINT((801.8709108008936,1974.5652913796453,0.));
#9533 = IFCCARTESIANPOINT((800.3698678138401,1975.4938803628486,0.));
#9534 = IFCCARTESIANPOINT((798.9796223759186,1976.5913037066348,0.));
#9535 = IFCCARTESIANPOINT((811.0380889731459,1972.4548618723638,0.));
#9536 = IFCPOLYLINE((#9537,#9538));
#9537 = IFCCARTESIANPOINT((798.9796223759186,1976.5913037066348,0.));
#9538 = IFCCARTESIANPOINT((798.9796223759186,1976.5913037066348,0.));
#9539 = IFCPOLYLINE((#9540,#9541,#9542,#9543,#9544,#9545,#9546,#9547,#9548));
#9540 = IFCCARTESIANPOINT((798.9796223759186,1976.5913037066348,0.));
#9541 = IFCCARTESIANPOINT((797.7265548559707,1977.8281661428668,0.));
#9542 = IFCCARTESIANPOINT((796.6370456228365,1979.175072403406,0.));
#9543 = IFCCARTESIANPOINT((795.7110946765168,1980.6320224882538,0.));
#9544 = IFCCARTESIANPOINT((794.9487020170117,1982.1990163974103,0.));
#9545 = IFCCARTESIANPOINT((794.3498676443207,1983.8760541308748,0.));
#9546 = IFCCARTESIANPOINT((793.9145915584439,1985.6631356886473,0.));
#9547 = IFCCARTESIANPOINT((793.6428737593815,1987.5602610707283,0.));
#9548 = IFCCARTESIANPOINT((798.9796223759186,1976.5913037066348,0.));
#9549 = IFCPOLYLINE((#9550,#9551,#9552,#9553,#9554,#9555,#9556,#9557,#9558));
#9550 = IFCCARTESIANPOINT((853.4735502908006,1973.3781747817993,0.));
#9551 = IFCCARTESIANPOINT((874.2665570112877,2027.521243791096,0.));
#9552 = IFCCARTESIANPOINT((881.9854529341683,2027.521243791096,0.));
#9553 = IFCCARTESIANPOINT((904.1449627606198,1973.3781747817993,0.));
#9554 = IFCCARTESIANPOINT((895.9828766412102,1973.3781747817993,0.));
#9555 = IFCCARTESIANPOINT((889.6674163406715,1989.7762120533735,0.));
#9556 = IFCCARTESIANPOINT((867.0277838013135,1989.7762120533735,0.));
#9557 = IFCCARTESIANPOINT((861.081648664549,1973.3781747817993,0.));
#9558 = IFCCARTESIANPOINT((853.4735502908006,1973.3781747817993,0.));
#9559 = IFCPOLYLINE((#9560,#9561,#9562,#9563));
#9560 = IFCCARTESIANPOINT((887.4514653580263,1995.6115496410057,0.));
#9561 = IFCCARTESIANPOINT((881.8007903522812,2010.606151290238,0.));
#9562 = IFCCARTESIANPOINT((881.8007903522812,2010.606151290238,0.));
#9563 = IFCCARTESIANPOINT((887.4514653580263,1995.6115496410057,0.));
#9564 = IFCPOLYLINE((#9565,#9566,#9567,#9568,#9569,#9570,#9571,#9572,#9573));
#9565 = IFCCARTESIANPOINT((881.8007903522812,2010.606151290238,0.));
#9566 = IFCCARTESIANPOINT((881.0892741183981,2012.5085527460876,0.));
#9567 = IFCCARTESIANPOINT((880.4320260718447,2014.3114625251642,0.));
#9568 = IFCCARTESIANPOINT((879.8290462126214,2016.0148806274694,0.));
#9569 = IFCCARTESIANPOINT((879.2803345407284,2017.6188070530036,0.));
#9570 = IFCCARTESIANPOINT((878.7858910561654,2019.1232418017653,0.));
#9571 = IFCCARTESIANPOINT((878.3457157589326,2020.5281848737554,0.));
#9572 = IFCCARTESIANPOINT((877.9598086490296,2021.8336362689734,0.));
#9573 = IFCCARTESIANPOINT((881.8007903522812,2010.606151290238,0.));
#9574 = IFCPOLYLINE((#9575,#9576));
#9575 = IFCCARTESIANPOINT((877.9598086490296,2021.8336362689734,0.));
#9576 = IFCCARTESIANPOINT((877.9598086490296,2021.8336362689734,0.));
#9577 = IFCPOLYLINE((#9578,#9579,#9580,#9581,#9582,#9583,#9584,#9585,#9586));
#9578 = IFCCARTESIANPOINT((877.9598086490296,2021.8336362689734,0.));
#9579 = IFCCARTESIANPOINT((877.6470128470578,2020.3472909159889,0.));
#9580 = IFCCARTESIANPOINT((877.2995457031802,2018.8639604622995,0.));
#9581 = IFCCARTESIANPOINT((876.9174072173973,2017.3836449079063,0.));
#9582 = IFCCARTESIANPOINT((876.5005973897096,2015.9063442528097,0.));
#9583 = IFCCARTESIANPOINT((876.0491162201162,2014.4320584970092,0.));
#9584 = IFCCARTESIANPOINT((875.5629637086175,2012.9607876405043,0.));
#9585 = IFCCARTESIANPOINT((875.0421398552135,2011.492531683296,0.));
#9586 = IFCCARTESIANPOINT((877.9598086490296,2021.8336362689734,0.));
#9587 = IFCPOLYLINE((#9588,#9589,#9590));
#9588 = IFCCARTESIANPOINT((875.0421398552135,2011.492531683296,0.));
#9589 = IFCCARTESIANPOINT((869.096004718449,1995.6115496410057,0.));
#9590 = IFCCARTESIANPOINT((875.0421398552135,2011.492531683296,0.));
#9591 = IFCPOLYLINE((#9592,#9593,#9594,#9595));
#9592 = IFCCARTESIANPOINT((906.360913743265,1985.0857824734412,0.));
#9593 = IFCCARTESIANPOINT((912.9349016584456,1986.119892932009,0.));
#9594 = IFCCARTESIANPOINT((912.9349016584456,1986.119892932009,0.));
#9595 = IFCCARTESIANPOINT((906.360913743265,1985.0857824734412,0.));
#9596 = IFCPOLYLINE((#9597,#9598,#9599,#9600,#9601,#9602,#9603,#9604,#9605));
#9597 = IFCCARTESIANPOINT((912.9349016584456,1986.119892932009,0.));
#9598 = IFCCARTESIANPOINT((913.1335081495774,1985.0284993868156,0.));
#9599 = IFCCARTESIANPOINT((913.41276319688,1984.012478324024,0.));
#9600 = IFCCARTESIANPOINT((913.7726668003538,1983.0718297436358,0.));
#9601 = IFCCARTESIANPOINT((914.2132189599987,1982.2065536456507,0.));
#9602 = IFCCARTESIANPOINT((914.7344196758147,1981.4166500300682,0.));
#9603 = IFCCARTESIANPOINT((915.336268947802,1980.7021188968888,0.));
#9604 = IFCCARTESIANPOINT((916.0187667759601,1980.0629602461122,0.));
#9605 = IFCCARTESIANPOINT((912.9349016584456,1986.119892932009,0.));
#9606 = IFCPOLYLINE((#9607,#9608));
#9607 = IFCCARTESIANPOINT((916.0187667759601,1980.0629602461122,0.));
#9608 = IFCCARTESIANPOINT((916.0187667759601,1980.0629602461122,0.));
#9609 = IFCPOLYLINE((#9610,#9611,#9612,#9613,#9614,#9615,#9616,#9617,#9618));
#9610 = IFCCARTESIANPOINT((916.0187667759601,1980.0629602461122,0.));
#9611 = IFCCARTESIANPOINT((916.7826668851137,1979.5044501515072,0.));
#9612 = IFCCARTESIANPOINT((917.628723000086,1979.0318646868407,0.));
#9613 = IFCCARTESIANPOINT((918.5569351208776,1978.6452038521136,0.));
#9614 = IFCCARTESIANPOINT((919.5673032474884,1978.3444676473264,0.));
#9615 = IFCCARTESIANPOINT((920.6598273799184,1978.129656072478,0.));
#9616 = IFCCARTESIANPOINT((921.8345075181676,1978.0007691275691,0.));
#9617 = IFCCARTESIANPOINT((923.0913436622359,1977.9578068125993,0.));
#9618 = IFCCARTESIANPOINT((916.0187667759601,1980.0629602461122,0.));
#9619 = IFCPOLYLINE((#9620,#9621));
#9620 = IFCCARTESIANPOINT((923.0913436622359,1977.9578068125993,0.));
#9621 = IFCCARTESIANPOINT((923.0913436622359,1977.9578068125993,0.));
#9622 = IFCPOLYLINE((#9623,#9624,#9625,#9626,#9627,#9628,#9629,#9630,#9631));
#9623 = IFCCARTESIANPOINT((923.0913436622359,1977.9578068125993,0.));
#9624 = IFCCARTESIANPOINT((924.3515715680127,1977.9958699162135,0.));
#9625 = IFCCARTESIANPOINT((925.5153226963132,1978.1100592270532,0.));
#9626 = IFCCARTESIANPOINT((926.5825970471379,1978.30037474512,0.));
#9627 = IFCCARTESIANPOINT((927.5533946204874,1978.5668164704148,0.));
#9628 = IFCCARTESIANPOINT((928.427715416361,1978.9093844029358,0.));
#9629 = IFCCARTESIANPOINT((929.2055594347589,1979.328078542684,0.));
#9630 = IFCCARTESIANPOINT((929.886926675681,1979.822898889659,0.));
#9631 = IFCCARTESIANPOINT((923.0913436622359,1977.9578068125993,0.));
#9632 = IFCPOLYLINE((#9633,#9634));
#9633 = IFCCARTESIANPOINT((929.886926675681,1979.822898889659,0.));
#9634 = IFCCARTESIANPOINT((929.886926675681,1979.822898889659,0.));
#9635 = IFCPOLYLINE((#9636,#9637,#9638,#9639,#9640,#9641,#9642,#9643,#9644));
#9636 = IFCCARTESIANPOINT((929.886926675681,1979.822898889659,0.));
#9637 = IFCCARTESIANPOINT((930.4748320384239,1980.3689725246682,0.));
#9638 = IFCCARTESIANPOINT((930.9722904222829,1980.941426528518,0.));
#9639 = IFCCARTESIANPOINT((931.3793018272584,1981.5402609012087,0.));
#9640 = IFCCARTESIANPOINT((931.6958662533507,1982.165475642741,0.));
#9641 = IFCCARTESIANPOINT((931.9219837005592,1982.817070753114,0.));
#9642 = IFCCARTESIANPOINT((932.0576541688845,1983.4950462323281,0.));
#9643 = IFCCARTESIANPOINT((932.1028776583262,1984.1994020803832,0.));
#9644 = IFCCARTESIANPOINT((929.886926675681,1979.822898889659,0.));
#9645 = IFCPOLYLINE((#9646,#9647));
#9646 = IFCCARTESIANPOINT((932.1028776583262,1984.1994020803832,0.));
#9647 = IFCCARTESIANPOINT((932.1028776583262,1984.1994020803832,0.));
#9648 = IFCPOLYLINE((#9649,#9650,#9651,#9652,#9653,#9654,#9655,#9656,#9657));
#9649 = IFCCARTESIANPOINT((932.1028776583262,1984.1994020803832,0.));
#9650 = IFCCARTESIANPOINT((932.0629302426529,1984.8234862346796,0.));
#9651 = IFCCARTESIANPOINT((931.943087995632,1985.4083766981257,0.));
#9652 = IFCCARTESIANPOINT((931.7433509172643,1985.9540734707225,0.));
#9653 = IFCCARTESIANPOINT((931.4637190075498,1986.4605765524702,0.));
#9654 = IFCCARTESIANPOINT((931.1041922664878,1986.927885943368,0.));
#9655 = IFCCARTESIANPOINT((930.6647706940789,1987.3560016434167,0.));
#9656 = IFCCARTESIANPOINT((930.145454290323,1987.7449236526154,0.));
#9657 = IFCCARTESIANPOINT((932.1028776583262,1984.1994020803832,0.));
#9658 = IFCPOLYLINE((#9659,#9660));
#9659 = IFCCARTESIANPOINT((930.145454290323,1987.7449236526154,0.));
#9660 = IFCCARTESIANPOINT((930.145454290323,1987.7449236526154,0.));
#9661 = IFCPOLYLINE((#9662,#9663,#9664,#9665,#9666,#9667,#9668,#9669,#9670));
#9662 = IFCCARTESIANPOINT((930.145454290323,1987.7449236526154,0.));
#9663 = IFCCARTESIANPOINT((929.6721151008329,1988.007973616202,0.));
#9664 = IFCCARTESIANPOINT((929.0329564500563,1988.2906204252124,0.));
#9665 = IFCCARTESIANPOINT((928.2279783379932,1988.5928640796478,0.));
#9666 = IFCCARTESIANPOINT((927.2571807646442,1988.9147045795085,0.));
#9667 = IFCCARTESIANPOINT((926.1205637300083,1989.2561419247936,0.));
#9668 = IFCCARTESIANPOINT((924.8181272340863,1989.6171761155035,0.));
#9669 = IFCCARTESIANPOINT((923.3498712768778,1989.997807151638,0.));
#9670 = IFCCARTESIANPOINT((930.145454290323,1987.7449236526154,0.));
#9671 = IFCPOLYLINE((#9672,#9673));
#9672 = IFCCARTESIANPOINT((923.3498712768778,1989.997807151638,0.));
#9673 = IFCCARTESIANPOINT((923.3498712768778,1989.997807151638,0.));
#9674 = IFCPOLYLINE((#9675,#9676,#9677,#9678,#9679,#9680,#9681,#9682,#9683));
#9675 = IFCCARTESIANPOINT((923.3498712768778,1989.997807151638,0.));
#9676 = IFCCARTESIANPOINT((921.3521236307893,1990.5152392433347,0.));
#9677 = IFCCARTESIANPOINT((919.5375311169394,1991.0123207647812,0.));
#9678 = IFCCARTESIANPOINT((917.9060937353286,1991.4890517159793,0.));
#9679 = IFCCARTESIANPOINT((916.457811485957,1991.9454320969292,0.));
#9680 = IFCCARTESIANPOINT((915.1926843688244,1992.3814619076297,0.));
#9681 = IFCCARTESIANPOINT((914.1107123839308,1992.7971411480817,0.));
#9682 = IFCCARTESIANPOINT((913.2118955312762,1993.1924698182847,0.));
#9683 = IFCCARTESIANPOINT((923.3498712768778,1989.997807151638,0.));
#9684 = IFCPOLYLINE((#9685,#9686));
#9685 = IFCCARTESIANPOINT((913.2118955312762,1993.1924698182847,0.));
#9686 = IFCCARTESIANPOINT((913.2118955312762,1993.1924698182847,0.));
#9687 = IFCPOLYLINE((#9688,#9689,#9690,#9691,#9692,#9693,#9694,#9695,#9696));
#9688 = IFCCARTESIANPOINT((913.2118955312762,1993.1924698182847,0.));
#9689 = IFCCARTESIANPOINT((912.4325440632306,1993.5987274984368,0.));
#9690 = IFCCARTESIANPOINT((911.7089682321625,1994.0471937687335,0.));
#9691 = IFCCARTESIANPOINT((911.0411680380727,1994.5378686291763,0.));
#9692 = IFCCARTESIANPOINT((910.4291434809614,1995.070752079765,0.));
#9693 = IFCCARTESIANPOINT((909.872894560828,1995.645844120499,0.));
#9694 = IFCCARTESIANPOINT((909.3724212776727,1996.2631447513788,0.));
#9695 = IFCCARTESIANPOINT((908.9277236314956,1996.922653972404,0.));
#9696 = IFCCARTESIANPOINT((913.2118955312762,1993.1924698182847,0.));
#9697 = IFCPOLYLINE((#9698,#9699));
#9698 = IFCCARTESIANPOINT((908.9277236314956,1996.922653972404,0.));
#9699 = IFCCARTESIANPOINT((908.9277236314956,1996.922653972404,0.));
#9700 = IFCPOLYLINE((#9701,#9702,#9703,#9704,#9705,#9706,#9707,#9708,#9709));
#9701 = IFCCARTESIANPOINT((908.9277236314956,1996.922653972404,0.));
#9702 = IFCCARTESIANPOINT((908.5406859343569,1997.613442773627,0.));
#9703 = IFCCARTESIANPOINT((908.2131924983161,1998.3245821450978,0.));
#9704 = IFCCARTESIANPOINT((907.9452433233737,1999.056072086818,0.));
#9705 = IFCCARTESIANPOINT((907.7368384095299,1999.807912598787,0.));
#9706 = IFCCARTESIANPOINT((907.5879777567841,2000.5801036810046,0.));
#9707 = IFCCARTESIANPOINT((907.4986613651367,2001.3726453334712,0.));
#9708 = IFCCARTESIANPOINT((907.4688892345876,2002.1855375561863,0.));
#9709 = IFCCARTESIANPOINT((908.9277236314956,1996.922653972404,0.));
#9710 = IFCPOLYLINE((#9711,#9712));
#9711 = IFCCARTESIANPOINT((907.4688892345876,2002.1855375561863,0.));
#9712 = IFCCARTESIANPOINT((907.4688892345876,2002.1855375561863,0.));
#9713 = IFCPOLYLINE((#9714,#9715,#9716,#9717,#9718,#9719,#9720,#9721,#9722));
#9714 = IFCCARTESIANPOINT((907.4688892345876,2002.1855375561863,0.));
#9715 = IFCCARTESIANPOINT((907.4933852913687,2002.9268259206192,0.));
#9716 = IFCCARTESIANPOINT((907.5668734617113,2003.6522860637465,0.));
#9717 = IFCCARTESIANPOINT((907.689353745616,2004.3619179855698,0.));
#9718 = IFCCARTESIANPOINT((907.8608261430827,2005.0557216860889,0.));
#9719 = IFCCARTESIANPOINT((908.0812906541112,2005.7336971653026,0.));
#9720 = IFCCARTESIANPOINT((908.3507472787014,2006.395844423212,0.));
#9721 = IFCCARTESIANPOINT((908.6691960168537,2007.042163459817,0.));
#9722 = IFCCARTESIANPOINT((907.4688892345876,2002.1855375561863,0.));
#9723 = IFCPOLYLINE((#9724,#9725));
#9724 = IFCCARTESIANPOINT((908.6691960168537,2007.042163459817,0.));
#9725 = IFCCARTESIANPOINT((908.6691960168537,2007.042163459817,0.));
#9726 = IFCPOLYLINE((#9727,#9728,#9729,#9730,#9731,#9732,#9733,#9734,#9735));
#9727 = IFCCARTESIANPOINT((908.6691960168537,2007.042163459817,0.));
#9728 = IFCCARTESIANPOINT((909.0298533451518,2007.6651170268772,0.));
#9729 = IFCCARTESIANPOINT((909.4259357401787,2008.2571678761517,0.));
#9730 = IFCCARTESIANPOINT((909.8574432019353,2008.8183160076408,0.));
#9731 = IFCCARTESIANPOINT((910.3243757304214,2009.3485614213457,0.));
#9732 = IFCCARTESIANPOINT((910.8267333256366,2009.8479041172648,0.));
#9733 = IFCCARTESIANPOINT((911.3645159875812,2010.316344095399,0.));
#9734 = IFCCARTESIANPOINT((911.9377237162553,2010.7538813557476,0.));
#9735 = IFCCARTESIANPOINT((908.6691960168537,2007.042163459817,0.));
#9736 = IFCPOLYLINE((#9737,#9738));
#9737 = IFCCARTESIANPOINT((911.9377237162553,2010.7538813557476,0.));
#9738 = IFCCARTESIANPOINT((911.9377237162553,2010.7538813557476,0.));
#9739 = IFCPOLYLINE((#9740,#9741,#9742,#9743,#9744,#9745,#9746,#9747,#9748));
#9740 = IFCCARTESIANPOINT((911.9377237162553,2010.7538813557476,0.));
#9741 = IFCCARTESIANPOINT((912.4039025199174,2011.0738375435483,0.));
#9742 = IFCCARTESIANPOINT((912.9160585378448,2011.3794729596916,0.));
#9743 = IFCCARTESIANPOINT((913.4741917700383,2011.6707876041787,0.));
#9744 = IFCCARTESIANPOINT((914.0783022164976,2011.9477814770098,0.));
#9745 = IFCCARTESIANPOINT((914.7283898772225,2012.2104545781835,0.));
#9746 = IFCCARTESIANPOINT((915.4244547522134,2012.4588069077013,0.));
#9747 = IFCCARTESIANPOINT((916.1664968414698,2012.692838465562,0.));
#9748 = IFCCARTESIANPOINT((911.9377237162553,2010.7538813557476,0.));
#9749 = IFCPOLYLINE((#9750,#9751));
#9750 = IFCCARTESIANPOINT((916.1664968414698,2012.692838465562,0.));
#9751 = IFCCARTESIANPOINT((916.1664968414698,2012.692838465562,0.));
#9752 = IFCPOLYLINE((#9753,#9754,#9755,#9756,#9757,#9758,#9759,#9760,#9761));
#9753 = IFCCARTESIANPOINT((916.1664968414698,2012.692838465562,0.));
#9754 = IFCCARTESIANPOINT((916.9394416485118,2012.9035045538787,0.));
#9755 = IFCCARTESIANPOINT((917.7282146768579,2013.0817604747613,0.));
#9756 = IFCCARTESIANPOINT((918.5328159265086,2013.2276062282103,0.));
#9757 = IFCCARTESIANPOINT((919.3532453974644,2013.3410418142273,0.));
#9758 = IFCCARTESIANPOINT((920.1895030897243,2013.4220672328102,0.));
#9759 = IFCCARTESIANPOINT((921.0415890032892,2013.47068248396,0.));
#9760 = IFCCARTESIANPOINT((921.9095031381585,2013.4868875676766,0.));
#9761 = IFCCARTESIANPOINT((916.1664968414698,2012.692838465562,0.));
#9762 = IFCPOLYLINE((#9763,#9764));
#9763 = IFCCARTESIANPOINT((921.9095031381585,2013.4868875676766,0.));
#9764 = IFCCARTESIANPOINT((921.9095031381585,2013.4868875676766,0.));
#9765 = IFCPOLYLINE((#9766,#9767,#9768,#9769,#9770,#9771,#9772,#9773,#9774));
#9766 = IFCCARTESIANPOINT((921.9095031381585,2013.4868875676766,0.));
#9767 = IFCCARTESIANPOINT((923.2055329730764,2013.459753474012,0.));
#9768 = IFCCARTESIANPOINT((924.4555855937283,2013.3783511930164,0.));
#9769 = IFCCARTESIANPOINT((925.6596610001145,2013.242680724691,0.));
#9770 = IFCCARTESIANPOINT((926.8177591922351,2013.052742069036,0.));
#9771 = IFCCARTESIANPOINT((927.9298801700897,2012.8085352260505,0.));
#9772 = IFCCARTESIANPOINT((928.9960239336788,2012.5100601957352,0.));
#9773 = IFCCARTESIANPOINT((930.016190483002,2012.1573169780895,0.));
#9774 = IFCCARTESIANPOINT((921.9095031381585,2013.4868875676766,0.));
#9775 = IFCPOLYLINE((#9776,#9777));
#9776 = IFCCARTESIANPOINT((930.016190483002,2012.1573169780895,0.));
#9777 = IFCCARTESIANPOINT((930.016190483002,2012.1573169780895,0.));
#9778 = IFCPOLYLINE((#9779,#9780,#9781,#9782,#9783,#9784,#9785,#9786,#9787));
#9779 = IFCCARTESIANPOINT((930.016190483002,2012.1573169780895,0.));
#9780 = IFCCARTESIANPOINT((930.9760590464031,2011.7582196837666,0.));
#9781 = IFCCARTESIANPOINT((931.8613088522249,2011.3206824234173,0.));
#9782 = IFCCARTESIANPOINT((932.6719399004679,2010.8447051970427,0.));
#9783 = IFCCARTESIANPOINT((933.4079521911324,2010.3302880046435,0.));
#9784 = IFCCARTESIANPOINT((934.0693457242178,2009.777430846218,0.));
#9785 = IFCCARTESIANPOINT((934.6561204997244,2009.1861337217674,0.));
#9786 = IFCCARTESIANPOINT((935.168276517652,2008.5563966312911,0.));
#9787 = IFCCARTESIANPOINT((930.016190483002,2012.1573169780895,0.));
#9788 = IFCPOLYLINE((#9789,#9790));
#9789 = IFCCARTESIANPOINT((935.168276517652,2008.5563966312911,0.));
#9790 = IFCCARTESIANPOINT((935.168276517652,2008.5563966312911,0.));
#9791 = IFCPOLYLINE((#9792,#9793,#9794,#9795,#9796,#9797,#9798,#9799,#9800));
#9792 = IFCCARTESIANPOINT((935.168276517652,2008.5563966312911,0.));
#9793 = IFCCARTESIANPOINT((935.6220188617177,2007.8761599776053,0.));
#9794 = IFCCARTESIANPOINT((936.0335526156373,2007.1333641635244,0.));
#9795 = IFCCARTESIANPOINT((936.4028777794113,2006.3280091890492,0.));
#9796 = IFCCARTESIANPOINT((936.7299943530402,2005.4600950541803,0.));
#9797 = IFCCARTESIANPOINT((937.0149023365229,2004.5296217589164,0.));
#9798 = IFCCARTESIANPOINT((937.2576017298602,2003.5365893032583,0.));
#9799 = IFCCARTESIANPOINT((937.458092533052,2002.4809976872057,0.));
#9800 = IFCCARTESIANPOINT((935.168276517652,2008.5563966312911,0.));
#9801 = IFCPOLYLINE((#9802,#9803,#9804,#9805));
#9802 = IFCCARTESIANPOINT((937.458092533052,2002.4809976872057,0.));
#9803 = IFCCARTESIANPOINT((930.9579696506262,2001.5946172941476,0.));
#9804 = IFCCARTESIANPOINT((930.9579696506262,2001.5946172941476,0.));
#9805 = IFCCARTESIANPOINT((937.458092533052,2002.4809976872057,0.));
#9806 = IFCPOLYLINE((#9807,#9808,#9809,#9810,#9811,#9812,#9813,#9814,#9815));
#9807 = IFCCARTESIANPOINT((930.9579696506262,2001.5946172941476,0.));
#9808 = IFCCARTESIANPOINT((930.7970494006963,2002.4327592984685,0.));
#9809 = IFCCARTESIANPOINT((930.5675401917791,2003.2166331154579,0.));
#9810 = IFCCARTESIANPOINT((930.2694420238756,2003.9462387451176,0.));
#9811 = IFCCARTESIANPOINT((929.9027548969857,2004.621576187448,0.));
#9812 = IFCCARTESIANPOINT((929.467478811109,2005.2426454424478,0.));
#9813 = IFCCARTESIANPOINT((928.9636137662455,2005.8094465101176,0.));
#9814 = IFCCARTESIANPOINT((928.3911597623955,2006.3219793904573,0.));
#9815 = IFCCARTESIANPOINT((930.9579696506262,2001.5946172941476,0.));
#9816 = IFCPOLYLINE((#9817,#9818));
#9817 = IFCCARTESIANPOINT((928.3911597623955,2006.3219793904573,0.));
#9818 = IFCCARTESIANPOINT((928.3911597623955,2006.3219793904573,0.));
#9819 = IFCPOLYLINE((#9820,#9821,#9822,#9823,#9824,#9825,#9826,#9827,#9828));
#9820 = IFCCARTESIANPOINT((928.3911597623955,2006.3219793904573,0.));
#9821 = IFCCARTESIANPOINT((927.7486093499109,2006.7727068352272,0.));
#9822 = IFCCARTESIANPOINT((927.0344550791435,2007.1540915961853,0.));
#9823 = IFCCARTESIANPOINT((926.2486969500932,2007.466133673333,0.));
#9824 = IFCCARTESIANPOINT((925.3913349627603,2007.7088330666706,0.));
#9825 = IFCCARTESIANPOINT((924.4623691171446,2007.8821897761973,0.));
#9826 = IFCCARTESIANPOINT((923.4617994132461,2007.9862038019132,0.));
#9827 = IFCCARTESIANPOINT((922.3896258510649,2008.0208751438186,0.));
#9828 = IFCCARTESIANPOINT((928.3911597623955,2006.3219793904573,0.));
#9829 = IFCPOLYLINE((#9830,#9831));
#9830 = IFCCARTESIANPOINT((922.3896258510649,2008.0208751438186,0.));
#9831 = IFCCARTESIANPOINT((922.3896258510649,2008.0208751438186,0.));
#9832 = IFCPOLYLINE((#9833,#9834,#9835,#9836,#9837,#9838,#9839,#9840,#9841));
#9833 = IFCCARTESIANPOINT((922.3896258510649,2008.0208751438186,0.));
#9834 = IFCCARTESIANPOINT((921.1346740190568,2007.9899724260335,0.));
#9835 = IFCCARTESIANPOINT((919.9867511120606,2007.8972642726778,0.));
#9836 = IFCCARTESIANPOINT((918.9458571300764,2007.7427506837516,0.));
#9837 = IFCCARTESIANPOINT((918.0119920731047,2007.5264316592556,0.));
#9838 = IFCCARTESIANPOINT((917.185155941145,2007.2483071991887,0.));
#9839 = IFCCARTESIANPOINT((916.4653487341973,2006.908377303552,0.));
#9840 = IFCCARTESIANPOINT((915.8525704522617,2006.5066419723444,0.));
#9841 = IFCCARTESIANPOINT((922.3896258510649,2008.0208751438186,0.));
#9842 = IFCPOLYLINE((#9843,#9844));
#9843 = IFCCARTESIANPOINT((915.8525704522617,2006.5066419723444,0.));
#9844 = IFCCARTESIANPOINT((915.8525704522617,2006.5066419723444,0.));
#9845 = IFCPOLYLINE((#9846,#9847,#9848,#9849,#9850,#9851,#9852,#9853,#9854));
#9846 = IFCCARTESIANPOINT((915.8525704522617,2006.5066419723444,0.));
#9847 = IFCCARTESIANPOINT((915.3332540485059,2006.0634517758158,0.));
#9848 = IFCCARTESIANPOINT((914.8938324760969,2005.5991572842136,0.));
#9849 = IFCCARTESIANPOINT((914.5343057350349,2005.1137584975388,0.));
#9850 = IFCCARTESIANPOINT((914.2546738253204,2004.6072554157915,0.));
#9851 = IFCCARTESIANPOINT((914.0549367469525,2004.0796480389713,0.));
#9852 = IFCCARTESIANPOINT((913.9350944999321,2003.530936367078,0.));
#9853 = IFCCARTESIANPOINT((913.8951470842585,2002.9611204001121,0.));
#9854 = IFCCARTESIANPOINT((915.8525704522617,2006.5066419723444,0.));
#9855 = IFCPOLYLINE((#9856,#9857));
#9856 = IFCCARTESIANPOINT((913.8951470842585,2002.9611204001121,0.));
#9857 = IFCCARTESIANPOINT((913.8951470842585,2002.9611204001121,0.));
#9858 = IFCPOLYLINE((#9859,#9860,#9861,#9862,#9863,#9864,#9865,#9866,#9867));
#9859 = IFCCARTESIANPOINT((913.8951470842585,2002.9611204001121,0.));
#9860 = IFCCARTESIANPOINT((913.9117290303874,2002.5970713101065,0.));
#9861 = IFCCARTESIANPOINT((913.961474868773,2002.2435743676367,0.));
#9862 = IFCCARTESIANPOINT((914.0443845994162,2001.900629572703,0.));
#9863 = IFCCARTESIANPOINT((914.1604582223168,2001.5682369253068,0.));
#9864 = IFCCARTESIANPOINT((914.3096957374744,2001.2463964254464,0.));
#9865 = IFCCARTESIANPOINT((914.4920971448895,2000.9351080731224,0.));
#9866 = IFCCARTESIANPOINT((914.7076624445617,2000.6343718683347,0.));
#9867 = IFCCARTESIANPOINT((913.8951470842585,2002.9611204001121,0.));
#9868 = IFCPOLYLINE((#9869,#9870));
#9869 = IFCCARTESIANPOINT((914.7076624445617,2000.6343718683347,0.));
#9870 = IFCCARTESIANPOINT((914.7076624445617,2000.6343718683347,0.));
#9871 = IFCPOLYLINE((#9872,#9873,#9874,#9875,#9876,#9877,#9878,#9879,#9880));
#9872 = IFCCARTESIANPOINT((914.7076624445617,2000.6343718683347,0.));
#9873 = IFCCARTESIANPOINT((914.9586528109635,2000.3358968380196,0.));
#9874 = IFCCARTESIANPOINT((915.2473294185664,2000.0524963041844,0.));
#9875 = IFCCARTESIANPOINT((915.5736922673708,1999.7841702668297,0.));
#9876 = IFCCARTESIANPOINT((915.937741357377,1999.5309187259563,0.));
#9877 = IFCCARTESIANPOINT((916.3394766885845,1999.2927416815633,0.));
#9878 = IFCCARTESIANPOINT((916.7788982609933,1999.0696391336505,0.));
#9879 = IFCCARTESIANPOINT((917.2560060746036,1998.8616110822186,0.));
#9880 = IFCCARTESIANPOINT((914.7076624445617,2000.6343718683347,0.));
#9881 = IFCPOLYLINE((#9882,#9883));
#9882 = IFCCARTESIANPOINT((917.2560060746036,1998.8616110822186,0.));
#9883 = IFCCARTESIANPOINT((917.2560060746036,1998.8616110822186,0.));
#9884 = IFCPOLYLINE((#9885,#9886,#9887,#9888,#9889,#9890,#9891,#9892,#9893));
#9885 = IFCCARTESIANPOINT((917.2560060746036,1998.8616110822186,0.));
#9886 = IFCCARTESIANPOINT((917.6200551646098,1998.73649276143,0.));
#9887 = IFCCARTESIANPOINT((918.1423864676616,1998.5721807497914,0.));
#9888 = IFCCARTESIANPOINT((918.8229999837598,1998.3686750473034,0.));
#9889 = IFCCARTESIANPOINT((919.6618957129042,1998.1259756539664,0.));
#9890 = IFCCARTESIANPOINT((920.6590736550945,1997.8440825697796,0.));
#9891 = IFCCARTESIANPOINT((921.8145338103309,1997.522995794743,0.));
#9892 = IFCCARTESIANPOINT((923.1282761786133,1997.1627153288573,0.));
#9893 = IFCCARTESIANPOINT((917.2560060746036,1998.8616110822186,0.));
#9894 = IFCPOLYLINE((#9895,#9896));
#9895 = IFCCARTESIANPOINT((923.1282761786133,1997.1627153288573,0.));
#9896 = IFCCARTESIANPOINT((923.1282761786133,1997.1627153288573,0.));
#9897 = IFCPOLYLINE((#9898,#9899,#9900,#9901,#9902,#9903,#9904,#9905,#9906));
#9898 = IFCCARTESIANPOINT((923.1282761786133,1997.1627153288573,0.));
#9899 = IFCCARTESIANPOINT((925.0566811408916,1996.6384997137454,0.));
#9900 = IFCCARTESIANPOINT((926.810975668819,1996.1421719171221,0.));
#9901 = IFCCARTESIANPOINT((928.3911597623954,1995.6737319389879,0.));
#9902 = IFCCARTESIANPOINT((929.7972334216217,1995.2331797793431,0.));
#9903 = IFCCARTESIANPOINT((931.029196646497,1994.8205154381872,0.));
#9904 = IFCCARTESIANPOINT((932.0870494370216,1994.4357389155207,0.));
#9905 = IFCCARTESIANPOINT((932.9707917931955,1994.0788502113428,0.));
#9906 = IFCCARTESIANPOINT((923.1282761786133,1997.1627153288573,0.));
#9907 = IFCPOLYLINE((#9908,#9909));
#9908 = IFCCARTESIANPOINT((932.9707917931955,1994.0788502113428,0.));
#9909 = IFCCARTESIANPOINT((932.9707917931955,1994.0788502113428,0.));
#9910 = IFCPOLYLINE((#9911,#9912,#9913,#9914,#9915,#9916,#9917,#9918,#9919));
#9911 = IFCCARTESIANPOINT((932.9707917931955,1994.0788502113428,0.));
#9912 = IFCCARTESIANPOINT((933.7429828754135,1993.7136705341009,0.));
#9913 = IFCCARTESIANPOINT((934.4661818440691,1993.3040210922409,0.));
#9914 = IFCCARTESIANPOINT((935.1403886991628,1992.8499018857633,0.));
#9915 = IFCCARTESIANPOINT((935.765603440695,1992.3513129146686,0.));
#9916 = IFCCARTESIANPOINT((936.3418260686651,1991.8082541789554,0.));
#9917 = IFCCARTESIANPOINT((936.8690565830734,1991.220725678625,0.));
#9918 = IFCCARTESIANPOINT((937.3472949839197,1990.5887274136767,0.));
#9919 = IFCCARTESIANPOINT((932.9707917931955,1994.0788502113428,0.));
#9920 = IFCPOLYLINE((#9921,#9922));
#9921 = IFCCARTESIANPOINT((937.3472949839197,1990.5887274136767,0.));
#9922 = IFCCARTESIANPOINT((937.3472949839197,1990.5887274136767,0.));
#9923 = IFCPOLYLINE((#9924,#9925,#9926,#9927,#9928,#9929,#9930,#9931,#9932));
#9924 = IFCCARTESIANPOINT((937.3472949839197,1990.5887274136767,0.));
#9925 = IFCCARTESIANPOINT((937.7686271605522,1989.9118825216992,0.));
#9926 = IFCCARTESIANPOINT((938.1251390023176,1989.189814140279,0.));
#9927 = IFCCARTESIANPOINT((938.4168305092168,1988.4225222694174,0.));
#9928 = IFCCARTESIANPOINT((938.6437016812497,1987.6100069091144,0.));
#9929 = IFCCARTESIANPOINT((938.8057525184158,1986.7522680593693,0.));
#9930 = IFCCARTESIANPOINT((938.9029830207155,1985.8493057201827,0.));
#9931 = IFCCARTESIANPOINT((938.9353931881487,1984.9011198915541,0.));
#9932 = IFCCARTESIANPOINT((937.3472949839197,1990.5887274136767,0.));
#9933 = IFCPOLYLINE((#9934,#9935));
#9934 = IFCCARTESIANPOINT((938.9353931881487,1984.9011198915541,0.));
#9935 = IFCCARTESIANPOINT((938.9353931881487,1984.9011198915541,0.));
#9936 = IFCPOLYLINE((#9937,#9938,#9939,#9940,#9941,#9942,#9943,#9944,#9945));
#9937 = IFCCARTESIANPOINT((938.9353931881487,1984.9011198915541,0.));
#9938 = IFCCARTESIANPOINT((938.8958226348874,1983.9593407239304,0.));
#9939 = IFCCARTESIANPOINT((938.7771109751027,1983.0333897776104,0.));
#9940 = IFCCARTESIANPOINT((938.579258208795,1982.123267052595,0.));
#9941 = IFCCARTESIANPOINT((938.3022643359644,1981.228972548885,0.));
#9942 = IFCCARTESIANPOINT((937.9461293566108,1980.3505062664792,0.));
#9943 = IFCCARTESIANPOINT((937.5108532707341,1979.4878682053782,0.));
#9944 = IFCCARTESIANPOINT((936.9964360783342,1978.6410583655816,0.));
#9945 = IFCCARTESIANPOINT((938.9353931881487,1984.9011198915541,0.));
#9946 = IFCPOLYLINE((#9947,#9948));
#9947 = IFCCARTESIANPOINT((936.9964360783342,1978.6410583655816,0.));
#9948 = IFCCARTESIANPOINT((936.9964360783342,1978.6410583655816,0.));
#9949 = IFCPOLYLINE((#9950,#9951,#9952,#9953,#9954,#9955,#9956,#9957,#9958));
#9950 = IFCCARTESIANPOINT((936.9964360783342,1978.6410583655816,0.));
#9951 = IFCCARTESIANPOINT((936.4074001283558,1977.829296730103,0.));
#9952 = IFCCARTESIANPOINT((935.7482677697424,1977.0718032819532,0.));
#9953 = IFCCARTESIANPOINT((935.0190390024941,1976.368578021134,0.));
#9954 = IFCCARTESIANPOINT((934.2197138266116,1975.7196209476454,0.));
#9955 = IFCCARTESIANPOINT((933.3502922420942,1975.1249320614866,0.));
#9956 = IFCCARTESIANPOINT((932.4107742489421,1974.5845113626576,0.));
#9957 = IFCCARTESIANPOINT((931.4011598471552,1974.098358851159,0.));
#9958 = IFCCARTESIANPOINT((936.9964360783342,1978.6410583655816,0.));
#9959 = IFCPOLYLINE((#9960,#9961));
#9960 = IFCCARTESIANPOINT((931.4011598471552,1974.098358851159,0.));
#9961 = IFCCARTESIANPOINT((931.4011598471552,1974.098358851159,0.));
#9962 = IFCPOLYLINE((#9963,#9964,#9965,#9966,#9967,#9968,#9969,#9970,#9971));
#9963 = IFCCARTESIANPOINT((931.4011598471552,1974.098358851159,0.));
#9964 = IFCCARTESIANPOINT((930.3369003956266,1973.672127463171,0.));
#9965 = IFCCARTESIANPOINT((929.233447253248,1973.311470134873,0.));
#9966 = IFCCARTESIANPOINT((928.0908004200201,1973.0163868662653,0.));
#9967 = IFCCARTESIANPOINT((926.9089598959426,1972.7868776573487,0.));
#9968 = IFCCARTESIANPOINT((925.6879256810157,1972.6229425081224,0.));
#9969 = IFCCARTESIANPOINT((924.4276977752393,1972.5245814185866,0.));
#9970 = IFCCARTESIANPOINT((923.1282761786133,1972.4917943887413,0.));
#9971 = IFCCARTESIANPOINT((931.4011598471552,1974.098358851159,0.));
#9972 = IFCPOLYLINE((#9973,#9974));
#9973 = IFCCARTESIANPOINT((923.1282761786133,1972.4917943887413,0.));
#9974 = IFCCARTESIANPOINT((923.1282761786133,1972.4917943887413,0.));
#9975 = IFCPOLYLINE((#9976,#9977,#9978,#9979,#9980,#9981,#9982,#9983,#9984));
#9976 = IFCCARTESIANPOINT((923.1282761786133,1972.4917943887413,0.));
#9977 = IFCCARTESIANPOINT((921.0182235337445,1972.5566147236082,0.));
#9978 = IFCCARTESIANPOINT((919.0566546792089,1972.7510757282073,0.));
#9979 = IFCCARTESIANPOINT((917.2435696150071,1973.0751774025393,0.));
#9980 = IFCCARTESIANPOINT((915.5789683411393,1973.5289197466054,0.));
#9981 = IFCCARTESIANPOINT((914.062850857605,1974.1123027604035,0.));
#9982 = IFCCARTESIANPOINT((912.6952171644044,1974.825326443935,0.));
#9983 = IFCCARTESIANPOINT((911.4760672615375,1975.6679907971993,0.));
#9984 = IFCCARTESIANPOINT((923.1282761786133,1972.4917943887413,0.));
#9985 = IFCPOLYLINE((#9986,#9987));
#9986 = IFCCARTESIANPOINT((911.4760672615375,1975.6679907971993,0.));
#9987 = IFCCARTESIANPOINT((911.4760672615375,1975.6679907971993,0.));
#9988 = IFCPOLYLINE((#9989,#9990,#9991,#9992,#9993,#9994,#9995,#9996,#9997));
#9989 = IFCCARTESIANPOINT((911.4760672615375,1975.6679907971993,0.));
#9990 = IFCCARTESIANPOINT((910.3903266525241,1976.6380346457252,0.));
#9991 = IFCCARTESIANPOINT((909.4229208408827,1977.7331968150386,0.));
#9992 = IFCCARTESIANPOINT((908.5738498266139,1978.9534773051412,0.));
#9993 = IFCCARTESIANPOINT((907.843113609718,1980.2988761160336,0.));
#9994 = IFCCARTESIANPOINT((907.2307121901945,1981.7693932477139,0.));
#9995 = IFCCARTESIANPOINT((906.7366455680435,1983.365028700183,0.));
#9996 = IFCCARTESIANPOINT((906.360913743265,1985.0857824734412,0.));
#9997 = IFCCARTESIANPOINT((911.4760672615375,1975.6679907971993,0.));
#9998 = IFCPOLYLINE((#9999,#10000,#10001,#10002,#10003,#10004));
#9999 = IFCCARTESIANPOINT((946.8389516929165,1958.3466406161897,0.));
#10000 = IFCCARTESIANPOINT((946.8389516929165,2012.6005071746185,0.));
#10001 = IFCCARTESIANPOINT((952.8958843788132,2012.6005071746185,0.));
#10002 = IFCCARTESIANPOINT((952.8958843788132,2007.5038199145347,0.));
#10003 = IFCCARTESIANPOINT((952.8958843788132,2007.5038199145347,0.));
#10004 = IFCCARTESIANPOINT((946.8389516929165,1958.3466406161897,0.));
#10005 = IFCPOLYLINE((#10006,#10007,#10008,#10009,#10010,#10011,#10012,#10013,#10014));
#10006 = IFCCARTESIANPOINT((952.8958843788132,2007.5038199145347,0.));
#10007 = IFCCARTESIANPOINT((953.5192148082854,2008.3280180096108,0.));
#10008 = IFCCARTESIANPOINT((954.165156982478,2009.0911643939396,0.));
#10009 = IFCCARTESIANPOINT((954.8337109013916,2009.7932590675225,0.));
#10010 = IFCCARTESIANPOINT((955.5248765650263,2010.4343020303593,0.));
#10011 = IFCCARTESIANPOINT((956.2386539733818,2011.0142932824497,0.));
#10012 = IFCCARTESIANPOINT((956.9750431264579,2011.5332328237937,0.));
#10013 = IFCCARTESIANPOINT((957.7340440242551,2011.9911206543911,0.));
#10014 = IFCCARTESIANPOINT((952.8958843788132,2007.5038199145347,0.));
#10015 = IFCPOLYLINE((#10016,#10017));
#10016 = IFCCARTESIANPOINT((957.7340440242551,2011.9911206543911,0.));
#10017 = IFCCARTESIANPOINT((957.7340440242551,2011.9911206543911,0.));
#10018 = IFCPOLYLINE((#10019,#10020,#10021,#10022,#10023,#10024,#10025,#10026,#10027));
#10019 = IFCCARTESIANPOINT((957.7340440242551,2011.9911206543911,0.));
#10020 = IFCCARTESIANPOINT((958.5277162639578,2012.3879567742429,0.));
#10021 = IFCCARTESIANPOINT((959.36811944275,2012.7237411833473,0.));
#10022 = IFCCARTESIANPOINT((960.2552535606318,2012.9984738817056,0.));
#10023 = IFCCARTESIANPOINT((961.189118617604,2013.2121548693183,0.));
#10024 = IFCCARTESIANPOINT((962.1697146136656,2013.3647841461839,0.));
#10025 = IFCCARTESIANPOINT((963.1970415488171,2013.4563617123035,0.));
#10026 = IFCCARTESIANPOINT((964.2710994230583,2013.4868875676766,0.));
#10027 = IFCCARTESIANPOINT((957.7340440242551,2011.9911206543911,0.));
#10028 = IFCPOLYLINE((#10029,#10030));
#10029 = IFCCARTESIANPOINT((964.2710994230583,2013.4868875676766,0.));
#10030 = IFCCARTESIANPOINT((964.2710994230583,2013.4868875676766,0.));
#10031 = IFCPOLYLINE((#10032,#10033,#10034,#10035,#10036,#10037,#10038,#10039,#10040));
#10032 = IFCCARTESIANPOINT((964.2710994230583,2013.4868875676766,0.));
#10033 = IFCCARTESIANPOINT((965.6820722936408,2013.434126829995,0.));
#10034 = IFCCARTESIANPOINT((967.044806775485,2013.2758446169485,0.));
#10035 = IFCCARTESIANPOINT((968.3593028685913,2013.0120409285382,0.));
#10036 = IFCCARTESIANPOINT((969.6255605729602,2012.6427157647643,0.));
#10037 = IFCCARTESIANPOINT((970.843579888591,2012.167869125626,0.));
#10038 = IFCCARTESIANPOINT((972.0133608154838,2011.5875010111238,0.));
#10039 = IFCCARTESIANPOINT((973.134903353639,2010.9016114212573,0.));
#10040 = IFCCARTESIANPOINT((964.2710994230583,2013.4868875676766,0.));
#10041 = IFCPOLYLINE((#10042,#10043));
#10042 = IFCCARTESIANPOINT((973.134903353639,2010.9016114212573,0.));
#10043 = IFCCARTESIANPOINT((973.134903353639,2010.9016114212573,0.));
#10044 = IFCPOLYLINE((#10045,#10046,#10047,#10048,#10049,#10050,#10051,#10052,#10053));
#10045 = IFCCARTESIANPOINT((973.134903353639,2010.9016114212573,0.));
#10046 = IFCCARTESIANPOINT((974.1938867313999,2010.1196219163278,0.));
#10047 = IFCCARTESIANPOINT((975.1759901771094,2009.250954056634,0.));
#10048 = IFCCARTESIANPOINT((976.0812136907681,2008.2956078421769,0.));
#10049 = IFCCARTESIANPOINT((976.909557272376,2007.2535832729573,0.));
#10050 = IFCCARTESIANPOINT((977.6610209219328,2006.1248803489739,0.));
#10051 = IFCCARTESIANPOINT((978.3356046394388,2004.909499070227,0.));
#10052 = IFCCARTESIANPOINT((978.9333084248938,2003.607439436717,0.));
#10053 = IFCCARTESIANPOINT((973.134903353639,2010.9016114212573,0.));
#10054 = IFCPOLYLINE((#10055,#10056));
#10055 = IFCCARTESIANPOINT((978.9333084248938,2003.607439436717,0.));
#10056 = IFCCARTESIANPOINT((978.9333084248938,2003.607439436717,0.));
#10057 = IFCPOLYLINE((#10058,#10059,#10060,#10061,#10062,#10063,#10064,#10065,#10066));
#10058 = IFCCARTESIANPOINT((978.9333084248938,2003.607439436717,0.));
#10059 = IFCCARTESIANPOINT((979.4526248286498,2002.2435743676374,0.));
#10060 = IFCCARTESIANPOINT((979.8920464010587,2000.8427767821788,0.));
#10061 = IFCCARTESIANPOINT((980.2515731421204,1999.4050466803433,0.));
#10062 = IFCCARTESIANPOINT((980.5312050518352,1997.930384062131,0.));
#10063 = IFCCARTESIANPOINT((980.730942130203,1996.4187889275408,0.));
#10064 = IFCCARTESIANPOINT((980.8507843772236,1994.8702612765733,0.));
#10065 = IFCCARTESIANPOINT((980.890731792897,1993.2848011092283,0.));
#10066 = IFCCARTESIANPOINT((978.9333084248938,2003.607439436717,0.));
#10067 = IFCPOLYLINE((#10068,#10069));
#10068 = IFCCARTESIANPOINT((980.890731792897,1993.2848011092283,0.));
#10069 = IFCCARTESIANPOINT((980.890731792897,1993.2848011092283,0.));
#10070 = IFCPOLYLINE((#10071,#10072,#10073,#10074,#10075,#10076,#10077,#10078,#10079));
#10071 = IFCCARTESIANPOINT((980.890731792897,1993.2848011092283,0.));
#10072 = IFCCARTESIANPOINT((980.8466388906916,1991.5892971175756,0.));
#10073 = IFCCARTESIANPOINT((980.7143601840743,1989.9427852394838,0.));
#10074 = IFCCARTESIANPOINT((980.4938956730456,1988.345265474954,0.));
#10075 = IFCCARTESIANPOINT((980.1852453576059,1986.7967378239873,0.));
#10076 = IFCCARTESIANPOINT((979.7884092377546,1985.2972022865813,0.));
#10077 = IFCCARTESIANPOINT((979.3033873134921,1983.8466588627377,0.));
#10078 = IFCCARTESIANPOINT((978.730179584818,1982.4451075524557,0.));
#10079 = IFCCARTESIANPOINT((980.890731792897,1993.2848011092283,0.));
#10080 = IFCPOLYLINE((#10081,#10082));
#10081 = IFCCARTESIANPOINT((978.730179584818,1982.4451075524557,0.));
#10082 = IFCCARTESIANPOINT((978.730179584818,1982.4451075524557,0.));
#10083 = IFCPOLYLINE((#10084,#10085,#10086,#10087,#10088,#10089,#10090,#10091,#10092));
#10084 = IFCCARTESIANPOINT((978.730179584818,1982.4451075524557,0.));
#10085 = IFCCARTESIANPOINT((978.0729315382649,1981.114029513221,0.));
#10086 = IFCCARTESIANPOINT((977.3357886603644,1979.874905902517,0.));
#10087 = IFCCARTESIANPOINT((976.518750951117,1978.7277367203444,0.));
#10088 = IFCCARTESIANPOINT((975.6218184105226,1977.6725219667046,0.));
#10089 = IFCCARTESIANPOINT((974.6449910385811,1976.7092616415953,0.));
#10090 = IFCCARTESIANPOINT((973.5882688352925,1975.837955745018,0.));
#10091 = IFCCARTESIANPOINT((972.4516518006567,1975.058604276972,0.));
#10092 = IFCCARTESIANPOINT((978.730179584818,1982.4451075524557,0.));
#10093 = IFCPOLYLINE((#10094,#10095));
#10094 = IFCCARTESIANPOINT((972.4516518006567,1975.058604276972,0.));
#10095 = IFCCARTESIANPOINT((972.4516518006567,1975.058604276972,0.));
#10096 = IFCPOLYLINE((#10097,#10098,#10099,#10100,#10101,#10102,#10103,#10104,#10105));
#10097 = IFCCARTESIANPOINT((972.4516518006567,1975.058604276972,0.));
#10098 = IFCCARTESIANPOINT((971.2664195148712,1974.3776138984622,0.));
#10099 = IFCCARTESIANPOINT((970.063851558133,1973.8013912704919,0.));
#10100 = IFCCARTESIANPOINT((968.843947930442,1973.3299363930614,0.));
#10101 = IFCCARTESIANPOINT((967.6067086317985,1972.9632492661713,0.));
#10102 = IFCCARTESIANPOINT((966.3521336622024,1972.7013298898214,0.));
#10103 = IFCCARTESIANPOINT((965.0802230216534,1972.5441782640114,0.));
#10104 = IFCCARTESIANPOINT((963.7909767101519,1972.4917943887413,0.));
#10105 = IFCCARTESIANPOINT((972.4516518006567,1975.058604276972,0.));
#10106 = IFCPOLYLINE((#10107,#10108));
#10107 = IFCCARTESIANPOINT((963.7909767101519,1972.4917943887413,0.));
#10108 = IFCCARTESIANPOINT((963.7909767101519,1972.4917943887413,0.));
#10109 = IFCPOLYLINE((#10110,#10111,#10112,#10113,#10114,#10115,#10116,#10117,#10118));
#10110 = IFCCARTESIANPOINT((963.7909767101519,1972.4917943887413,0.));
#10111 = IFCCARTESIANPOINT((962.8552273411202,1972.5204359320549,0.));
#10112 = IFCCARTESIANPOINT((961.947365790577,1972.6063605619936,0.));
#10113 = IFCCARTESIANPOINT((961.0673920585232,1972.749568278559,0.));
#10114 = IFCCARTESIANPOINT((960.2153061449586,1972.950059081751,0.));
#10115 = IFCCARTESIANPOINT((959.3911080498829,1973.2078329715687,0.));
#10116 = IFCCARTESIANPOINT((958.5947977732962,1973.522889948013,0.));
#10117 = IFCCARTESIANPOINT((957.8263753151987,1973.8952300110832,0.));
#10118 = IFCCARTESIANPOINT((963.7909767101519,1972.4917943887413,0.));
#10119 = IFCPOLYLINE((#10120,#10121));
#10120 = IFCCARTESIANPOINT((957.8263753151987,1973.8952300110832,0.));
#10121 = IFCCARTESIANPOINT((957.8263753151987,1973.8952300110832,0.));
#10122 = IFCPOLYLINE((#10123,#10124,#10125,#10126,#10127,#10128,#10129,#10130,#10131));
#10123 = IFCCARTESIANPOINT((957.8263753151987,1973.8952300110832,0.));
#10124 = IFCCARTESIANPOINT((957.0911167493587,1974.3112861139477,0.));
#10125 = IFCCARTESIANPOINT((956.3942981495437,1974.7574912097723,0.));
#10126 = IFCCARTESIANPOINT((955.7359195157542,1975.2338452985587,0.));
#10127 = IFCCARTESIANPOINT((955.1159808479906,1975.7403483803064,0.));
#10128 = IFCCARTESIANPOINT((954.5344821462522,1976.2770004550148,0.));
#10129 = IFCCARTESIANPOINT((953.9914234105394,1976.8438015226848,0.));
#10130 = IFCCARTESIANPOINT((953.4868046408519,1977.4407515833154,0.));
#10131 = IFCCARTESIANPOINT((957.8263753151987,1973.8952300110832,0.));
#10132 = IFCPOLYLINE((#10133,#10134,#10135,#10136));
#10133 = IFCCARTESIANPOINT((953.4868046408519,1977.4407515833154,0.));
#10134 = IFCCARTESIANPOINT((953.4868046408519,1958.3466406161897,0.));
#10135 = IFCCARTESIANPOINT((946.8389516929165,1958.3466406161897,0.));
#10136 = IFCCARTESIANPOINT((953.4868046408519,1977.4407515833154,0.));
#10137 = IFCPOLYLINE((#10138,#10139,#10140,#10141,#10142,#10143,#10144,#10145,#10146));
#10138 = IFCCARTESIANPOINT((952.8589518624358,1992.7677458799444,0.));
#10139 = IFCCARTESIANPOINT((952.9215110228304,1990.685204191153,0.));
#10140 = IFCCARTESIANPOINT((953.1091885040133,1988.7639596147026,0.));
#10141 = IFCCARTESIANPOINT((953.4219843059855,1987.004012150595,0.));
#10142 = IFCCARTESIANPOINT((953.8598984287463,1985.4053617988297,0.));
#10143 = IFCCARTESIANPOINT((954.4229308722959,1983.9680085594064,0.));
#10144 = IFCCARTESIANPOINT((955.1110816366344,1982.6919524323253,0.));
#10145 = IFCCARTESIANPOINT((955.9243507217616,1981.5771934175864,0.));
#10146 = IFCCARTESIANPOINT((952.8589518624358,1992.7677458799444,0.));
#10147 = IFCPOLYLINE((#10148,#10149));
#10148 = IFCCARTESIANPOINT((955.9243507217616,1981.5771934175864,0.));
#10149 = IFCCARTESIANPOINT((955.9243507217616,1981.5771934175864,0.));
#10150 = IFCPOLYLINE((#10151,#10152,#10153,#10154,#10155,#10156,#10157,#10158,#10159));
#10151 = IFCCARTESIANPOINT((955.9243507217616,1981.5771934175864,0.));
#10152 = IFCCARTESIANPOINT((956.8265593361244,1980.616947991774,0.));
#10153 = IFCCARTESIANPOINT((957.7815286881689,1979.8044326314705,0.));
#10154 = IFCCARTESIANPOINT((958.7892587778956,1979.1396473366765,0.));
#10155 = IFCCARTESIANPOINT((959.8497496053046,1978.6225921073928,0.));
#10156 = IFCCARTESIANPOINT((960.9630011703953,1978.2532669436187,0.));
#10157 = IFCCARTESIANPOINT((962.129013473168,1978.0316718453541,0.));
#10158 = IFCCARTESIANPOINT((963.3477865136229,1977.9578068125993,0.));
#10159 = IFCCARTESIANPOINT((955.9243507217616,1981.5771934175864,0.));
#10160 = IFCPOLYLINE((#10161,#10162));
#10161 = IFCCARTESIANPOINT((963.3477865136229,1977.9578068125993,0.));
#10162 = IFCCARTESIANPOINT((963.3477865136229,1977.9578068125993,0.));
#10163 = IFCPOLYLINE((#10164,#10165,#10166,#10167,#10168,#10169,#10170,#10171,#10172));
#10164 = IFCCARTESIANPOINT((963.3477865136229,1977.9578068125993,0.));
#10165 = IFCCARTESIANPOINT((964.5880407115627,1978.0343098822386,0.));
#10166 = IFCCARTESIANPOINT((965.7762878966441,1978.2638190911548,0.));
#10167 = IFCCARTESIANPOINT((966.9125280688678,1978.6463344393496,0.));
#10168 = IFCCARTESIANPOINT((967.9967612282336,1979.1818559268227,0.));
#10169 = IFCCARTESIANPOINT((969.0289873747412,1979.870383553573,0.));
#10170 = IFCCARTESIANPOINT((970.0092065083909,1980.711917319601,0.));
#10171 = IFCCARTESIANPOINT((970.9374186291825,1981.7064572249074,0.));
#10172 = IFCCARTESIANPOINT((963.3477865136229,1977.9578068125993,0.));
#10173 = IFCPOLYLINE((#10174,#10175));
#10174 = IFCCARTESIANPOINT((970.9374186291825,1981.7064572249074,0.));
#10175 = IFCCARTESIANPOINT((970.9374186291825,1981.7064572249074,0.));
#10176 = IFCPOLYLINE((#10177,#10178,#10179,#10180,#10181,#10182,#10183,#10184,#10185));
#10177 = IFCCARTESIANPOINT((970.9374186291825,1981.7064572249074,0.));
#10178 = IFCCARTESIANPOINT((971.7751837710908,1982.861540517732,0.));
#10179 = IFCCARTESIANPOINT((972.4840619680899,1984.1847044463145,0.));
#10180 = IFCCARTESIANPOINT((973.0640532201802,1985.6759490106558,0.));
#10181 = IFCCARTESIANPOINT((973.5151575273617,1987.3352742107559,0.));
#10182 = IFCCARTESIANPOINT((973.837374889634,1989.162680046614,0.));
#10183 = IFCCARTESIANPOINT((974.0307053069974,1991.1581665182307,0.));
#10184 = IFCCARTESIANPOINT((974.0951487794518,1993.3217336256057,0.));
#10185 = IFCCARTESIANPOINT((970.9374186291825,1981.7064572249074,0.));
#10186 = IFCPOLYLINE((#10187,#10188));
#10187 = IFCCARTESIANPOINT((974.0951487794518,1993.3217336256057,0.));
#10188 = IFCCARTESIANPOINT((974.0951487794518,1993.3217336256057,0.));
#10189 = IFCPOLYLINE((#10190,#10191,#10192,#10193,#10194,#10195,#10196,#10197,#10198));
#10190 = IFCCARTESIANPOINT((974.0951487794518,1993.3217336256057,0.));
#10191 = IFCCARTESIANPOINT((974.0322127566457,1995.3869396434457,0.));
#10192 = IFCCARTESIANPOINT((973.8434046882262,1997.2983857971826,0.));
#10193 = IFCCARTESIANPOINT((973.528724574194,1999.0560720868177,0.));
#10194 = IFCCARTESIANPOINT((973.0881724145493,2000.6599985123519,0.));
#10195 = IFCCARTESIANPOINT((972.5217482092913,2002.1101650737835,0.));
#10196 = IFCCARTESIANPOINT((971.8294519584208,2003.4065717711132,0.));
#10197 = IFCCARTESIANPOINT((971.0112836619373,2004.5492186043411,0.));
#10198 = IFCCARTESIANPOINT((974.0951487794518,1993.3217336256057,0.));
#10199 = IFCPOLYLINE((#10200,#10201));
#10200 = IFCCARTESIANPOINT((971.0112836619373,2004.5492186043411,0.));
#10201 = IFCCARTESIANPOINT((971.0112836619373,2004.5492186043411,0.));
#10202 = IFCPOLYLINE((#10203,#10204,#10205,#10206,#10207,#10208,#10209,#10210,#10211));
#10203 = IFCCARTESIANPOINT((971.0112836619373,2004.5492186043411,0.));
#10204 = IFCCARTESIANPOINT((970.1056832858668,2005.5388592982915,0.));
#10205 = IFCCARTESIANPOINT((969.1510907962338,2006.3762475777874,0.));
#10206 = IFCCARTESIANPOINT((968.1475061930392,2007.0613834428293,0.));
#10207 = IFCCARTESIANPOINT((967.0949294762829,2007.594266893418,0.));
#10208 = IFCCARTESIANPOINT((965.9933606459645,2007.9748979295528,0.));
#10209 = IFCCARTESIANPOINT((964.8427997020844,2008.2032765512338,0.));
#10210 = IFCCARTESIANPOINT((963.6432466446422,2008.2794027584605,0.));
#10211 = IFCCARTESIANPOINT((971.0112836619373,2004.5492186043411,0.));
#10212 = IFCPOLYLINE((#10213,#10214));
#10213 = IFCCARTESIANPOINT((963.6432466446422,2008.2794027584605,0.));
#10214 = IFCCARTESIANPOINT((963.6432466446422,2008.2794027584605,0.));
#10215 = IFCPOLYLINE((#10216,#10217,#10218,#10219,#10220,#10221,#10222,#10223,#10224));
#10216 = IFCCARTESIANPOINT((963.6432466446422,2008.2794027584605,0.));
#10217 = IFCCARTESIANPOINT((962.4497233857926,2008.1983773398777,0.));
#10218 = IFCCARTESIANPOINT((961.2961475426159,2007.9553010841282,0.));
#10219 = IFCCARTESIANPOINT((960.1825191151131,2007.5501739912122,0.));
#10220 = IFCCARTESIANPOINT((959.1088381032839,2006.982996061131,0.));
#10221 = IFCCARTESIANPOINT((958.0751045071282,2006.253767293883,0.));
#10222 = IFCCARTESIANPOINT((957.081318326646,2005.3624876894685,0.));
#10223 = IFCCARTESIANPOINT((956.1274795618374,2004.309157247888,0.));
#10224 = IFCCARTESIANPOINT((963.6432466446422,2008.2794027584605,0.));
#10225 = IFCPOLYLINE((#10226,#10227));
#10226 = IFCCARTESIANPOINT((956.1274795618374,2004.309157247888,0.));
#10227 = IFCCARTESIANPOINT((956.1274795618374,2004.309157247888,0.));
#10228 = IFCPOLYLINE((#10229,#10230,#10231,#10232,#10233,#10234,#10235,#10236,#10237));
#10229 = IFCCARTESIANPOINT((956.1274795618374,2004.309157247888,0.));
#10230 = IFCCARTESIANPOINT((955.2603191517923,2003.101313217382,0.));
#10231 = IFCCARTESIANPOINT((954.5265680355999,2001.7464928461895,0.));
#10232 = IFCCARTESIANPOINT((953.9262262132605,2000.2446961343117,0.));
#10233 = IFCCARTESIANPOINT((953.4592936847749,1998.5959230817487,0.));
#10234 = IFCCARTESIANPOINT((953.125770450142,1996.8001736884994,0.));
#10235 = IFCCARTESIANPOINT((952.9256565093624,1994.8574479545648,0.));
#10236 = IFCCARTESIANPOINT((952.8589518624358,1992.7677458799444,0.));
#10237 = IFCCARTESIANPOINT((956.1274795618374,2004.309157247888,0.));
#10238 = IFCPOLYLINE((#10239,#10240));
#10239 = IFCCARTESIANPOINT((986.4306092495099,1992.989340978209,0.));
#10240 = IFCCARTESIANPOINT((986.4306092495099,1992.989340978209,0.));
#10241 = IFCPOLYLINE((#10242,#10243,#10244,#10245,#10246,#10247,#10248,#10249,#10250));
#10242 = IFCCARTESIANPOINT((986.4306092495099,1992.989340978209,0.));
#10243 = IFCCARTESIANPOINT((986.5542201206508,1995.9869046033723,0.));
#10244 = IFCCARTESIANPOINT((986.925052734073,1998.7538284323823,0.));
#10245 = IFCCARTESIANPOINT((987.5431070897765,2001.2901124652396,0.));
#10246 = IFCCARTESIANPOINT((988.408383187762,2003.5957567019445,0.));
#10247 = IFCCARTESIANPOINT((989.5208810280287,2005.6707611424963,0.));
#10248 = IFCCARTESIANPOINT((990.880600610577,2007.5151257868952,0.));
#10249 = IFCCARTESIANPOINT((992.4875419354066,2009.1288506351411,0.));
#10250 = IFCCARTESIANPOINT((986.4306092495099,1992.989340978209,0.));
#10251 = IFCPOLYLINE((#10252,#10253));
#10252 = IFCCARTESIANPOINT((992.4875419354066,2009.1288506351411,0.));
#10253 = IFCCARTESIANPOINT((992.4875419354066,2009.1288506351411,0.));
#10254 = IFCPOLYLINE((#10255,#10256,#10257,#10258,#10259,#10260,#10261,#10262,#10263));
#10255 = IFCCARTESIANPOINT((992.4875419354066,2009.1288506351411,0.));
#10256 = IFCCARTESIANPOINT((993.9784096373362,2010.285064515202,0.));
#10257 = IFCCARTESIANPOINT((995.5597243181486,2011.2633993367913,0.));
#10258 = IFCCARTESIANPOINT((997.2314859778448,2012.0638550999097,0.));
#10259 = IFCCARTESIANPOINT((998.9936946164247,2012.6864318045582,0.));
#10260 = IFCCARTESIANPOINT((1000.8463502338878,2013.131129450735,0.));
#10261 = IFCCARTESIANPOINT((1002.7894528302345,2013.397948038441,0.));
#10262 = IFCCARTESIANPOINT((1004.8230024054646,2013.4868875676766,0.));
#10263 = IFCCARTESIANPOINT((992.4875419354066,2009.1288506351411,0.));
#10264 = IFCPOLYLINE((#10265,#10266));
#10265 = IFCCARTESIANPOINT((1004.8230024054646,2013.4868875676766,0.));
#10266 = IFCCARTESIANPOINT((1004.8230024054646,2013.4868875676766,0.));
#10267 = IFCPOLYLINE((#10268,#10269,#10270,#10271,#10272,#10273,#10274,#10275,#10276));
#10268 = IFCCARTESIANPOINT((1004.8230024054646,2013.4868875676766,0.));
#10269 = IFCCARTESIANPOINT((1007.0736247300152,2013.378728055429,0.));
#10270 = IFCCARTESIANPOINT((1009.2036510827211,2013.054249518684,0.));
#10271 = IFCCARTESIANPOINT((1011.2130814635821,2012.513451957443,0.));
#10272 = IFCCARTESIANPOINT((1013.1019158725989,2011.7563353717062,0.));
#10273 = IFCCARTESIANPOINT((1014.8701543097708,2010.7828997614727,0.));
#10274 = IFCCARTESIANPOINT((1016.5177967750981,2009.5931451267431,0.));
#10275 = IFCCARTESIANPOINT((1018.0448432685807,2008.187071467517,0.));
#10276 = IFCCARTESIANPOINT((1004.8230024054646,2013.4868875676766,0.));
#10277 = IFCPOLYLINE((#10278,#10279));
#10278 = IFCCARTESIANPOINT((1018.0448432685807,2008.187071467517,0.));
#10279 = IFCCARTESIANPOINT((1018.0448432685807,2008.187071467517,0.));
#10280 = IFCPOLYLINE((#10281,#10282,#10283,#10284,#10285,#10286,#10287,#10288,#10289));
#10281 = IFCCARTESIANPOINT((1018.0448432685807,2008.187071467517,0.));
#10282 = IFCCARTESIANPOINT((1019.4068240256015,2006.5903054278122,0.));
#10283 = IFCCARTESIANPOINT((1020.5592692815413,2004.828473651644,0.));
#10284 = IFCCARTESIANPOINT((1021.5021790364013,2002.9015761390137,0.));
#10285 = IFCCARTESIANPOINT((1022.2355532901819,2000.8096128899217,0.));
#10286 = IFCCARTESIANPOINT((1022.7593920428819,1998.5525839043667,0.));
#10287 = IFCCARTESIANPOINT((1023.0736952945022,1996.1304891823497,0.));
#10288 = IFCCARTESIANPOINT((1023.178463045042,1993.5433287238702,0.));
#10289 = IFCCARTESIANPOINT((1018.0448432685807,2008.187071467517,0.));
#10290 = IFCPOLYLINE((#10291,#10292));
#10291 = IFCCARTESIANPOINT((1023.178463045042,1993.5433287238702,0.));
#10292 = IFCCARTESIANPOINT((1023.178463045042,1993.5433287238702,0.));
#10293 = IFCPOLYLINE((#10294,#10295,#10296,#10297,#10298,#10299,#10300,#10301,#10302));
#10294 = IFCCARTESIANPOINT((1023.178463045042,1993.5433287238702,0.));
#10295 = IFCCARTESIANPOINT((1023.1321089683645,1991.44608940101,0.));
#10296 = IFCCARTESIANPOINT((1022.9930467383309,1989.480751922354,0.));
#10297 = IFCCARTESIANPOINT((1022.7612763549417,1987.6473162879033,0.));
#10298 = IFCCARTESIANPOINT((1022.4367978181976,1985.9457824976585,0.));
#10299 = IFCCARTESIANPOINT((1022.0196111280975,1984.376150551618,0.));
#10300 = IFCCARTESIANPOINT((1021.509716284642,1982.9384204497828,0.));
#10301 = IFCCARTESIANPOINT((1020.9071132878307,1981.6325921921525,0.));
#10302 = IFCCARTESIANPOINT((1023.178463045042,1993.5433287238702,0.));
#10303 = IFCPOLYLINE((#10304,#10305));
#10304 = IFCCARTESIANPOINT((1020.9071132878307,1981.6325921921525,0.));
#10305 = IFCCARTESIANPOINT((1020.9071132878307,1981.6325921921525,0.));
#10306 = IFCPOLYLINE((#10307,#10308,#10309,#10310,#10311,#10312,#10313,#10314,#10315));
#10307 = IFCCARTESIANPOINT((1020.9071132878307,1981.6325921921525,0.));
#10308 = IFCCARTESIANPOINT((1020.2159476241965,1980.432285409887,0.));
#10309 = IFCCARTESIANPOINT((1019.4403647802703,1979.3111197341434,0.));
#10310 = IFCCARTESIANPOINT((1018.5803647560532,1978.2690951649229,0.));
#10311 = IFCCARTESIANPOINT((1017.6359475515451,1977.3062117022264,0.));
#10312 = IFCCARTESIANPOINT((1016.6071131667455,1976.4224693460524,0.));
#10313 = IFCCARTESIANPOINT((1015.4938616016548,1975.6178680964015,0.));
#10314 = IFCCARTESIANPOINT((1014.2961928562727,1974.8924079532735,0.));
#10315 = IFCCARTESIANPOINT((1020.9071132878307,1981.6325921921525,0.));
#10316 = IFCPOLYLINE((#10317,#10318));
#10317 = IFCCARTESIANPOINT((1014.2961928562727,1974.8924079532735,0.));
#10318 = IFCCARTESIANPOINT((1014.2961928562727,1974.8924079532735,0.));
#10319 = IFCPOLYLINE((#10320,#10321,#10322,#10323,#10324,#10325,#10326,#10327,#10328));
#10320 = IFCCARTESIANPOINT((1014.2961928562727,1974.8924079532735,0.));
#10321 = IFCCARTESIANPOINT((1013.0401104370287,1974.2555104769694,0.));
#10322 = IFCCARTESIANPOINT((1011.751617850351,1973.7165972277885,0.));
#10323 = IFCCARTESIANPOINT((1010.43071509624,1973.275668205731,0.));
#10324 = IFCCARTESIANPOINT((1009.0774021746962,1972.9327234107982,0.));
#10325 = IFCCARTESIANPOINT((1007.6916790857189,1972.6877628429888,0.));
#10326 = IFCCARTESIANPOINT((1006.2735458293084,1972.5407865023033,0.));
#10327 = IFCCARTESIANPOINT((1004.8230024054646,1972.4917943887413,0.));
#10328 = IFCCARTESIANPOINT((1014.2961928562727,1974.8924079532735,0.));
#10329 = IFCPOLYLINE((#10330,#10331));
#10330 = IFCCARTESIANPOINT((1004.8230024054646,1972.4917943887413,0.));
#10331 = IFCCARTESIANPOINT((1004.8230024054646,1972.4917943887413,0.));
#10332 = IFCPOLYLINE((#10333,#10334,#10335,#10336,#10337,#10338,#10339,#10340,#10341));
#10333 = IFCCARTESIANPOINT((1004.8230024054646,1972.4917943887413,0.));
#10334 = IFCCARTESIANPOINT((1002.534316977301,1972.5995770385778,0.));
#10335 = IFCCARTESIANPOINT((1000.3745184940456,1972.922924988086,0.));
#10336 = IFCCARTESIANPOINT((998.3436069556996,1973.4618382372664,0.));
#10337 = IFCCARTESIANPOINT((996.4415823622627,1974.2163167861195,0.));
#10338 = IFCCARTESIANPOINT((994.6684447137345,1975.1863606346446,0.));
#10339 = IFCCARTESIANPOINT((993.0241940101154,1976.3719697828424,0.));
#10340 = IFCCARTESIANPOINT((991.508830251405,1977.7731442307122,0.));
#10341 = IFCCARTESIANPOINT((1004.8230024054646,1972.4917943887413,0.));
#10342 = IFCPOLYLINE((#10343,#10344));
#10343 = IFCCARTESIANPOINT((991.508830251405,1977.7731442307122,0.));
#10344 = IFCCARTESIANPOINT((991.508830251405,1977.7731442307122,0.));
#10345 = IFCPOLYLINE((#10346,#10347,#10348,#10349,#10350,#10351,#10352,#10353,#10354));
#10346 = IFCCARTESIANPOINT((991.508830251405,1977.7731442307122,0.));
#10347 = IFCCARTESIANPOINT((990.1615471284534,1979.3770706562461,0.));
#10348 = IFCCARTESIANPOINT((989.0215383321093,1981.1709357374345,0.));
#10349 = IFCCARTESIANPOINT((988.0888038623734,1983.154739474279,0.));
#10350 = IFCCARTESIANPOINT((987.3633437192458,1985.3284818667787,0.));
#10351 = IFCCARTESIANPOINT((986.8451579027259,1987.6921629149335,0.));
#10352 = IFCCARTESIANPOINT((986.5342464128139,1990.2457826187435,0.));
#10353 = IFCCARTESIANPOINT((986.4306092495099,1992.989340978209,0.));
#10354 = IFCCARTESIANPOINT((991.508830251405,1977.7731442307122,0.));
#10355 = IFCPOLYLINE((#10356,#10357,#10358,#10359,#10360,#10361,#10362,#10363,#10364));
#10356 = IFCCARTESIANPOINT((993.2631247793324,1992.989340978209,0.));
#10357 = IFCCARTESIANPOINT((993.3302062886712,1990.9139596752455,0.));
#10358 = IFCCARTESIANPOINT((993.5314508166866,1988.9930919612075,0.));
#10359 = IFCCARTESIANPOINT((993.8668583633795,1987.2267378360955,0.));
#10360 = IFCCARTESIANPOINT((994.3364289287497,1985.61489729991,0.));
#10361 = IFCCARTESIANPOINT((994.9401625127969,1984.1575703526496,0.));
#10362 = IFCCARTESIANPOINT((995.6780591155214,1982.8547569943155,0.));
#10363 = IFCCARTESIANPOINT((996.5501187369227,1981.7064572249074,0.));
#10364 = IFCCARTESIANPOINT((993.2631247793324,1992.989340978209,0.));
#10365 = IFCPOLYLINE((#10366,#10367));
#10366 = IFCCARTESIANPOINT((996.5501187369227,1981.7064572249074,0.));
#10367 = IFCCARTESIANPOINT((996.5501187369227,1981.7064572249074,0.));
#10368 = IFCPOLYLINE((#10369,#10370,#10371,#10372,#10373,#10374,#10375,#10376,#10377));
#10369 = IFCCARTESIANPOINT((996.5501187369227,1981.7064572249074,0.));
#10370 = IFCCARTESIANPOINT((997.5239312095686,1980.7119173196015,0.));
#10371 = IFCCARTESIANPOINT((998.5670863660242,1979.870383553573,0.));
#10372 = IFCCARTESIANPOINT((999.6795842062909,1979.181855926822,0.));
#10373 = IFCCARTESIANPOINT((1000.8614247303686,1978.64633443935,0.));
#10374 = IFCCARTESIANPOINT((1002.1126079382565,1978.263819091155,0.));
#10375 = IFCCARTESIANPOINT((1003.4331338299553,1978.0343098822384,0.));
#10376 = IFCCARTESIANPOINT((1004.8230024054646,1977.9578068125993,0.));
#10377 = IFCCARTESIANPOINT((996.5501187369227,1981.7064572249074,0.));
#10378 = IFCPOLYLINE((#10379,#10380));
#10379 = IFCCARTESIANPOINT((1004.8230024054646,1977.9578068125993,0.));
#10380 = IFCCARTESIANPOINT((1004.8230024054646,1977.9578068125993,0.));
#10381 = IFCPOLYLINE((#10382,#10383,#10384,#10385,#10386,#10387,#10388,#10389,#10390));
#10382 = IFCCARTESIANPOINT((1004.8230024054646,1977.9578068125993,0.));
#10383 = IFCCARTESIANPOINT((1006.203072558262,1978.0346867446508,0.));
#10384 = IFCCARTESIANPOINT((1007.515307476896,1978.265326540803,0.));
#10385 = IFCCARTESIANPOINT((1008.7597071613678,1978.6497262010575,0.));
#10386 = IFCCARTESIANPOINT((1009.9362716116773,1979.1878857254146,0.));
#10387 = IFCCARTESIANPOINT((1011.0450008278237,1979.8798051138733,0.));
#10388 = IFCCARTESIANPOINT((1012.0858948098078,1980.7254843664336,0.));
#10389 = IFCCARTESIANPOINT((1013.0589535576291,1981.724923483096,0.));
#10390 = IFCCARTESIANPOINT((1004.8230024054646,1977.9578068125993,0.));
#10391 = IFCPOLYLINE((#10392,#10393));
#10392 = IFCCARTESIANPOINT((1013.0589535576291,1981.724923483096,0.));
#10393 = IFCCARTESIANPOINT((1013.0589535576291,1981.724923483096,0.));
#10394 = IFCPOLYLINE((#10395,#10396,#10397,#10398,#10399,#10400,#10401,#10402,#10403));
#10395 = IFCCARTESIANPOINT((1013.0589535576291,1981.724923483096,0.));
#10396 = IFCCARTESIANPOINT((1013.9310131790307,1982.8818910879809,0.));
#10397 = IFCCARTESIANPOINT((1014.668909781755,1984.2001558052073,0.));
#10398 = IFCCARTESIANPOINT((1015.2726433658022,1985.6797176347757,0.));
#10399 = IFCCARTESIANPOINT((1015.7422139311723,1987.3205765766875,0.));
#10400 = IFCCARTESIANPOINT((1016.0776214778653,1989.1227326309404,0.));
#10401 = IFCCARTESIANPOINT((1016.2788660058809,1991.086185797536,0.));
#10402 = IFCCARTESIANPOINT((1016.3459475152194,1993.2109360764734,0.));
#10403 = IFCCARTESIANPOINT((1013.0589535576291,1981.724923483096,0.));
#10404 = IFCPOLYLINE((#10405,#10406));
#10405 = IFCCARTESIANPOINT((1016.3459475152194,1993.2109360764734,0.));
#10406 = IFCCARTESIANPOINT((1016.3459475152194,1993.2109360764734,0.));
#10407 = IFCPOLYLINE((#10408,#10409,#10410,#10411,#10412,#10413,#10414,#10415,#10416));
#10408 = IFCCARTESIANPOINT((1016.3459475152194,1993.2109360764734,0.));
#10409 = IFCCARTESIANPOINT((1016.2784891434692,1995.2177284204508,0.));
#10410 = IFCCARTESIANPOINT((1016.076114028217,1997.080559323038,0.));
#10411 = IFCCARTESIANPOINT((1015.738822169464,1998.7994287842362,0.));
#10412 = IFCCARTESIANPOINT((1015.26661356721,2000.3743368040448,0.));
#10413 = IFCCARTESIANPOINT((1014.6594882214547,2001.8052833824638,0.));
#10414 = IFCCARTESIANPOINT((1013.9174461321982,2003.0922685194932,0.));
#10415 = IFCCARTESIANPOINT((1013.0404872994404,2004.235292215133,0.));
#10416 = IFCCARTESIANPOINT((1016.3459475152194,1993.2109360764734,0.));
#10417 = IFCPOLYLINE((#10418,#10419));
#10418 = IFCCARTESIANPOINT((1013.0404872994404,2004.235292215133,0.));
#10419 = IFCCARTESIANPOINT((1013.0404872994404,2004.235292215133,0.));
#10420 = IFCPOLYLINE((#10421,#10422,#10423,#10424,#10425,#10426,#10427,#10428,#10429));
#10421 = IFCCARTESIANPOINT((1013.0404872994404,2004.235292215133,0.));
#10422 = IFCCARTESIANPOINT((1012.0632830650871,2005.2298321204396,0.));
#10423 = IFCCARTESIANPOINT((1011.0205047710429,2006.071365886468,0.));
#10424 = IFCCARTESIANPOINT((1009.9121524173081,2006.7598935132178,0.));
#10425 = IFCCARTESIANPOINT((1008.7382260038831,2007.2954150006908,0.));
#10426 = IFCCARTESIANPOINT((1007.4987255307675,2007.6779303488852,0.));
#10427 = IFCCARTESIANPOINT((1006.1936509979614,2007.9074395578023,0.));
#10428 = IFCCARTESIANPOINT((1004.8230024054646,2007.9839426274411,0.));
#10429 = IFCCARTESIANPOINT((1013.0404872994404,2004.235292215133,0.));
#10430 = IFCPOLYLINE((#10431,#10432));
#10431 = IFCCARTESIANPOINT((1004.8230024054646,2007.9839426274411,0.));
#10432 = IFCCARTESIANPOINT((1004.8230024054646,2007.9839426274411,0.));
#10433 = IFCPOLYLINE((#10434,#10435,#10436,#10437,#10438,#10439,#10440,#10441,#10442));
#10434 = IFCCARTESIANPOINT((1004.8230024054646,2007.9839426274411,0.));
#10435 = IFCCARTESIANPOINT((1003.4331338299555,2007.9078164202149,0.));
#10436 = IFCCARTESIANPOINT((1002.1126079382566,2007.6794377985334,0.));
#10437 = IFCCARTESIANPOINT((1000.8614247303684,2007.2988067623985,0.));
#10438 = IFCCARTESIANPOINT((999.6795842062911,2006.7659233118106,0.));
#10439 = IFCCARTESIANPOINT((998.5670863660243,2006.0807874467682,0.));
#10440 = IFCCARTESIANPOINT((997.5239312095682,2005.243399167272,0.));
#10441 = IFCCARTESIANPOINT((996.5501187369227,2004.2537584733218,0.));
#10442 = IFCCARTESIANPOINT((1004.8230024054646,2007.9839426274411,0.));
#10443 = IFCPOLYLINE((#10444,#10445));
#10444 = IFCCARTESIANPOINT((996.5501187369227,2004.2537584733218,0.));
#10445 = IFCCARTESIANPOINT((996.5501187369227,2004.2537584733218,0.));
#10446 = IFCPOLYLINE((#10447,#10448,#10449,#10450,#10451,#10452,#10453,#10454,#10455));
#10447 = IFCCARTESIANPOINT((996.5501187369227,2004.2537584733218,0.));
#10448 = IFCCARTESIANPOINT((995.6780591155215,2003.1103579152702,0.));
#10449 = IFCCARTESIANPOINT((994.9401625127967,2001.811690043468,0.));
#10450 = IFCCARTESIANPOINT((994.3364289287496,2000.3577548579158,0.));
#10451 = IFCCARTESIANPOINT((993.8668583633797,1998.7485523586145,0.));
#10452 = IFCCARTESIANPOINT((993.5314508166867,1996.9840825455624,0.));
#10453 = IFCCARTESIANPOINT((993.330206288671,1995.0643454187607,0.));
#10454 = IFCCARTESIANPOINT((993.2631247793324,1992.989340978209,0.));
#10455 = IFCCARTESIANPOINT((996.5501187369227,2004.2537584733218,0.));
#10456 = IFCPOLYLINE((#10457,#10458,#10459,#10460));
#10457 = IFCCARTESIANPOINT((1028.3120828215033,1985.0857824734412,0.));
#10458 = IFCCARTESIANPOINT((1034.886070736684,1986.119892932009,0.));
#10459 = IFCCARTESIANPOINT((1034.886070736684,1986.119892932009,0.));
#10460 = IFCCARTESIANPOINT((1028.3120828215033,1985.0857824734412,0.));
#10461 = IFCPOLYLINE((#10462,#10463,#10464,#10465,#10466,#10467,#10468,#10469,#10470));
#10462 = IFCCARTESIANPOINT((1034.886070736684,1986.119892932009,0.));
#10463 = IFCCARTESIANPOINT((1035.0846772278157,1985.0284993868156,0.));
#10464 = IFCCARTESIANPOINT((1035.3639322751183,1984.012478324024,0.));
#10465 = IFCCARTESIANPOINT((1035.723835878592,1983.0718297436358,0.));
#10466 = IFCCARTESIANPOINT((1036.1643880382371,1982.2065536456507,0.));
#10467 = IFCCARTESIANPOINT((1036.6855887540532,1981.4166500300682,0.));
#10468 = IFCCARTESIANPOINT((1037.2874380260403,1980.7021188968888,0.));
#10469 = IFCCARTESIANPOINT((1037.9699358541984,1980.0629602461122,0.));
#10470 = IFCCARTESIANPOINT((1034.886070736684,1986.119892932009,0.));
#10471 = IFCPOLYLINE((#10472,#10473));
#10472 = IFCCARTESIANPOINT((1037.9699358541984,1980.0629602461122,0.));
#10473 = IFCCARTESIANPOINT((1037.9699358541984,1980.0629602461122,0.));
#10474 = IFCPOLYLINE((#10475,#10476,#10477,#10478,#10479,#10480,#10481,#10482,#10483));
#10475 = IFCCARTESIANPOINT((1037.9699358541984,1980.0629602461122,0.));
#10476 = IFCCARTESIANPOINT((1038.7338359633522,1979.5044501515072,0.));
#10477 = IFCCARTESIANPOINT((1039.5798920783243,1979.0318646868407,0.));
#10478 = IFCCARTESIANPOINT((1040.508104199116,1978.6452038521136,0.));
#10479 = IFCCARTESIANPOINT((1041.5184723257269,1978.3444676473264,0.));
#10480 = IFCCARTESIANPOINT((1042.6109964581567,1978.129656072478,0.));
#10481 = IFCCARTESIANPOINT((1043.785676596406,1978.0007691275691,0.));
#10482 = IFCCARTESIANPOINT((1045.0425127404742,1977.9578068125993,0.));
#10483 = IFCCARTESIANPOINT((1037.9699358541984,1980.0629602461122,0.));
#10484 = IFCPOLYLINE((#10485,#10486));
#10485 = IFCCARTESIANPOINT((1045.0425127404742,1977.9578068125993,0.));
#10486 = IFCCARTESIANPOINT((1045.0425127404742,1977.9578068125993,0.));
#10487 = IFCPOLYLINE((#10488,#10489,#10490,#10491,#10492,#10493,#10494,#10495,#10496));
#10488 = IFCCARTESIANPOINT((1045.0425127404742,1977.9578068125993,0.));
#10489 = IFCCARTESIANPOINT((1046.3027406462509,1977.9958699162135,0.));
#10490 = IFCCARTESIANPOINT((1047.4664917745513,1978.1100592270532,0.));
#10491 = IFCCARTESIANPOINT((1048.5337661253764,1978.30037474512,0.));
#10492 = IFCCARTESIANPOINT((1049.5045636987259,1978.5668164704148,0.));
#10493 = IFCCARTESIANPOINT((1050.3788844945993,1978.9093844029358,0.));
#10494 = IFCCARTESIANPOINT((1051.1567285129972,1979.328078542684,0.));
#10495 = IFCCARTESIANPOINT((1051.8380957539193,1979.822898889659,0.));
#10496 = IFCCARTESIANPOINT((1045.0425127404742,1977.9578068125993,0.));
#10497 = IFCPOLYLINE((#10498,#10499));
#10498 = IFCCARTESIANPOINT((1051.8380957539193,1979.822898889659,0.));
#10499 = IFCCARTESIANPOINT((1051.8380957539193,1979.822898889659,0.));
#10500 = IFCPOLYLINE((#10501,#10502,#10503,#10504,#10505,#10506,#10507,#10508,#10509));
#10501 = IFCCARTESIANPOINT((1051.8380957539193,1979.822898889659,0.));
#10502 = IFCCARTESIANPOINT((1052.4260011166623,1980.3689725246682,0.));
#10503 = IFCCARTESIANPOINT((1052.923459500521,1980.941426528518,0.));
#10504 = IFCCARTESIANPOINT((1053.3304709054967,1981.5402609012087,0.));
#10505 = IFCCARTESIANPOINT((1053.647035331589,1982.165475642741,0.));
#10506 = IFCCARTESIANPOINT((1053.8731527787977,1982.817070753114,0.));
#10507 = IFCCARTESIANPOINT((1054.0088232471228,1983.4950462323281,0.));
#10508 = IFCCARTESIANPOINT((1054.0540467365645,1984.1994020803832,0.));
#10509 = IFCCARTESIANPOINT((1051.8380957539193,1979.822898889659,0.));
#10510 = IFCPOLYLINE((#10511,#10512));
#10511 = IFCCARTESIANPOINT((1054.0540467365645,1984.1994020803832,0.));
#10512 = IFCCARTESIANPOINT((1054.0540467365645,1984.1994020803832,0.));
#10513 = IFCPOLYLINE((#10514,#10515,#10516,#10517,#10518,#10519,#10520,#10521,#10522));
#10514 = IFCCARTESIANPOINT((1054.0540467365645,1984.1994020803832,0.));
#10515 = IFCCARTESIANPOINT((1054.014099320891,1984.8234862346796,0.));
#10516 = IFCCARTESIANPOINT((1053.8942570738704,1985.4083766981257,0.));
#10517 = IFCCARTESIANPOINT((1053.6945199955026,1985.9540734707225,0.));
#10518 = IFCCARTESIANPOINT((1053.414888085788,1986.4605765524702,0.));
#10519 = IFCCARTESIANPOINT((1053.055361344726,1986.927885943368,0.));
#10520 = IFCCARTESIANPOINT((1052.6159397723172,1987.3560016434167,0.));
#10521 = IFCCARTESIANPOINT((1052.0966233685613,1987.7449236526154,0.));
#10522 = IFCCARTESIANPOINT((1054.0540467365645,1984.1994020803832,0.));
#10523 = IFCPOLYLINE((#10524,#10525));
#10524 = IFCCARTESIANPOINT((1052.0966233685613,1987.7449236526154,0.));
#10525 = IFCCARTESIANPOINT((1052.0966233685613,1987.7449236526154,0.));
#10526 = IFCPOLYLINE((#10527,#10528,#10529,#10530,#10531,#10532,#10533,#10534,#10535));
#10527 = IFCCARTESIANPOINT((1052.0966233685613,1987.7449236526154,0.));
#10528 = IFCCARTESIANPOINT((1051.6232841790713,1988.007973616202,0.));
#10529 = IFCCARTESIANPOINT((1050.9841255282945,1988.2906204252124,0.));
#10530 = IFCCARTESIANPOINT((1050.1791474162314,1988.5928640796478,0.));
#10531 = IFCCARTESIANPOINT((1049.2083498428824,1988.9147045795085,0.));
#10532 = IFCCARTESIANPOINT((1048.0717328082467,1989.2561419247936,0.));
#10533 = IFCCARTESIANPOINT((1046.7692963123245,1989.6171761155035,0.));
#10534 = IFCCARTESIANPOINT((1045.3010403551161,1989.997807151638,0.));
#10535 = IFCCARTESIANPOINT((1052.0966233685613,1987.7449236526154,0.));
#10536 = IFCPOLYLINE((#10537,#10538));
#10537 = IFCCARTESIANPOINT((1045.3010403551161,1989.997807151638,0.));
#10538 = IFCCARTESIANPOINT((1045.3010403551161,1989.997807151638,0.));
#10539 = IFCPOLYLINE((#10540,#10541,#10542,#10543,#10544,#10545,#10546,#10547,#10548));
#10540 = IFCCARTESIANPOINT((1045.3010403551161,1989.997807151638,0.));
#10541 = IFCCARTESIANPOINT((1043.3032927090278,1990.5152392433347,0.));
#10542 = IFCCARTESIANPOINT((1041.4887001951777,1991.0123207647812,0.));
#10543 = IFCCARTESIANPOINT((1039.8572628135669,1991.4890517159793,0.));
#10544 = IFCCARTESIANPOINT((1038.4089805641954,1991.9454320969292,0.));
#10545 = IFCCARTESIANPOINT((1037.1438534470626,1992.3814619076297,0.));
#10546 = IFCCARTESIANPOINT((1036.0618814621691,1992.7971411480817,0.));
#10547 = IFCCARTESIANPOINT((1035.1630646095145,1993.1924698182847,0.));
#10548 = IFCCARTESIANPOINT((1045.3010403551161,1989.997807151638,0.));
#10549 = IFCPOLYLINE((#10550,#10551));
#10550 = IFCCARTESIANPOINT((1035.1630646095145,1993.1924698182847,0.));
#10551 = IFCCARTESIANPOINT((1035.1630646095145,1993.1924698182847,0.));
#10552 = IFCPOLYLINE((#10553,#10554,#10555,#10556,#10557,#10558,#10559,#10560,#10561));
#10553 = IFCCARTESIANPOINT((1035.1630646095145,1993.1924698182847,0.));
#10554 = IFCCARTESIANPOINT((1034.383713141469,1993.5987274984368,0.));
#10555 = IFCCARTESIANPOINT((1033.6601373104008,1994.0471937687335,0.));
#10556 = IFCCARTESIANPOINT((1032.992337116311,1994.5378686291763,0.));
#10557 = IFCCARTESIANPOINT((1032.3803125591996,1995.070752079765,0.));
#10558 = IFCCARTESIANPOINT((1031.8240636390663,1995.645844120499,0.));
#10559 = IFCCARTESIANPOINT((1031.3235903559112,1996.2631447513788,0.));
#10560 = IFCCARTESIANPOINT((1030.878892709734,1996.922653972404,0.));
#10561 = IFCCARTESIANPOINT((1035.1630646095145,1993.1924698182847,0.));
#10562 = IFCPOLYLINE((#10563,#10564));
#10563 = IFCCARTESIANPOINT((1030.878892709734,1996.922653972404,0.));
#10564 = IFCCARTESIANPOINT((1030.878892709734,1996.922653972404,0.));
#10565 = IFCPOLYLINE((#10566,#10567,#10568,#10569,#10570,#10571,#10572,#10573,#10574));
#10566 = IFCCARTESIANPOINT((1030.878892709734,1996.922653972404,0.));
#10567 = IFCCARTESIANPOINT((1030.4918550125951,1997.613442773627,0.));
#10568 = IFCCARTESIANPOINT((1030.1643615765545,1998.3245821450978,0.));
#10569 = IFCCARTESIANPOINT((1029.896412401612,1999.056072086818,0.));
#10570 = IFCCARTESIANPOINT((1029.6880074877681,1999.807912598787,0.));
#10571 = IFCCARTESIANPOINT((1029.5391468350226,2000.5801036810046,0.));
#10572 = IFCCARTESIANPOINT((1029.449830443375,2001.3726453334712,0.));
#10573 = IFCCARTESIANPOINT((1029.4200583128259,2002.1855375561863,0.));
#10574 = IFCCARTESIANPOINT((1030.878892709734,1996.922653972404,0.));
#10575 = IFCPOLYLINE((#10576,#10577));
#10576 = IFCCARTESIANPOINT((1029.4200583128259,2002.1855375561863,0.));
#10577 = IFCCARTESIANPOINT((1029.4200583128259,2002.1855375561863,0.));
#10578 = IFCPOLYLINE((#10579,#10580,#10581,#10582,#10583,#10584,#10585,#10586,#10587));
#10579 = IFCCARTESIANPOINT((1029.4200583128259,2002.1855375561863,0.));
#10580 = IFCCARTESIANPOINT((1029.444554369607,2002.9268259206192,0.));
#10581 = IFCCARTESIANPOINT((1029.5180425399496,2003.6522860637465,0.));
#10582 = IFCCARTESIANPOINT((1029.640522823854,2004.3619179855698,0.));
#10583 = IFCCARTESIANPOINT((1029.811995221321,2005.0557216860889,0.));
#10584 = IFCCARTESIANPOINT((1030.0324597323493,2005.7336971653026,0.));
#10585 = IFCCARTESIANPOINT((1030.3019163569397,2006.395844423212,0.));
#10586 = IFCCARTESIANPOINT((1030.620365095092,2007.042163459817,0.));
#10587 = IFCCARTESIANPOINT((1029.4200583128259,2002.1855375561863,0.));
#10588 = IFCPOLYLINE((#10589,#10590));
#10589 = IFCCARTESIANPOINT((1030.620365095092,2007.042163459817,0.));
#10590 = IFCCARTESIANPOINT((1030.620365095092,2007.042163459817,0.));
#10591 = IFCPOLYLINE((#10592,#10593,#10594,#10595,#10596,#10597,#10598,#10599,#10600));
#10592 = IFCCARTESIANPOINT((1030.620365095092,2007.042163459817,0.));
#10593 = IFCCARTESIANPOINT((1030.98102242339,2007.6651170268772,0.));
#10594 = IFCCARTESIANPOINT((1031.3771048184171,2008.2571678761517,0.));
#10595 = IFCCARTESIANPOINT((1031.8086122801735,2008.8183160076408,0.));
#10596 = IFCCARTESIANPOINT((1032.2755448086598,2009.3485614213457,0.));
#10597 = IFCCARTESIANPOINT((1032.777902403875,2009.8479041172648,0.));
#10598 = IFCCARTESIANPOINT((1033.3156850658197,2010.316344095399,0.));
#10599 = IFCCARTESIANPOINT((1033.8888927944936,2010.7538813557476,0.));
#10600 = IFCCARTESIANPOINT((1030.620365095092,2007.042163459817,0.));
#10601 = IFCPOLYLINE((#10602,#10603));
#10602 = IFCCARTESIANPOINT((1033.8888927944936,2010.7538813557476,0.));
#10603 = IFCCARTESIANPOINT((1033.8888927944936,2010.7538813557476,0.));
#10604 = IFCPOLYLINE((#10605,#10606,#10607,#10608,#10609,#10610,#10611,#10612,#10613));
#10605 = IFCCARTESIANPOINT((1033.8888927944936,2010.7538813557476,0.));
#10606 = IFCCARTESIANPOINT((1034.3550715981555,2011.0738375435483,0.));
#10607 = IFCCARTESIANPOINT((1034.8672276160833,2011.3794729596916,0.));
#10608 = IFCCARTESIANPOINT((1035.4253608482766,2011.6707876041787,0.));
#10609 = IFCCARTESIANPOINT((1036.029471294736,2011.9477814770098,0.));
#10610 = IFCCARTESIANPOINT((1036.6795589554608,2012.2104545781835,0.));
#10611 = IFCCARTESIANPOINT((1037.3756238304518,2012.4588069077013,0.));
#10612 = IFCCARTESIANPOINT((1038.117665919708,2012.692838465562,0.));
#10613 = IFCCARTESIANPOINT((1033.8888927944936,2010.7538813557476,0.));
#10614 = IFCPOLYLINE((#10615,#10616));
#10615 = IFCCARTESIANPOINT((1038.117665919708,2012.692838465562,0.));
#10616 = IFCCARTESIANPOINT((1038.117665919708,2012.692838465562,0.));
#10617 = IFCPOLYLINE((#10618,#10619,#10620,#10621,#10622,#10623,#10624,#10625,#10626));
#10618 = IFCCARTESIANPOINT((1038.117665919708,2012.692838465562,0.));
#10619 = IFCCARTESIANPOINT((1038.89061072675,2012.9035045538787,0.));
#10620 = IFCCARTESIANPOINT((1039.679383755096,2013.0817604747613,0.));
#10621 = IFCCARTESIANPOINT((1040.483985004747,2013.2276062282103,0.));
#10622 = IFCCARTESIANPOINT((1041.3044144757027,2013.3410418142273,0.));
#10623 = IFCCARTESIANPOINT((1042.1406721679627,2013.4220672328102,0.));
#10624 = IFCCARTESIANPOINT((1042.9927580815274,2013.47068248396,0.));
#10625 = IFCCARTESIANPOINT((1043.8606722163968,2013.4868875676766,0.));
#10626 = IFCCARTESIANPOINT((1038.117665919708,2012.692838465562,0.));
#10627 = IFCPOLYLINE((#10628,#10629));
#10628 = IFCCARTESIANPOINT((1043.8606722163968,2013.4868875676766,0.));
#10629 = IFCCARTESIANPOINT((1043.8606722163968,2013.4868875676766,0.));
#10630 = IFCPOLYLINE((#10631,#10632,#10633,#10634,#10635,#10636,#10637,#10638,#10639));
#10631 = IFCCARTESIANPOINT((1043.8606722163968,2013.4868875676766,0.));
#10632 = IFCCARTESIANPOINT((1045.1567020513148,2013.459753474012,0.));
#10633 = IFCCARTESIANPOINT((1046.4067546719666,2013.3783511930164,0.));
#10634 = IFCCARTESIANPOINT((1047.6108300783528,2013.242680724691,0.));
#10635 = IFCCARTESIANPOINT((1048.7689282704735,2013.052742069036,0.));
#10636 = IFCCARTESIANPOINT((1049.881049248328,2012.8085352260505,0.));
#10637 = IFCCARTESIANPOINT((1050.947193011917,2012.5100601957352,0.));
#10638 = IFCCARTESIANPOINT((1051.9673595612403,2012.1573169780895,0.));
#10639 = IFCCARTESIANPOINT((1043.8606722163968,2013.4868875676766,0.));
#10640 = IFCPOLYLINE((#10641,#10642));
#10641 = IFCCARTESIANPOINT((1051.9673595612403,2012.1573169780895,0.));
#10642 = IFCCARTESIANPOINT((1051.9673595612403,2012.1573169780895,0.));
#10643 = IFCPOLYLINE((#10644,#10645,#10646,#10647,#10648,#10649,#10650,#10651,#10652));
#10644 = IFCCARTESIANPOINT((1051.9673595612403,2012.1573169780895,0.));
#10645 = IFCCARTESIANPOINT((1052.9272281246415,2011.7582196837666,0.));
#10646 = IFCCARTESIANPOINT((1053.8124779304633,2011.3206824234173,0.));
#10647 = IFCCARTESIANPOINT((1054.6231089787063,2010.8447051970427,0.));
#10648 = IFCCARTESIANPOINT((1055.3591212693707,2010.3302880046435,0.));
#10649 = IFCCARTESIANPOINT((1056.020514802456,2009.777430846218,0.));
#10650 = IFCCARTESIANPOINT((1056.6072895779625,2009.1861337217674,0.));
#10651 = IFCCARTESIANPOINT((1057.1194455958903,2008.5563966312911,0.));
#10652 = IFCCARTESIANPOINT((1051.9673595612403,2012.1573169780895,0.));
#10653 = IFCPOLYLINE((#10654,#10655));
#10654 = IFCCARTESIANPOINT((1057.1194455958903,2008.5563966312911,0.));
#10655 = IFCCARTESIANPOINT((1057.1194455958903,2008.5563966312911,0.));
#10656 = IFCPOLYLINE((#10657,#10658,#10659,#10660,#10661,#10662,#10663,#10664,#10665));
#10657 = IFCCARTESIANPOINT((1057.1194455958903,2008.5563966312911,0.));
#10658 = IFCCARTESIANPOINT((1057.573187939956,2007.8761599776053,0.));
#10659 = IFCCARTESIANPOINT((1057.9847216938756,2007.1333641635244,0.));
#10660 = IFCCARTESIANPOINT((1058.3540468576496,2006.3280091890492,0.));
#10661 = IFCCARTESIANPOINT((1058.6811634312785,2005.4600950541803,0.));
#10662 = IFCCARTESIANPOINT((1058.9660714147612,2004.5296217589164,0.));
#10663 = IFCCARTESIANPOINT((1059.2087708080985,2003.5365893032583,0.));
#10664 = IFCCARTESIANPOINT((1059.4092616112903,2002.4809976872057,0.));
#10665 = IFCCARTESIANPOINT((1057.1194455958903,2008.5563966312911,0.));
#10666 = IFCPOLYLINE((#10667,#10668,#10669,#10670));
#10667 = IFCCARTESIANPOINT((1059.4092616112903,2002.4809976872057,0.));
#10668 = IFCCARTESIANPOINT((1052.9091387288645,2001.5946172941476,0.));
#10669 = IFCCARTESIANPOINT((1052.9091387288645,2001.5946172941476,0.));
#10670 = IFCCARTESIANPOINT((1059.4092616112903,2002.4809976872057,0.));
#10671 = IFCPOLYLINE((#10672,#10673,#10674,#10675,#10676,#10677,#10678,#10679,#10680));
#10672 = IFCCARTESIANPOINT((1052.9091387288645,2001.5946172941476,0.));
#10673 = IFCCARTESIANPOINT((1052.7482184789346,2002.4327592984685,0.));
#10674 = IFCCARTESIANPOINT((1052.5187092700176,2003.2166331154579,0.));
#10675 = IFCCARTESIANPOINT((1052.220611102114,2003.9462387451176,0.));
#10676 = IFCCARTESIANPOINT((1051.853923975224,2004.621576187448,0.));
#10677 = IFCCARTESIANPOINT((1051.418647889347,2005.2426454424478,0.));
#10678 = IFCCARTESIANPOINT((1050.9147828444839,2005.8094465101176,0.));
#10679 = IFCCARTESIANPOINT((1050.3423288406339,2006.3219793904573,0.));
#10680 = IFCCARTESIANPOINT((1052.9091387288645,2001.5946172941476,0.));
#10681 = IFCPOLYLINE((#10682,#10683));
#10682 = IFCCARTESIANPOINT((1050.3423288406339,2006.3219793904573,0.));
#10683 = IFCCARTESIANPOINT((1050.3423288406339,2006.3219793904573,0.));
#10684 = IFCPOLYLINE((#10685,#10686,#10687,#10688,#10689,#10690,#10691,#10692,#10693));
#10685 = IFCCARTESIANPOINT((1050.3423288406339,2006.3219793904573,0.));
#10686 = IFCCARTESIANPOINT((1049.6997784281493,2006.7727068352272,0.));
#10687 = IFCCARTESIANPOINT((1048.9856241573816,2007.1540915961853,0.));
#10688 = IFCCARTESIANPOINT((1048.1998660283314,2007.466133673333,0.));
#10689 = IFCCARTESIANPOINT((1047.3425040409986,2007.7088330666706,0.));
#10690 = IFCCARTESIANPOINT((1046.413538195383,2007.8821897761973,0.));
#10691 = IFCCARTESIANPOINT((1045.4129684914844,2007.9862038019132,0.));
#10692 = IFCCARTESIANPOINT((1044.3407949293032,2008.0208751438186,0.));
#10693 = IFCCARTESIANPOINT((1050.3423288406339,2006.3219793904573,0.));
#10694 = IFCPOLYLINE((#10695,#10696));
#10695 = IFCCARTESIANPOINT((1044.3407949293032,2008.0208751438186,0.));
#10696 = IFCCARTESIANPOINT((1044.3407949293032,2008.0208751438186,0.));
#10697 = IFCPOLYLINE((#10698,#10699,#10700,#10701,#10702,#10703,#10704,#10705,#10706));
#10698 = IFCCARTESIANPOINT((1044.3407949293032,2008.0208751438186,0.));
#10699 = IFCCARTESIANPOINT((1043.085843097295,2007.9899724260335,0.));
#10700 = IFCCARTESIANPOINT((1041.9379201902989,2007.8972642726778,0.));
#10701 = IFCCARTESIANPOINT((1040.8970262083146,2007.7427506837516,0.));
#10702 = IFCCARTESIANPOINT((1039.963161151343,2007.5264316592556,0.));
#10703 = IFCCARTESIANPOINT((1039.1363250193833,2007.2483071991887,0.));
#10704 = IFCCARTESIANPOINT((1038.4165178124356,2006.908377303552,0.));
#10705 = IFCCARTESIANPOINT((1037.8037395305,2006.5066419723444,0.));
#10706 = IFCCARTESIANPOINT((1044.3407949293032,2008.0208751438186,0.));
#10707 = IFCPOLYLINE((#10708,#10709));
#10708 = IFCCARTESIANPOINT((1037.8037395305,2006.5066419723444,0.));
#10709 = IFCCARTESIANPOINT((1037.8037395305,2006.5066419723444,0.));
#10710 = IFCPOLYLINE((#10711,#10712,#10713,#10714,#10715,#10716,#10717,#10718,#10719));
#10711 = IFCCARTESIANPOINT((1037.8037395305,2006.5066419723444,0.));
#10712 = IFCCARTESIANPOINT((1037.2844231267443,2006.0634517758158,0.));
#10713 = IFCCARTESIANPOINT((1036.845001554335,2005.5991572842136,0.));
#10714 = IFCCARTESIANPOINT((1036.4854748132734,2005.1137584975388,0.));
#10715 = IFCCARTESIANPOINT((1036.2058429035587,2004.6072554157915,0.));
#10716 = IFCCARTESIANPOINT((1036.0061058251908,2004.0796480389713,0.));
#10717 = IFCCARTESIANPOINT((1035.8862635781704,2003.530936367078,0.));
#10718 = IFCCARTESIANPOINT((1035.8463161624968,2002.9611204001121,0.));
#10719 = IFCCARTESIANPOINT((1037.8037395305,2006.5066419723444,0.));
#10720 = IFCPOLYLINE((#10721,#10722));
#10721 = IFCCARTESIANPOINT((1035.8463161624968,2002.9611204001121,0.));
#10722 = IFCCARTESIANPOINT((1035.8463161624968,2002.9611204001121,0.));
#10723 = IFCPOLYLINE((#10724,#10725,#10726,#10727,#10728,#10729,#10730,#10731,#10732));
#10724 = IFCCARTESIANPOINT((1035.8463161624968,2002.9611204001121,0.));
#10725 = IFCCARTESIANPOINT((1035.8628981086258,2002.5970713101065,0.));
#10726 = IFCCARTESIANPOINT((1035.9126439470112,2002.2435743676367,0.));
#10727 = IFCCARTESIANPOINT((1035.9955536776545,2001.900629572703,0.));
#10728 = IFCCARTESIANPOINT((1036.111627300555,2001.5682369253068,0.));
#10729 = IFCCARTESIANPOINT((1036.2608648157127,2001.2463964254464,0.));
#10730 = IFCCARTESIANPOINT((1036.4432662231277,2000.9351080731224,0.));
#10731 = IFCCARTESIANPOINT((1036.6588315228,2000.6343718683347,0.));
#10732 = IFCCARTESIANPOINT((1035.8463161624968,2002.9611204001121,0.));
#10733 = IFCPOLYLINE((#10734,#10735));
#10734 = IFCCARTESIANPOINT((1036.6588315228,2000.6343718683347,0.));
#10735 = IFCCARTESIANPOINT((1036.6588315228,2000.6343718683347,0.));
#10736 = IFCPOLYLINE((#10737,#10738,#10739,#10740,#10741,#10742,#10743,#10744,#10745));
#10737 = IFCCARTESIANPOINT((1036.6588315228,2000.6343718683347,0.));
#10738 = IFCCARTESIANPOINT((1036.9098218892018,2000.3358968380196,0.));
#10739 = IFCCARTESIANPOINT((1037.1984984968046,2000.0524963041844,0.));
#10740 = IFCCARTESIANPOINT((1037.5248613456092,1999.7841702668297,0.));
#10741 = IFCCARTESIANPOINT((1037.8889104356153,1999.5309187259563,0.));
#10742 = IFCCARTESIANPOINT((1038.2906457668228,1999.2927416815633,0.));
#10743 = IFCCARTESIANPOINT((1038.7300673392315,1999.0696391336505,0.));
#10744 = IFCCARTESIANPOINT((1039.207175152842,1998.8616110822186,0.));
#10745 = IFCCARTESIANPOINT((1036.6588315228,2000.6343718683347,0.));
#10746 = IFCPOLYLINE((#10747,#10748));
#10747 = IFCCARTESIANPOINT((1039.207175152842,1998.8616110822186,0.));
#10748 = IFCCARTESIANPOINT((1039.207175152842,1998.8616110822186,0.));
#10749 = IFCPOLYLINE((#10750,#10751,#10752,#10753,#10754,#10755,#10756,#10757,#10758));
#10750 = IFCCARTESIANPOINT((1039.207175152842,1998.8616110822186,0.));
#10751 = IFCCARTESIANPOINT((1039.571224242848,1998.73649276143,0.));
#10752 = IFCCARTESIANPOINT((1040.0935555459,1998.5721807497914,0.));
#10753 = IFCCARTESIANPOINT((1040.774169061998,1998.3686750473034,0.));
#10754 = IFCCARTESIANPOINT((1041.6130647911425,1998.1259756539664,0.));
#10755 = IFCCARTESIANPOINT((1042.6102427333326,1997.8440825697796,0.));
#10756 = IFCCARTESIANPOINT((1043.7657028885692,1997.522995794743,0.));
#10757 = IFCCARTESIANPOINT((1045.0794452568516,1997.1627153288573,0.));
#10758 = IFCCARTESIANPOINT((1039.207175152842,1998.8616110822186,0.));
#10759 = IFCPOLYLINE((#10760,#10761));
#10760 = IFCCARTESIANPOINT((1045.0794452568516,1997.1627153288573,0.));
#10761 = IFCCARTESIANPOINT((1045.0794452568516,1997.1627153288573,0.));
#10762 = IFCPOLYLINE((#10763,#10764,#10765,#10766,#10767,#10768,#10769,#10770,#10771));
#10763 = IFCCARTESIANPOINT((1045.0794452568516,1997.1627153288573,0.));
#10764 = IFCCARTESIANPOINT((1047.00785021913,1996.6384997137454,0.));
#10765 = IFCCARTESIANPOINT((1048.762144747057,1996.1421719171221,0.));
#10766 = IFCCARTESIANPOINT((1050.3423288406336,1995.6737319389879,0.));
#10767 = IFCCARTESIANPOINT((1051.74840249986,1995.2331797793431,0.));
#10768 = IFCCARTESIANPOINT((1052.9803657247353,1994.8205154381872,0.));
#10769 = IFCCARTESIANPOINT((1054.03821851526,1994.4357389155207,0.));
#10770 = IFCCARTESIANPOINT((1054.9219608714338,1994.0788502113428,0.));
#10771 = IFCCARTESIANPOINT((1045.0794452568516,1997.1627153288573,0.));
#10772 = IFCPOLYLINE((#10773,#10774));
#10773 = IFCCARTESIANPOINT((1054.9219608714338,1994.0788502113428,0.));
#10774 = IFCCARTESIANPOINT((1054.9219608714338,1994.0788502113428,0.));
#10775 = IFCPOLYLINE((#10776,#10777,#10778,#10779,#10780,#10781,#10782,#10783,#10784));
#10776 = IFCCARTESIANPOINT((1054.9219608714338,1994.0788502113428,0.));
#10777 = IFCCARTESIANPOINT((1055.6941519536517,1993.7136705341009,0.));
#10778 = IFCCARTESIANPOINT((1056.4173509223072,1993.3040210922409,0.));
#10779 = IFCCARTESIANPOINT((1057.0915577774012,1992.8499018857633,0.));
#10780 = IFCCARTESIANPOINT((1057.7167725189333,1992.3513129146686,0.));
#10781 = IFCCARTESIANPOINT((1058.2929951469034,1991.8082541789554,0.));
#10782 = IFCCARTESIANPOINT((1058.8202256613117,1991.220725678625,0.));
#10783 = IFCCARTESIANPOINT((1059.298464062158,1990.5887274136767,0.));
#10784 = IFCCARTESIANPOINT((1054.9219608714338,1994.0788502113428,0.));
#10785 = IFCPOLYLINE((#10786,#10787));
#10786 = IFCCARTESIANPOINT((1059.298464062158,1990.5887274136767,0.));
#10787 = IFCCARTESIANPOINT((1059.298464062158,1990.5887274136767,0.));
#10788 = IFCPOLYLINE((#10789,#10790,#10791,#10792,#10793,#10794,#10795,#10796,#10797));
#10789 = IFCCARTESIANPOINT((1059.298464062158,1990.5887274136767,0.));
#10790 = IFCCARTESIANPOINT((1059.7197962387907,1989.9118825216992,0.));
#10791 = IFCCARTESIANPOINT((1060.0763080805561,1989.189814140279,0.));
#10792 = IFCCARTESIANPOINT((1060.367999587455,1988.4225222694174,0.));
#10793 = IFCCARTESIANPOINT((1060.594870759488,1987.6100069091144,0.));
#10794 = IFCCARTESIANPOINT((1060.7569215966541,1986.7522680593693,0.));
#10795 = IFCCARTESIANPOINT((1060.8541520989538,1985.8493057201827,0.));
#10796 = IFCCARTESIANPOINT((1060.886562266387,1984.9011198915541,0.));
#10797 = IFCCARTESIANPOINT((1059.298464062158,1990.5887274136767,0.));
#10798 = IFCPOLYLINE((#10799,#10800));
#10799 = IFCCARTESIANPOINT((1060.886562266387,1984.9011198915541,0.));
#10800 = IFCCARTESIANPOINT((1060.886562266387,1984.9011198915541,0.));
#10801 = IFCPOLYLINE((#10802,#10803,#10804,#10805,#10806,#10807,#10808,#10809,#10810));
#10802 = IFCCARTESIANPOINT((1060.886562266387,1984.9011198915541,0.));
#10803 = IFCCARTESIANPOINT((1060.8469917131258,1983.9593407239304,0.));
#10804 = IFCCARTESIANPOINT((1060.7282800533412,1983.0333897776104,0.));
#10805 = IFCCARTESIANPOINT((1060.5304272870333,1982.123267052595,0.));
#10806 = IFCCARTESIANPOINT((1060.2534334142028,1981.228972548885,0.));
#10807 = IFCCARTESIANPOINT((1059.897298434849,1980.3505062664792,0.));
#10808 = IFCCARTESIANPOINT((1059.4620223489724,1979.4878682053782,0.));
#10809 = IFCCARTESIANPOINT((1058.9476051565725,1978.6410583655816,0.));
#10810 = IFCCARTESIANPOINT((1060.886562266387,1984.9011198915541,0.));
#10811 = IFCPOLYLINE((#10812,#10813));
#10812 = IFCCARTESIANPOINT((1058.9476051565725,1978.6410583655816,0.));
#10813 = IFCCARTESIANPOINT((1058.9476051565725,1978.6410583655816,0.));
#10814 = IFCPOLYLINE((#10815,#10816,#10817,#10818,#10819,#10820,#10821,#10822,#10823));
#10815 = IFCCARTESIANPOINT((1058.9476051565725,1978.6410583655816,0.));
#10816 = IFCCARTESIANPOINT((1058.358569206594,1977.829296730103,0.));
#10817 = IFCCARTESIANPOINT((1057.6994368479805,1977.0718032819532,0.));
#10818 = IFCCARTESIANPOINT((1056.9702080807324,1976.368578021134,0.));
#10819 = IFCCARTESIANPOINT((1056.1708829048498,1975.7196209476454,0.));
#10820 = IFCCARTESIANPOINT((1055.3014613203322,1975.1249320614866,0.));
#10821 = IFCCARTESIANPOINT((1054.3619433271804,1974.5845113626576,0.));
#10822 = IFCCARTESIANPOINT((1053.3523289253935,1974.098358851159,0.));
#10823 = IFCCARTESIANPOINT((1058.9476051565725,1978.6410583655816,0.));
#10824 = IFCPOLYLINE((#10825,#10826));
#10825 = IFCCARTESIANPOINT((1053.3523289253935,1974.098358851159,0.));
#10826 = IFCCARTESIANPOINT((1053.3523289253935,1974.098358851159,0.));
#10827 = IFCPOLYLINE((#10828,#10829,#10830,#10831,#10832,#10833,#10834,#10835,#10836));
#10828 = IFCCARTESIANPOINT((1053.3523289253935,1974.098358851159,0.));
#10829 = IFCCARTESIANPOINT((1052.2880694738649,1973.672127463171,0.));
#10830 = IFCCARTESIANPOINT((1051.1846163314863,1973.311470134873,0.));
#10831 = IFCCARTESIANPOINT((1050.0419694982581,1973.0163868662653,0.));
#10832 = IFCCARTESIANPOINT((1048.860128974181,1972.7868776573487,0.));
#10833 = IFCCARTESIANPOINT((1047.639094759254,1972.6229425081224,0.));
#10834 = IFCCARTESIANPOINT((1046.3788668534776,1972.5245814185866,0.));
#10835 = IFCCARTESIANPOINT((1045.0794452568516,1972.4917943887413,0.));
#10836 = IFCCARTESIANPOINT((1053.3523289253935,1974.098358851159,0.));
#10837 = IFCPOLYLINE((#10838,#10839));
#10838 = IFCCARTESIANPOINT((1045.0794452568516,1972.4917943887413,0.));
#10839 = IFCCARTESIANPOINT((1045.0794452568516,1972.4917943887413,0.));
#10840 = IFCPOLYLINE((#10841,#10842,#10843,#10844,#10845,#10846,#10847,#10848,#10849));
#10841 = IFCCARTESIANPOINT((1045.0794452568516,1972.4917943887413,0.));
#10842 = IFCCARTESIANPOINT((1042.9693926119828,1972.5566147236082,0.));
#10843 = IFCCARTESIANPOINT((1041.007823757447,1972.7510757282073,0.));
#10844 = IFCCARTESIANPOINT((1039.1947386932454,1973.0751774025393,0.));
#10845 = IFCCARTESIANPOINT((1037.5301374193775,1973.5289197466054,0.));
#10846 = IFCCARTESIANPOINT((1036.0140199358434,1974.1123027604035,0.));
#10847 = IFCCARTESIANPOINT((1034.6463862426426,1974.825326443935,0.));
#10848 = IFCCARTESIANPOINT((1033.4272363397758,1975.6679907971993,0.));
#10849 = IFCCARTESIANPOINT((1045.0794452568516,1972.4917943887413,0.));
#10850 = IFCPOLYLINE((#10851,#10852));
#10851 = IFCCARTESIANPOINT((1033.4272363397758,1975.6679907971993,0.));
#10852 = IFCCARTESIANPOINT((1033.4272363397758,1975.6679907971993,0.));
#10853 = IFCPOLYLINE((#10854,#10855,#10856,#10857,#10858,#10859,#10860,#10861,#10862));
#10854 = IFCCARTESIANPOINT((1033.4272363397758,1975.6679907971993,0.));
#10855 = IFCCARTESIANPOINT((1032.3414957307623,1976.6380346457252,0.));
#10856 = IFCCARTESIANPOINT((1031.374089919121,1977.7331968150386,0.));
#10857 = IFCCARTESIANPOINT((1030.5250189048522,1978.9534773051412,0.));
#10858 = IFCCARTESIANPOINT((1029.7942826879562,1980.2988761160336,0.));
#10859 = IFCCARTESIANPOINT((1029.1818812684328,1981.7693932477139,0.));
#10860 = IFCCARTESIANPOINT((1028.6878146462818,1983.365028700183,0.));
#10861 = IFCCARTESIANPOINT((1028.3120828215033,1985.0857824734412,0.));
#10862 = IFCCARTESIANPOINT((1033.4272363397758,1975.6679907971993,0.));
#10863 = IFCPOLYLINE((#10864,#10865,#10866,#10867));
#10864 = IFCCARTESIANPOINT((1095.6400601775385,1986.0090953828767,0.));
#10865 = IFCCARTESIANPOINT((1102.5095082237385,1985.159647506196,0.));
#10866 = IFCCARTESIANPOINT((1102.5095082237385,1985.159647506196,0.));
#10867 = IFCCARTESIANPOINT((1095.6400601775385,1986.0090953828767,0.));
#10868 = IFCPOLYLINE((#10869,#10870,#10871,#10872,#10873,#10874,#10875,#10876,#10877));
#10869 = IFCCARTESIANPOINT((1102.5095082237385,1985.159647506196,0.));
#10870 = IFCCARTESIANPOINT((1101.9886843703348,1983.4946693699167,0.));
#10871 = IFCCARTESIANPOINT((1101.354801793326,1981.9397350579443,0.));
#10872 = IFCCARTESIANPOINT((1100.6078604927134,1980.4948445702807,0.));
#10873 = IFCCARTESIANPOINT((1099.7478604684966,1979.1599979069256,0.));
#10874 = IFCCARTESIANPOINT((1098.774801720675,1977.9351950678783,0.));
#10875 = IFCCARTESIANPOINT((1097.6886842492493,1976.8204360531397,0.));
#10876 = IFCCARTESIANPOINT((1096.4895080542192,1975.815720862709,0.));
#10877 = IFCCARTESIANPOINT((1102.5095082237385,1985.159647506196,0.));
#10878 = IFCPOLYLINE((#10879,#10880));
#10879 = IFCCARTESIANPOINT((1096.4895080542192,1975.815720862709,0.));
#10880 = IFCCARTESIANPOINT((1096.4895080542192,1975.815720862709,0.));
#10881 = IFCPOLYLINE((#10882,#10883,#10884,#10885,#10886,#10887,#10888,#10889,#10890));
#10882 = IFCCARTESIANPOINT((1096.4895080542192,1975.815720862709,0.));
#10883 = IFCCARTESIANPOINT((1095.1840566590013,1974.9338628185956,0.));
#10884 = IFCCARTESIANPOINT((1093.779113587011,1974.1876752428066,0.));
#10885 = IFCCARTESIANPOINT((1092.274678838249,1973.5771581353429,0.));
#10886 = IFCCARTESIANPOINT((1090.6707524127157,1973.102311496205,0.));
#10887 = IFCCARTESIANPOINT((1088.96733431041,1972.7631353253919,0.));
#10888 = IFCCARTESIANPOINT((1087.1644245313328,1972.5596296229041,0.));
#10889 = IFCCARTESIANPOINT((1085.2620230754837,1972.4917943887413,0.));
#10890 = IFCCARTESIANPOINT((1096.4895080542192,1975.815720862709,0.));
#10891 = IFCPOLYLINE((#10892,#10893));
#10892 = IFCCARTESIANPOINT((1085.2620230754837,1972.4917943887413,0.));
#10893 = IFCCARTESIANPOINT((1085.2620230754837,1972.4917943887413,0.));
#10894 = IFCPOLYLINE((#10895,#10896,#10897,#10898,#10899,#10900,#10901,#10902,#10903));
#10895 = IFCCARTESIANPOINT((1085.2620230754837,1972.4917943887413,0.));
#10896 = IFCCARTESIANPOINT((1082.8761071450203,1972.5999539009897,0.));
#10897 = IFCCARTESIANPOINT((1080.635660105594,1972.924432437734,0.));
#10898 = IFCCARTESIANPOINT((1078.5406819572054,1973.4652299989746,0.));
#10899 = IFCCARTESIANPOINT((1076.5911726998545,1974.2223465847119,0.));
#10900 = IFCCARTESIANPOINT((1074.7871323335412,1975.1957821949452,0.));
#10901 = IFCCARTESIANPOINT((1073.1285608582655,1976.385536829675,0.));
#10902 = IFCCARTESIANPOINT((1071.6154582740273,1977.791610488901,0.));
#10903 = IFCCARTESIANPOINT((1085.2620230754837,1972.4917943887413,0.));
#10904 = IFCPOLYLINE((#10905,#10906));
#10905 = IFCCARTESIANPOINT((1071.6154582740273,1977.791610488901,0.));
#10906 = IFCCARTESIANPOINT((1071.6154582740273,1977.791610488901,0.));
#10907 = IFCPOLYLINE((#10908,#10909,#10910,#10911,#10912,#10913,#10914,#10915,#10916));
#10908 = IFCCARTESIANPOINT((1071.6154582740273,1977.791610488901,0.));
#10909 = IFCCARTESIANPOINT((1070.2779735737881,1979.392898877551,0.));
#10910 = IFCCARTESIANPOINT((1069.1462557505085,1981.1682977005505,0.));
#10911 = IFCCARTESIANPOINT((1068.2203048041888,1983.1178069579014,0.));
#10912 = IFCCARTESIANPOINT((1067.5001207348294,1985.2414266496035,0.));
#10913 = IFCCARTESIANPOINT((1066.9857035424293,1987.5391567756556,0.));
#10914 = IFCCARTESIANPOINT((1066.6770532269898,1990.0109973360586,0.));
#10915 = IFCCARTESIANPOINT((1066.5741697885096,1992.6569483308122,0.));
#10916 = IFCCARTESIANPOINT((1071.6154582740273,1977.791610488901,0.));
#10917 = IFCPOLYLINE((#10918,#10919));
#10918 = IFCCARTESIANPOINT((1066.5741697885096,1992.6569483308122,0.));
#10919 = IFCCARTESIANPOINT((1066.5741697885096,1992.6569483308122,0.));
#10920 = IFCPOLYLINE((#10921,#10922,#10923,#10924,#10925,#10926,#10927,#10928,#10929));
#10921 = IFCCARTESIANPOINT((1066.5741697885096,1992.6569483308122,0.));
#10922 = IFCCARTESIANPOINT((1066.6781838142258,1995.3944768916858,0.));
#10923 = IFCCARTESIANPOINT((1066.9902258913737,1997.9511114947913,0.));
#10924 = IFCCARTESIANPOINT((1067.5102960199533,2000.3268521401305,0.));
#10925 = IFCCARTESIANPOINT((1068.2383941999656,2002.5216988277034,0.));
#10926 = IFCCARTESIANPOINT((1069.1745204314095,2004.5356515575088,0.));
#10927 = IFCCARTESIANPOINT((1070.3186747142854,2006.368710329547,0.));
#10928 = IFCCARTESIANPOINT((1071.6708570485935,2008.0208751438186,0.));
#10929 = IFCCARTESIANPOINT((1066.5741697885096,1992.6569483308122,0.));
#10930 = IFCPOLYLINE((#10931,#10932));
#10931 = IFCCARTESIANPOINT((1071.6708570485935,2008.0208751438186,0.));
#10932 = IFCCARTESIANPOINT((1071.6708570485935,2008.0208751438186,0.));
#10933 = IFCPOLYLINE((#10934,#10935,#10936,#10937,#10938,#10939,#10940,#10941,#10942));
#10934 = IFCCARTESIANPOINT((1071.6708570485935,2008.0208751438186,0.));
#10935 = IFCCARTESIANPOINT((1073.188858844188,2009.4710417052506,0.));
#10936 = IFCCARTESIANPOINT((1074.8304715109227,2010.6981057187695,0.));
#10937 = IFCCARTESIANPOINT((1076.5956950487987,2011.7020671843757,0.));
#10938 = IFCCARTESIANPOINT((1078.4845294578154,2012.4829261020702,0.));
#10939 = IFCCARTESIANPOINT((1080.4969747379726,2013.0406824718516,0.));
#10940 = IFCCARTESIANPOINT((1082.6330308892707,2013.3753362937202,0.));
#10941 = IFCCARTESIANPOINT((1084.8926979117095,2013.4868875676766,0.));
#10942 = IFCCARTESIANPOINT((1071.6708570485935,2008.0208751438186,0.));
#10943 = IFCPOLYLINE((#10944,#10945));
#10944 = IFCCARTESIANPOINT((1084.8926979117095,2013.4868875676766,0.));
#10945 = IFCCARTESIANPOINT((1084.8926979117095,2013.4868875676766,0.));
#10946 = IFCPOLYLINE((#10947,#10948,#10949,#10950,#10951,#10952,#10953,#10954,#10955));
#10947 = IFCCARTESIANPOINT((1084.8926979117095,2013.4868875676766,0.));
#10948 = IFCCARTESIANPOINT((1087.0815148006898,2013.3775974681928,0.));
#10949 = IFCCARTESIANPOINT((1089.1527506171212,2013.0497271697398,0.));
#10950 = IFCCARTESIANPOINT((1091.1064053610041,2012.5032766723184,0.));
#10951 = IFCCARTESIANPOINT((1092.942479032339,2011.7382459759294,0.));
#10952 = IFCCARTESIANPOINT((1094.660971631125,2010.7546350805715,0.));
#10953 = IFCCARTESIANPOINT((1096.2618831573625,2009.5524439862456,0.));
#10954 = IFCCARTESIANPOINT((1097.7452136110514,2008.1316726929508,0.));
#10955 = IFCCARTESIANPOINT((1084.8926979117095,2013.4868875676766,0.));
#10956 = IFCPOLYLINE((#10957,#10958));
#10957 = IFCCARTESIANPOINT((1097.7452136110514,2008.1316726929508,0.));
#10958 = IFCCARTESIANPOINT((1097.7452136110514,2008.1316726929508,0.));
#10959 = IFCPOLYLINE((#10960,#10961,#10962,#10963,#10964,#10965,#10966,#10967,#10968));
#10960 = IFCCARTESIANPOINT((1097.7452136110514,2008.1316726929508,0.));
#10961 = IFCCARTESIANPOINT((1099.0680006772227,2006.512671770937,0.));
#10962 = IFCCARTESIANPOINT((1100.1872820409053,2004.7157917904517,0.));
#10963 = IFCCARTESIANPOINT((1101.1030577021002,2002.7410327514954,0.));
#10964 = IFCCARTESIANPOINT((1101.815327660808,2000.5883946540691,0.));
#10965 = IFCCARTESIANPOINT((1102.3240919170275,1998.2578774981712,0.));
#10966 = IFCCARTESIANPOINT((1102.6293504707592,1995.749481283803,0.));
#10967 = IFCCARTESIANPOINT((1102.731103322003,1993.0632060109638,0.));
#10968 = IFCCARTESIANPOINT((1097.7452136110514,2008.1316726929508,0.));
#10969 = IFCPOLYLINE((#10970,#10971));
#10970 = IFCCARTESIANPOINT((1102.731103322003,1993.0632060109638,0.));
#10971 = IFCCARTESIANPOINT((1102.731103322003,1993.0632060109638,0.));
#10972 = IFCPOLYLINE((#10973,#10974,#10975,#10976,#10977,#10978,#10979,#10980,#10981));
#10973 = IFCCARTESIANPOINT((1102.731103322003,1993.0632060109638,0.));
#10974 = IFCCARTESIANPOINT((1102.7303495971792,1992.8823120531974,0.));
#10975 = IFCCARTESIANPOINT((1102.7280884227068,1992.6772989010612,0.));
#10976 = IFCCARTESIANPOINT((1102.7243197985867,1992.448166554556,0.));
#10977 = IFCCARTESIANPOINT((1102.7190437248187,1992.1949150136827,0.));
#10978 = IFCCARTESIANPOINT((1102.7122602014024,1991.9175442784397,0.));
#10979 = IFCCARTESIANPOINT((1102.7039692283379,1991.6160543488284,0.));
#10980 = IFCCARTESIANPOINT((1102.6941708056256,1991.2904452248476,0.));
#10981 = IFCCARTESIANPOINT((1102.731103322003,1993.0632060109638,0.));
#10982 = IFCPOLYLINE((#10983,#10984,#10985,#10986));
#10983 = IFCCARTESIANPOINT((1102.6941708056256,1991.2904452248476,0.));
#10984 = IFCCARTESIANPOINT((1073.4436178347096,1991.2904452248476,0.));
#10985 = IFCCARTESIANPOINT((1073.4436178347096,1991.2904452248476,0.));
#10986 = IFCCARTESIANPOINT((1102.6941708056256,1991.2904452248476,0.));
#10987 = IFCPOLYLINE((#10988,#10989,#10990,#10991,#10992,#10993,#10994,#10995,#10996));
#10988 = IFCCARTESIANPOINT((1073.4436178347096,1991.2904452248476,0.));
#10989 = IFCCARTESIANPOINT((1073.6086835711724,1989.5056248415474,0.));
#10990 = IFCCARTESIANPOINT((1073.892837829831,1987.8444153293872,0.));
#10991 = IFCCARTESIANPOINT((1074.2960806106862,1986.306816688368,0.));
#10992 = IFCCARTESIANPOINT((1074.8184119137386,1984.89282891849,0.));
#10993 = IFCCARTESIANPOINT((1075.459831738987,1983.602452019752,0.));
#10994 = IFCCARTESIANPOINT((1076.2203400864323,1982.4356859921554,0.));
#10995 = IFCCARTESIANPOINT((1077.099936956074,1981.3925308356993,0.));
#10996 = IFCCARTESIANPOINT((1073.4436178347096,1991.2904452248476,0.));
#10997 = IFCPOLYLINE((#10998,#10999));
#10998 = IFCCARTESIANPOINT((1077.099936956074,1981.3925308356993,0.));
#10999 = IFCCARTESIANPOINT((1077.099936956074,1981.3925308356993,0.));
#11000 = IFCPOLYLINE((#11001,#11002,#11003,#11004,#11005,#11006,#11007,#11008,#11009));
#11001 = IFCCARTESIANPOINT((1077.099936956074,1981.3925308356993,0.));
#11002 = IFCCARTESIANPOINT((1078.0722419790718,1980.4812775234486,0.));
#11003 = IFCCARTESIANPOINT((1079.1108747865833,1979.7102170284668,0.));
#11004 = IFCCARTESIANPOINT((1080.2158353786097,1979.0793493507542,0.));
#11005 = IFCCARTESIANPOINT((1081.387123755151,1978.5886744903119,0.));
#11006 = IFCCARTESIANPOINT((1082.6247399162064,1978.238192447138,0.));
#11007 = IFCCARTESIANPOINT((1083.9286838617766,1978.0279032212343,0.));
#11008 = IFCCARTESIANPOINT((1085.2989555918612,1977.9578068125993,0.));
#11009 = IFCCARTESIANPOINT((1077.099936956074,1981.3925308356993,0.));
#11010 = IFCPOLYLINE((#11011,#11012));
#11011 = IFCCARTESIANPOINT((1085.2989555918612,1977.9578068125993,0.));
#11012 = IFCCARTESIANPOINT((1085.2989555918612,1977.9578068125993,0.));
#11013 = IFCPOLYLINE((#11014,#11015,#11016,#11017,#11018,#11019,#11020,#11021,#11022));
#11014 = IFCCARTESIANPOINT((1085.2989555918612,1977.9578068125993,0.));
#11015 = IFCCARTESIANPOINT((1086.3217601780689,1977.9970005034493,0.));
#11016 = IFCCARTESIANPOINT((1087.3008487244822,1978.1145815759971,0.));
#11017 = IFCCARTESIANPOINT((1088.2362212311018,1978.3105500302447,0.));
#11018 = IFCCARTESIANPOINT((1089.1278776979284,1978.5849058661915,0.));
#11019 = IFCCARTESIANPOINT((1089.9758181249608,1978.937649083837,0.));
#11020 = IFCCARTESIANPOINT((1090.7800425121998,1979.3687796831814,0.));
#11021 = IFCCARTESIANPOINT((1091.540550859645,1979.878297664225,0.));
#11022 = IFCCARTESIANPOINT((1085.2989555918612,1977.9578068125993,0.));
#11023 = IFCPOLYLINE((#11024,#11025));
#11024 = IFCCARTESIANPOINT((1091.540550859645,1979.878297664225,0.));
#11025 = IFCCARTESIANPOINT((1091.540550859645,1979.878297664225,0.));
#11026 = IFCPOLYLINE((#11027,#11028,#11029,#11030,#11031,#11032,#11033,#11034,#11035));
#11027 = IFCCARTESIANPOINT((1091.540550859645,1979.878297664225,0.));
#11028 = IFCCARTESIANPOINT((1092.2573431672968,1980.4737402752082,0.));
#11029 = IFCCARTESIANPOINT((1092.9304194351544,1981.1626447643705,0.));
#11030 = IFCCARTESIANPOINT((1093.5597796632187,1981.9450111317126,0.));
#11031 = IFCCARTESIANPOINT((1094.1454238514893,1982.8208393772343,0.));
#11032 = IFCCARTESIANPOINT((1094.6873519999658,1983.7901295009356,0.));
#11033 = IFCCARTESIANPOINT((1095.185564108649,1984.8528815028167,0.));
#11034 = IFCCARTESIANPOINT((1095.6400601775385,1986.0090953828767,0.));
#11035 = IFCCARTESIANPOINT((1091.540550859645,1979.878297664225,0.));
#11036 = IFCPOLYLINE((#11037,#11038));
#11037 = IFCCARTESIANPOINT((1095.7139252102934,1996.7564576487057,0.));
#11038 = IFCCARTESIANPOINT((1095.7139252102934,1996.7564576487057,0.));
#11039 = IFCPOLYLINE((#11040,#11041,#11042,#11043,#11044,#11045,#11046,#11047,#11048));
#11040 = IFCCARTESIANPOINT((1095.7139252102934,1996.7564576487057,0.));
#11041 = IFCCARTESIANPOINT((1095.5541355475996,1998.1199458553745,0.));
#11042 = IFCCARTESIANPOINT((1095.3280181003906,1999.3824349356225,0.));
#11043 = IFCCARTESIANPOINT((1095.0355728686673,2000.5439248894509,0.));
#11044 = IFCCARTESIANPOINT((1094.6767998524297,2001.60441571686,0.));
#11045 = IFCCARTESIANPOINT((1094.2516990516772,2002.563907417849,0.));
#11046 = IFCCARTESIANPOINT((1093.7602704664102,2003.422399992418,0.));
#11047 = IFCCARTESIANPOINT((1093.2025140966289,2004.179893440567,0.));
#11048 = IFCCARTESIANPOINT((1095.7139252102934,1996.7564576487057,0.));
#11049 = IFCPOLYLINE((#11050,#11051));
#11050 = IFCCARTESIANPOINT((1093.2025140966289,2004.179893440567,0.));
#11051 = IFCCARTESIANPOINT((1093.2025140966289,2004.179893440567,0.));
#11052 = IFCPOLYLINE((#11053,#11054,#11055,#11056,#11057,#11058,#11059,#11060,#11061));
#11053 = IFCCARTESIANPOINT((1093.2025140966289,2004.179893440567,0.));
#11054 = IFCCARTESIANPOINT((1092.256589442473,2005.1989294026546,0.));
#11055 = IFCCARTESIANPOINT((1091.2337848562654,2006.0611906013432,0.));
#11056 = IFCCARTESIANPOINT((1090.1341003380069,2006.766677036634,0.));
#11057 = IFCCARTESIANPOINT((1088.9575358876978,2007.3153887085277,0.));
#11058 = IFCCARTESIANPOINT((1087.7040915053376,2007.7073256170224,0.));
#11059 = IFCCARTESIANPOINT((1086.3737671909266,2007.9424877621195,0.));
#11060 = IFCCARTESIANPOINT((1084.9665629444644,2008.0208751438186,0.));
#11061 = IFCCARTESIANPOINT((1093.2025140966289,2004.179893440567,0.));
#11062 = IFCPOLYLINE((#11063,#11064));
#11063 = IFCCARTESIANPOINT((1084.9665629444644,2008.0208751438186,0.));
#11064 = IFCCARTESIANPOINT((1084.9665629444644,2008.0208751438186,0.));
#11065 = IFCPOLYLINE((#11066,#11067,#11068,#11069,#11070,#11071,#11072,#11073,#11074));
#11066 = IFCCARTESIANPOINT((1084.9665629444644,2008.0208751438186,0.));
#11067 = IFCCARTESIANPOINT((1083.6878687804997,2007.9583159834244,0.));
#11068 = IFCCARTESIANPOINT((1082.4687188776322,2007.7706385022411,0.));
#11069 = IFCCARTESIANPOINT((1081.3091132358636,2007.4578427002687,0.));
#11070 = IFCCARTESIANPOINT((1080.2090518551936,2007.0199285775084,0.));
#11071 = IFCCARTESIANPOINT((1079.1685347356215,2006.4568961339587,0.));
#11072 = IFCCARTESIANPOINT((1078.1875618771478,2005.76874536962,0.));
#11073 = IFCCARTESIANPOINT((1077.2661332797725,2004.9554762844928,0.));
#11074 = IFCCARTESIANPOINT((1084.9665629444644,2008.0208751438186,0.));
#11075 = IFCPOLYLINE((#11076,#11077));
#11076 = IFCCARTESIANPOINT((1077.2661332797725,2004.9554762844928,0.));
#11077 = IFCCARTESIANPOINT((1077.2661332797725,2004.9554762844928,0.));
#11078 = IFCPOLYLINE((#11079,#11080,#11081,#11082,#11083,#11084,#11085,#11086,#11087));
#11079 = IFCCARTESIANPOINT((1077.2661332797725,2004.9554762844928,0.));
#11080 = IFCCARTESIANPOINT((1076.4313830371607,2004.0374394488258,0.));
#11081 = IFCCARTESIANPOINT((1075.7104452429767,2003.034985432867,0.));
#11082 = IFCCARTESIANPOINT((1075.1033198972214,2001.948114236617,0.));
#11083 = IFCCARTESIANPOINT((1074.6100069998945,2000.7768258600763,0.));
#11084 = IFCCARTESIANPOINT((1074.2305065509959,1999.521120303244,0.));
#11085 = IFCCARTESIANPOINT((1073.9648185505257,1998.1809975661206,0.));
#11086 = IFCCARTESIANPOINT((1073.8129429984838,1996.7564576487057,0.));
#11087 = IFCCARTESIANPOINT((1077.2661332797725,2004.9554762844928,0.));
#11088 = IFCPOLYLINE((#11089,#11090,#11091,#11092,#11093));
#11089 = IFCCARTESIANPOINT((1132.7203066204675,1973.3781747817993,0.));
#11090 = IFCCARTESIANPOINT((1132.7203066204675,2027.521243791096,0.));
#11091 = IFCCARTESIANPOINT((1153.1439881771803,2027.521243791096,0.));
#11092 = IFCCARTESIANPOINT((1153.1439881771803,2027.521243791096,0.));
#11093 = IFCCARTESIANPOINT((1132.7203066204675,1973.3781747817993,0.));
#11094 = IFCPOLYLINE((#11095,#11096,#11097,#11098,#11099,#11100,#11101,#11102,#11103));
#11095 = IFCCARTESIANPOINT((1153.1439881771803,2027.521243791096,0.));
#11096 = IFCCARTESIANPOINT((1154.6325947046378,2027.51069164356,0.));
#11097 = IFCCARTESIANPOINT((1156.0171872063788,2027.4790352009504,0.));
#11098 = IFCCARTESIANPOINT((1157.297765682404,2027.426274463268,0.));
#11099 = IFCCARTESIANPOINT((1158.474330132713,2027.3524094305135,0.));
#11100 = IFCCARTESIANPOINT((1159.5468805573064,2027.257440102686,0.));
#11101 = IFCCARTESIANPOINT((1160.5154169561836,2027.1413664797853,0.));
#11102 = IFCCARTESIANPOINT((1161.3799393293448,2027.004188561812,0.));
#11103 = IFCCARTESIANPOINT((1153.1439881771803,2027.521243791096,0.));
#11104 = IFCPOLYLINE((#11105,#11106));
#11105 = IFCCARTESIANPOINT((1161.3799393293448,2027.004188561812,0.));
#11106 = IFCCARTESIANPOINT((1161.3799393293448,2027.004188561812,0.));
#11107 = IFCPOLYLINE((#11108,#11109,#11110,#11111,#11112,#11113,#11114,#11115,#11116));
#11108 = IFCCARTESIANPOINT((1161.3799393293448,2027.004188561812,0.));
#11109 = IFCCARTESIANPOINT((1162.4931908944359,2026.7897538493762,0.));
#11110 = IFCCARTESIANPOINT((1163.5536817218442,2026.5263270233777,0.));
#11111 = IFCCARTESIANPOINT((1164.561411811571,2026.2139080838174,0.));
#11112 = IFCCARTESIANPOINT((1165.5163811636157,2025.852497030696,0.));
#11113 = IFCCARTESIANPOINT((1166.4185897779785,2025.442093864012,0.));
#11114 = IFCCARTESIANPOINT((1167.268037654659,2024.9826985837667,0.));
#11115 = IFCCARTESIANPOINT((1168.0647247936577,2024.4743111899588,0.));
#11116 = IFCCARTESIANPOINT((1161.3799393293448,2027.004188561812,0.));
#11117 = IFCPOLYLINE((#11118,#11119));
#11118 = IFCCARTESIANPOINT((1168.0647247936577,2024.4743111899588,0.));
#11119 = IFCCARTESIANPOINT((1168.0647247936577,2024.4743111899588,0.));
#11120 = IFCPOLYLINE((#11121,#11122,#11123,#11124,#11125,#11126,#11127,#11128,#11129));
#11121 = IFCCARTESIANPOINT((1168.0647247936577,2024.4743111899588,0.));
#11122 = IFCCARTESIANPOINT((1168.813550406331,2023.9109018839977,0.));
#11123 = IFCCARTESIANPOINT((1169.5194137040337,2023.2864408672892,0.));
#11124 = IFCCARTESIANPOINT((1170.1823146867669,2022.6009281398347,0.));
#11125 = IFCCARTESIANPOINT((1170.8022533545309,2021.8543637016344,0.));
#11126 = IFCCARTESIANPOINT((1171.379229707325,2021.046747552687,0.));
#11127 = IFCCARTESIANPOINT((1171.9132437451494,2020.1780796929938,0.));
#11128 = IFCCARTESIANPOINT((1172.4042954680044,2019.248360122554,0.));
#11129 = IFCCARTESIANPOINT((1168.0647247936577,2024.4743111899588,0.));
#11130 = IFCPOLYLINE((#11131,#11132));
#11131 = IFCCARTESIANPOINT((1172.4042954680044,2019.248360122554,0.));
#11132 = IFCCARTESIANPOINT((1172.4042954680044,2019.248360122554,0.));
#11133 = IFCPOLYLINE((#11134,#11135,#11136,#11137,#11138,#11139,#11140,#11141,#11142));
#11134 = IFCCARTESIANPOINT((1172.4042954680044,2019.248360122554,0.));
#11135 = IFCCARTESIANPOINT((1172.8403252787057,2018.274547649909,0.));
#11136 = IFCCARTESIANPOINT((1173.2092735800675,2017.273601083598,0.));
#11137 = IFCCARTESIANPOINT((1173.5111403720907,2016.2455204236226,0.));
#11138 = IFCCARTESIANPOINT((1173.745925654776,2015.190305669982,0.));
#11139 = IFCCARTESIANPOINT((1173.9136294281225,2014.1079568226764,0.));
#11140 = IFCCARTESIANPOINT((1174.0142516921303,2012.998473881706,0.));
#11141 = IFCCARTESIANPOINT((1174.0477924467996,2011.8618568470702,0.));
#11142 = IFCCARTESIANPOINT((1172.4042954680044,2019.248360122554,0.));
#11143 = IFCPOLYLINE((#11144,#11145));
#11144 = IFCCARTESIANPOINT((1174.0477924467996,2011.8618568470702,0.));
#11145 = IFCCARTESIANPOINT((1174.0477924467996,2011.8618568470702,0.));
#11146 = IFCPOLYLINE((#11147,#11148,#11149,#11150,#11151,#11152,#11153,#11154,#11155));
#11147 = IFCCARTESIANPOINT((1174.0477924467996,2011.8618568470702,0.));
#11148 = IFCCARTESIANPOINT((1173.9580991927403,2009.9319444351445,0.));
#11149 = IFCCARTESIANPOINT((1173.6890194305618,2008.088710377981,0.));
#11150 = IFCCARTESIANPOINT((1173.2405531602644,2006.3321546755815,0.));
#11151 = IFCCARTESIANPOINT((1172.6127003818485,2004.6622773279457,0.));
#11152 = IFCCARTESIANPOINT((1171.8054610953134,2003.0790783350726,0.));
#11153 = IFCCARTESIANPOINT((1170.8188353006594,2001.5825576969632,0.));
#11154 = IFCCARTESIANPOINT((1169.6528229978867,2000.172715413617,0.));
#11155 = IFCCARTESIANPOINT((1174.0477924467996,2011.8618568470702,0.));
#11156 = IFCPOLYLINE((#11157,#11158));
#11157 = IFCCARTESIANPOINT((1169.6528229978867,2000.172715413617,0.));
#11158 = IFCCARTESIANPOINT((1169.6528229978867,2000.172715413617,0.));
#11159 = IFCPOLYLINE((#11160,#11161,#11162,#11163,#11164,#11165,#11166,#11167,#11168));
#11160 = IFCCARTESIANPOINT((1169.6528229978867,2000.172715413617,0.));
#11161 = IFCCARTESIANPOINT((1168.2524022748412,1998.9038196723648,0.));
#11162 = IFCCARTESIANPOINT((1166.562551219368,1997.8301386605349,0.));
#11163 = IFCCARTESIANPOINT((1164.5832698314678,1996.951672378129,0.));
#11164 = IFCCARTESIANPOINT((1162.3145581111407,1996.2684208251471,0.));
#11165 = IFCCARTESIANPOINT((1159.7564160583865,1995.7803840015883,0.));
#11166 = IFCCARTESIANPOINT((1156.908843673205,1995.487561907453,0.));
#11167 = IFCCARTESIANPOINT((1153.7718409555964,1995.3899545427412,0.));
#11168 = IFCCARTESIANPOINT((1169.6528229978867,2000.172715413617,0.));
#11169 = IFCPOLYLINE((#11170,#11171,#11172,#11173,#11174));
#11170 = IFCCARTESIANPOINT((1153.7718409555964,1995.3899545427412,0.));
#11171 = IFCCARTESIANPOINT((1139.8852147976868,1995.3899545427412,0.));
#11172 = IFCCARTESIANPOINT((1139.8852147976868,1973.3781747817993,0.));
#11173 = IFCCARTESIANPOINT((1132.7203066204675,1973.3781747817993,0.));
#11174 = IFCCARTESIANPOINT((1153.7718409555964,1995.3899545427412,0.));
#11175 = IFCPOLYLINE((#11176,#11177));
#11176 = IFCCARTESIANPOINT((1153.8826385047287,2001.7792798760347,0.));
#11177 = IFCCARTESIANPOINT((1153.8826385047287,2001.7792798760347,0.));
#11178 = IFCPOLYLINE((#11179,#11180,#11181,#11182,#11183,#11184,#11185,#11186,#11187));
#11179 = IFCCARTESIANPOINT((1153.8826385047287,2001.7792798760347,0.));
#11180 = IFCCARTESIANPOINT((1155.784286235754,2001.832040613717,0.));
#11181 = IFCCARTESIANPOINT((1157.5216219551405,2001.990322826763,0.));
#11182 = IFCCARTESIANPOINT((1159.094645662889,2002.2541265151729,0.));
#11183 = IFCCARTESIANPOINT((1160.5033573589992,2002.6234516789473,0.));
#11184 = IFCCARTESIANPOINT((1161.747757043471,2003.0982983180852,0.));
#11185 = IFCCARTESIANPOINT((1162.8278447163043,2003.6786664325878,0.));
#11186 = IFCCARTESIANPOINT((1163.7436203774996,2004.364556022454,0.));
#11187 = IFCCARTESIANPOINT((1153.8826385047287,2001.7792798760347,0.));
#11188 = IFCPOLYLINE((#11189,#11190));
#11189 = IFCCARTESIANPOINT((1163.7436203774996,2004.364556022454,0.));
#11190 = IFCCARTESIANPOINT((1163.7436203774996,2004.364556022454,0.));
#11191 = IFCPOLYLINE((#11192,#11193,#11194,#11195,#11196,#11197,#11198,#11199,#11200));
#11192 = IFCCARTESIANPOINT((1163.7436203774996,2004.364556022454,0.));
#11193 = IFCCARTESIANPOINT((1164.5176957717777,2005.1461686649725,0.));
#11194 = IFCCARTESIANPOINT((1165.1726826438587,2006.0137059374292,0.));
#11195 = IFCCARTESIANPOINT((1165.708580993743,2006.9671678398256,0.));
#11196 = IFCCARTESIANPOINT((1166.1253908214312,2008.006554372162,0.));
#11197 = IFCCARTESIANPOINT((1166.4231121269227,2009.131865534437,0.));
#11198 = IFCCARTESIANPOINT((1166.6017449102176,2010.3431013266518,0.));
#11199 = IFCCARTESIANPOINT((1166.6612891713157,2011.6402617488056,0.));
#11200 = IFCCARTESIANPOINT((1163.7436203774996,2004.364556022454,0.));
#11201 = IFCPOLYLINE((#11202,#11203));
#11202 = IFCCARTESIANPOINT((1166.6612891713157,2011.6402617488056,0.));
#11203 = IFCCARTESIANPOINT((1166.6612891713157,2011.6402617488056,0.));
#11204 = IFCPOLYLINE((#11205,#11206,#11207,#11208,#11209,#11210,#11211,#11212,#11213));
#11205 = IFCCARTESIANPOINT((1166.6612891713157,2011.6402617488056,0.));
#11206 = IFCCARTESIANPOINT((1166.6262409669985,2012.5910856143187,0.));
#11207 = IFCCARTESIANPOINT((1166.5210963540464,2013.5019620641574,0.));
#11208 = IFCCARTESIANPOINT((1166.3458553324595,2014.3728910983223,0.));
#11209 = IFCCARTESIANPOINT((1166.1005179022384,2015.2038727168147,0.));
#11210 = IFCCARTESIANPOINT((1165.785084063382,2015.9949069196332,0.));
#11211 = IFCCARTESIANPOINT((1165.3995538158913,2016.7459937067779,0.));
#11212 = IFCCARTESIANPOINT((1164.9439271597657,2017.4571330782492,0.));
#11213 = IFCCARTESIANPOINT((1166.6612891713157,2011.6402617488056,0.));
#11214 = IFCPOLYLINE((#11215,#11216));
#11215 = IFCCARTESIANPOINT((1164.9439271597657,2017.4571330782492,0.));
#11216 = IFCCARTESIANPOINT((1164.9439271597657,2017.4571330782492,0.));
#11217 = IFCPOLYLINE((#11218,#11219,#11220,#11221,#11222,#11223,#11224,#11225,#11226));
#11218 = IFCCARTESIANPOINT((1164.9439271597657,2017.4571330782492,0.));
#11219 = IFCCARTESIANPOINT((1164.4310174170143,2018.114757987215,0.));
#11220 = IFCCARTESIANPOINT((1163.8736379096447,2018.7053013868413,0.));
#11221 = IFCCARTESIANPOINT((1163.2717886376572,2019.228763277129,0.));
#11222 = IFCCARTESIANPOINT((1162.6254696010528,2019.685143658079,0.));
#11223 = IFCCARTESIANPOINT((1161.9346807998302,2020.0744425296898,0.));
#11224 = IFCCARTESIANPOINT((1161.19942223399,2020.3966598919624,0.));
#11225 = IFCCARTESIANPOINT((1160.4196939035319,2020.651795744896,0.));
#11226 = IFCCARTESIANPOINT((1164.9439271597657,2017.4571330782492,0.));
#11227 = IFCPOLYLINE((#11228,#11229));
#11228 = IFCCARTESIANPOINT((1160.4196939035319,2020.651795744896,0.));
#11229 = IFCCARTESIANPOINT((1160.4196939035319,2020.651795744896,0.));
#11230 = IFCPOLYLINE((#11231,#11232,#11233,#11234,#11235,#11236,#11237,#11238,#11239));
#11231 = IFCCARTESIANPOINT((1160.4196939035319,2020.651795744896,0.));
#11232 = IFCCARTESIANPOINT((1159.8400795138539,2020.7791752401574,0.));
#11233 = IFCCARTESIANPOINT((1159.1353468033865,2020.886957889993,0.));
#11234 = IFCCARTESIANPOINT((1158.3054957721306,2020.9751436944043,0.));
#11235 = IFCCARTESIANPOINT((1157.350526420086,2021.043732653391,0.));
#11236 = IFCCARTESIANPOINT((1156.2704387472525,2021.0927247669529,0.));
#11237 = IFCCARTESIANPOINT((1155.0652327536302,2021.1221200350901,0.));
#11238 = IFCCARTESIANPOINT((1153.734908439219,2021.1319184578024,0.));
#11239 = IFCCARTESIANPOINT((1160.4196939035319,2020.651795744896,0.));
#11240 = IFCPOLYLINE((#11241,#11242,#11243,#11244));
#11241 = IFCCARTESIANPOINT((1153.734908439219,2021.1319184578024,0.));
#11242 = IFCCARTESIANPOINT((1139.8852147976868,2021.1319184578024,0.));
#11243 = IFCCARTESIANPOINT((1139.8852147976868,2001.7792798760347,0.));
#11244 = IFCCARTESIANPOINT((1153.734908439219,2021.1319184578024,0.));
#11245 = IFCPOLYLINE((#11246,#11247,#11248,#11249));
#11246 = IFCCARTESIANPOINT((1196.8351550516672,1979.3243099185638,0.));
#11247 = IFCCARTESIANPOINT((1197.7954004774801,1973.4520398145542,0.));
#11248 = IFCCARTESIANPOINT((1197.7954004774801,1973.4520398145542,0.));
#11249 = IFCCARTESIANPOINT((1196.8351550516672,1979.3243099185638,0.));
#11250 = IFCPOLYLINE((#11251,#11252,#11253,#11254,#11255,#11256,#11257,#11258,#11259));
#11251 = IFCCARTESIANPOINT((1197.7954004774801,1973.4520398145542,0.));
#11252 = IFCCARTESIANPOINT((1197.005496861898,1973.2952650511568,0.));
#11253 = IFCCARTESIANPOINT((1196.2397124406843,1973.1626094821272,0.));
#11254 = IFCCARTESIANPOINT((1195.4980472138398,1973.0540731074666,0.));
#11255 = IFCCARTESIANPOINT((1194.7805011813643,1972.9696559271756,0.));
#11256 = IFCCARTESIANPOINT((1194.0870743432577,1972.9093579412533,0.));
#11257 = IFCCARTESIANPOINT((1193.41776669952,1972.8731791497,0.));
#11258 = IFCCARTESIANPOINT((1192.7725782501511,1972.8611195525154,0.));
#11259 = IFCCARTESIANPOINT((1197.7954004774801,1973.4520398145542,0.));
#11260 = IFCPOLYLINE((#11261,#11262));
#11261 = IFCCARTESIANPOINT((1192.7725782501511,1972.8611195525154,0.));
#11262 = IFCCARTESIANPOINT((1192.7725782501511,1972.8611195525154,0.));
#11263 = IFCPOLYLINE((#11264,#11265,#11266,#11267,#11268,#11269,#11270,#11271,#11272));
#11264 = IFCCARTESIANPOINT((1192.7725782501511,1972.8611195525154,0.));
#11265 = IFCCARTESIANPOINT((1191.7716316838412,1972.8844850220607,0.));
#11266 = IFCCARTESIANPOINT((1190.8370129020448,1972.954581430695,0.));
#11267 = IFCCARTESIANPOINT((1189.9687219047632,1973.071408778419,0.));
#11268 = IFCCARTESIANPOINT((1189.1667586919966,1973.234967065234,0.));
#11269 = IFCCARTESIANPOINT((1188.4311232637442,1973.4452562911379,0.));
#11270 = IFCCARTESIANPOINT((1187.7618156200065,1973.702276456132,0.));
#11271 = IFCCARTESIANPOINT((1187.1588357607834,1974.0060275602154,0.));
#11272 = IFCCARTESIANPOINT((1192.7725782501511,1972.8611195525154,0.));
#11273 = IFCPOLYLINE((#11274,#11275));
#11274 = IFCCARTESIANPOINT((1187.1588357607834,1974.0060275602154,0.));
#11275 = IFCCARTESIANPOINT((1187.1588357607834,1974.0060275602154,0.));
#11276 = IFCPOLYLINE((#11277,#11278,#11279,#11280,#11281,#11282,#11283,#11284,#11285));
#11277 = IFCCARTESIANPOINT((1187.1588357607834,1974.0060275602154,0.));
#11278 = IFCCARTESIANPOINT((1186.6131389881866,1974.347841767913,0.));
#11279 = IFCCARTESIANPOINT((1186.1156806043273,1974.719051243747,0.));
#11280 = IFCCARTESIANPOINT((1185.6664606092058,1975.119655987718,0.));
#11281 = IFCCARTESIANPOINT((1185.2654790028228,1975.5496559998269,0.));
#11282 = IFCCARTESIANPOINT((1184.9127357851771,1976.0090512800725,0.));
#11283 = IFCCARTESIANPOINT((1184.6082309562694,1976.4978418284552,0.));
#11284 = IFCCARTESIANPOINT((1184.3519645160995,1977.016027644975,0.));
#11285 = IFCCARTESIANPOINT((1187.1588357607834,1974.0060275602154,0.));
#11286 = IFCPOLYLINE((#11287,#11288));
#11287 = IFCCARTESIANPOINT((1184.3519645160995,1977.016027644975,0.));
#11288 = IFCCARTESIANPOINT((1184.3519645160995,1977.016027644975,0.));
#11289 = IFCPOLYLINE((#11290,#11291,#11292,#11293,#11294,#11295,#11296,#11297,#11298));
#11290 = IFCCARTESIANPOINT((1184.3519645160995,1977.016027644975,0.));
#11291 = IFCCARTESIANPOINT((1184.1363992164277,1977.6329514134434,0.));
#11292 = IFCCARTESIANPOINT((1183.9539978090124,1978.4179558176688,0.));
#11293 = IFCCARTESIANPOINT((1183.8047602938543,1979.3710408576533,0.));
#11294 = IFCCARTESIANPOINT((1183.6886866709542,1980.492206533397,0.));
#11295 = IFCCARTESIANPOINT((1183.6057769403108,1981.7814528448985,0.));
#11296 = IFCCARTESIANPOINT((1183.5560311019249,1983.2387797921583,0.));
#11297 = IFCCARTESIANPOINT((1183.5394491557963,1984.8641873751767,0.));
#11298 = IFCCARTESIANPOINT((1184.3519645160995,1977.016027644975,0.));
#11299 = IFCPOLYLINE((#11300,#11301,#11302,#11303,#11304,#11305,#11306,#11307,#11308,#11309,#11310,#11311,#11312,#11313));
#11300 = IFCCARTESIANPOINT((1183.5394491557963,1984.8641873751767,0.));
#11301 = IFCCARTESIANPOINT((1183.5394491557963,2007.4299548817798,0.));
#11302 = IFCCARTESIANPOINT((1178.664356993977,2007.4299548817798,0.));
#11303 = IFCCARTESIANPOINT((1178.664356993977,2012.6005071746185,0.));
#11304 = IFCCARTESIANPOINT((1183.5394491557963,2012.6005071746185,0.));
#11305 = IFCCARTESIANPOINT((1183.5394491557963,2022.3137589818798,0.));
#11306 = IFCCARTESIANPOINT((1190.1503695873544,2026.302470750641,0.));
#11307 = IFCCARTESIANPOINT((1190.1503695873544,2012.6005071746185,0.));
#11308 = IFCCARTESIANPOINT((1196.8351550516672,2012.6005071746185,0.));
#11309 = IFCCARTESIANPOINT((1196.8351550516672,2007.4299548817798,0.));
#11310 = IFCCARTESIANPOINT((1190.1503695873544,2007.4299548817798,0.));
#11311 = IFCCARTESIANPOINT((1190.1503695873544,1984.4948622114025,0.));
#11312 = IFCCARTESIANPOINT((1190.1503695873544,1984.4948622114025,0.));
#11313 = IFCCARTESIANPOINT((1183.5394491557963,1984.8641873751767,0.));
#11314 = IFCPOLYLINE((#11315,#11316,#11317,#11318,#11319,#11320,#11321,#11322,#11323));
#11315 = IFCCARTESIANPOINT((1190.1503695873544,1984.4948622114025,0.));
#11316 = IFCCARTESIANPOINT((1190.157529973183,1983.7238017164216,0.));
#11317 = IFCCARTESIANPOINT((1190.1790111306675,1983.0356509520823,0.));
#11318 = IFCCARTESIANPOINT((1190.2148130598086,1982.430409918387,0.));
#11319 = IFCCARTESIANPOINT((1190.264935760607,1981.9080786153354,0.));
#11320 = IFCCARTESIANPOINT((1190.3293792330612,1981.4686570429262,0.));
#11321 = IFCCARTESIANPOINT((1190.4081434771724,1981.1121452011607,0.));
#11322 = IFCCARTESIANPOINT((1190.5012284929398,1980.838543090038,0.));
#11323 = IFCCARTESIANPOINT((1190.1503695873544,1984.4948622114025,0.));
#11324 = IFCPOLYLINE((#11325,#11326));
#11325 = IFCCARTESIANPOINT((1190.5012284929398,1980.838543090038,0.));
#11326 = IFCCARTESIANPOINT((1190.5012284929398,1980.838543090038,0.));
#11327 = IFCPOLYLINE((#11328,#11329,#11330,#11331,#11332,#11333,#11334,#11335,#11336));
#11328 = IFCCARTESIANPOINT((1190.5012284929398,1980.838543090038,0.));
#11329 = IFCCARTESIANPOINT((1190.6105185924243,1980.6131793676536,0.));
#11330 = IFCCARTESIANPOINT((1190.7378980876852,1980.4013826921012,0.));
#11331 = IFCCARTESIANPOINT((1190.8833669787223,1980.2031530633815,0.));
#11332 = IFCCARTESIANPOINT((1191.0469252655369,1980.0184904814948,0.));
#11333 = IFCCARTESIANPOINT((1191.2285729481277,1979.8473949464399,0.));
#11334 = IFCCARTESIANPOINT((1191.4283100264956,1979.689866458218,0.));
#11335 = IFCCARTESIANPOINT((1191.6461365006398,1979.5459050168283,0.));
#11336 = IFCCARTESIANPOINT((1190.5012284929398,1980.838543090038,0.));
#11337 = IFCPOLYLINE((#11338,#11339));
#11338 = IFCCARTESIANPOINT((1191.6461365006398,1979.5459050168283,0.));
#11339 = IFCCARTESIANPOINT((1191.6461365006398,1979.5459050168283,0.));
#11340 = IFCPOLYLINE((#11341,#11342,#11343,#11344,#11345,#11346,#11347,#11348,#11349));
#11341 = IFCCARTESIANPOINT((1191.6461365006398,1979.5459050168283,0.));
#11342 = IFCCARTESIANPOINT((1191.8869515819174,1979.418525521568,0.));
#11343 = IFCCARTESIANPOINT((1192.1556544816835,1979.3107428717312,0.));
#11344 = IFCCARTESIANPOINT((1192.4522451999387,1979.2225570673197,0.));
#11345 = IFCCARTESIANPOINT((1192.7767237366834,1979.1539681083336,0.));
#11346 = IFCCARTESIANPOINT((1193.1290900919169,1979.1049759947714,0.));
#11347 = IFCCARTESIANPOINT((1193.5093442656396,1979.0755807266346,0.));
#11348 = IFCCARTESIANPOINT((1193.9174862578511,1979.0657823039219,0.));
#11349 = IFCCARTESIANPOINT((1191.6461365006398,1979.5459050168283,0.));
#11350 = IFCPOLYLINE((#11351,#11352));
#11351 = IFCCARTESIANPOINT((1193.9174862578511,1979.0657823039219,0.));
#11352 = IFCCARTESIANPOINT((1193.9174862578511,1979.0657823039219,0.));
#11353 = IFCPOLYLINE((#11354,#11355,#11356,#11357,#11358,#11359,#11360,#11361,#11362));
#11354 = IFCCARTESIANPOINT((1193.9174862578511,1979.0657823039219,0.));
#11355 = IFCCARTESIANPOINT((1194.2483714556004,1979.0710583776906,0.));
#11356 = IFCCARTESIANPOINT((1194.6078981966618,1979.0868865989946,0.));
#11357 = IFCCARTESIANPOINT((1194.9960664810365,1979.1132669678352,0.));
#11358 = IFCCARTESIANPOINT((1195.4128763087247,1979.1501994842133,0.));
#11359 = IFCCARTESIANPOINT((1195.8583276797258,1979.1976841481269,0.));
#11360 = IFCCARTESIANPOINT((1196.33242059404,1979.2557209595775,0.));
#11361 = IFCCARTESIANPOINT((1196.8351550516672,1979.3243099185638,0.));
#11362 = IFCCARTESIANPOINT((1193.9174862578511,1979.0657823039219,0.));
#11363 = IFCPOLYLINE((#11364,#11365,#11366,#11367));
#11364 = IFCCARTESIANPOINT((1203.0398178030737,1958.2727755834348,0.));
#11365 = IFCCARTESIANPOINT((1202.3011674755253,1964.5143708512187,0.));
#11366 = IFCCARTESIANPOINT((1202.3011674755253,1964.5143708512187,0.));
#11367 = IFCCARTESIANPOINT((1203.0398178030737,1958.2727755834348,0.));
#11368 = IFCPOLYLINE((#11369,#11370,#11371,#11372,#11373,#11374,#11375,#11376,#11377));
#11369 = IFCCARTESIANPOINT((1202.3011674755253,1964.5143708512187,0.));
#11370 = IFCCARTESIANPOINT((1202.912438307813,1964.3575960878213,0.));
#11371 = IFCCARTESIANPOINT((1203.5010973953797,1964.2249405187915,0.));
#11372 = IFCCARTESIANPOINT((1204.0671447382251,1964.1164041441314,0.));
#11373 = IFCCARTESIANPOINT((1204.61058033635,1964.0319869638404,0.));
#11374 = IFCCARTESIANPOINT((1205.131404189754,1963.971688977918,0.));
#11375 = IFCCARTESIANPOINT((1205.6296162984372,1963.9355101863644,0.));
#11376 = IFCCARTESIANPOINT((1206.1052166623995,1963.92345058918,0.));
#11377 = IFCCARTESIANPOINT((1202.3011674755253,1964.5143708512187,0.));
#11378 = IFCPOLYLINE((#11379,#11380));
#11379 = IFCCARTESIANPOINT((1206.1052166623995,1963.92345058918,0.));
#11380 = IFCCARTESIANPOINT((1206.1052166623995,1963.92345058918,0.));
#11381 = IFCPOLYLINE((#11382,#11383,#11384,#11385,#11386,#11387,#11388,#11389,#11390));
#11382 = IFCCARTESIANPOINT((1206.1052166623995,1963.92345058918,0.));
#11383 = IFCCARTESIANPOINT((1206.7202561188076,1963.9385250856608,0.));
#11384 = IFCCARTESIANPOINT((1207.2991167836615,1963.9837485751025,0.));
#11385 = IFCCARTESIANPOINT((1207.841798656962,1964.0591210575049,0.));
#11386 = IFCCARTESIANPOINT((1208.3483017387098,1964.1646425328695,0.));
#11387 = IFCCARTESIANPOINT((1208.8186260289037,1964.3003130011944,0.));
#11388 = IFCCARTESIANPOINT((1209.2527715275446,1964.466132462481,0.));
#11389 = IFCCARTESIANPOINT((1209.6507382346317,1964.6621009167284,0.));
#11390 = IFCCARTESIANPOINT((1206.1052166623995,1963.92345058918,0.));
#11391 = IFCPOLYLINE((#11392,#11393));
#11392 = IFCCARTESIANPOINT((1209.6507382346317,1964.6621009167284,0.));
#11393 = IFCCARTESIANPOINT((1209.6507382346317,1964.6621009167284,0.));
#11394 = IFCPOLYLINE((#11395,#11396,#11397,#11398,#11399,#11400,#11401,#11402,#11403));
#11395 = IFCCARTESIANPOINT((1209.6507382346317,1964.6621009167284,0.));
#11396 = IFCCARTESIANPOINT((1210.02081712323,1964.8852034646413,0.));
#11397 = IFCCARTESIANPOINT((1210.3712991664036,1965.1324252069226,0.));
#11398 = IFCCARTESIANPOINT((1210.702184364152,1965.4037661435727,0.));
#11399 = IFCCARTESIANPOINT((1211.0134727164761,1965.6992262745925,0.));
#11400 = IFCCARTESIANPOINT((1211.3051642233754,1966.0188055999806,0.));
#11401 = IFCCARTESIANPOINT((1211.57725888485,1966.3625041197379,0.));
#11402 = IFCCARTESIANPOINT((1211.8297567008995,1966.7303218338639,0.));
#11403 = IFCCARTESIANPOINT((1209.6507382346317,1964.6621009167284,0.));
#11404 = IFCPOLYLINE((#11405,#11406));
#11405 = IFCCARTESIANPOINT((1211.8297567008995,1966.7303218338639,0.));
#11406 = IFCCARTESIANPOINT((1211.8297567008995,1966.7303218338639,0.));
#11407 = IFCPOLYLINE((#11408,#11409,#11410,#11411,#11412,#11413,#11414,#11415,#11416));
#11408 = IFCCARTESIANPOINT((1211.8297567008995,1966.7303218338639,0.));
#11409 = IFCCARTESIANPOINT((1212.0249714303231,1967.0755278032696,0.));
#11410 = IFCCARTESIANPOINT((1212.2518426023557,1967.541329744519,0.));
#11411 = IFCCARTESIANPOINT((1212.5103702169974,1968.1277276576134,0.));
#11412 = IFCCARTESIANPOINT((1212.800554274249,1968.8347215425529,0.));
#11413 = IFCCARTESIANPOINT((1213.1223947741091,1969.6623113993364,0.));
#11414 = IFCCARTESIANPOINT((1213.4758917165789,1970.610497227965,0.));
#11415 = IFCCARTESIANPOINT((1213.8610451016575,1971.679279028438,0.));
#11416 = IFCCARTESIANPOINT((1211.8297567008995,1966.7303218338639,0.));
#11417 = IFCPOLYLINE((#11418,#11419));
#11418 = IFCCARTESIANPOINT((1213.8610451016575,1971.679279028438,0.));
#11419 = IFCCARTESIANPOINT((1213.8610451016575,1971.679279028438,0.));
#11420 = IFCPOLYLINE((#11421,#11422,#11423,#11424,#11425,#11426,#11427,#11428,#11429));
#11421 = IFCCARTESIANPOINT((1213.8610451016575,1971.679279028438,0.));
#11422 = IFCCARTESIANPOINT((1213.918328188284,1971.848113389021,0.));
#11423 = IFCCARTESIANPOINT((1213.9846559727982,1972.0380520446759,0.));
#11424 = IFCCARTESIANPOINT((1214.060028455201,1972.2490949954035,0.));
#11425 = IFCCARTESIANPOINT((1214.1444456354925,1972.4812422412049,0.));
#11426 = IFCCARTESIANPOINT((1214.237907513672,1972.7344937820785,0.));
#11427 = IFCCARTESIANPOINT((1214.34041408974,1973.0088496180251,0.));
#11428 = IFCCARTESIANPOINT((1214.4519653636962,1973.3043097490445,0.));
#11429 = IFCCARTESIANPOINT((1213.8610451016575,1971.679279028438,0.));
#11430 = IFCPOLYLINE((#11431,#11432,#11433,#11434,#11435,#11436));
#11431 = IFCCARTESIANPOINT((1214.4519653636962,1973.3043097490445,0.));
#11432 = IFCCARTESIANPOINT((1199.5681612635963,2012.6005071746185,0.));
#11433 = IFCCARTESIANPOINT((1206.7330694408156,2012.6005071746185,0.));
#11434 = IFCCARTESIANPOINT((1214.8951555602252,1989.8870096025057,0.));
#11435 = IFCCARTESIANPOINT((1214.8951555602252,1989.8870096025057,0.));
#11436 = IFCCARTESIANPOINT((1214.4519653636962,1973.3043097490445,0.));
#11437 = IFCPOLYLINE((#11438,#11439,#11440,#11441,#11442,#11443,#11444,#11445,#11446));
#11438 = IFCCARTESIANPOINT((1214.8951555602252,1989.8870096025057,0.));
#11439 = IFCCARTESIANPOINT((1215.3421143808746,1988.6433636428583,0.));
#11440 = IFCCARTESIANPOINT((1215.7755061546914,1987.3816282874334,0.));
#11441 = IFCCARTESIANPOINT((1216.195330881675,1986.1018035362322,0.));
#11442 = IFCCARTESIANPOINT((1216.601588561827,1984.8038893892547,0.));
#11443 = IFCCARTESIANPOINT((1216.994279195146,1983.4878858465,0.));
#11444 = IFCCARTESIANPOINT((1217.3734027816326,1982.1537929079686,0.));
#11445 = IFCCARTESIANPOINT((1217.7389593212865,1980.8016105736606,0.));
#11446 = IFCCARTESIANPOINT((1214.8951555602252,1989.8870096025057,0.));
#11447 = IFCPOLYLINE((#11448,#11449));
#11448 = IFCCARTESIANPOINT((1217.7389593212865,1980.8016105736606,0.));
#11449 = IFCCARTESIANPOINT((1217.7389593212865,1980.8016105736606,0.));
#11450 = IFCPOLYLINE((#11451,#11452,#11453,#11454,#11455,#11456,#11457,#11458,#11459));
#11451 = IFCCARTESIANPOINT((1217.7389593212865,1980.8016105736606,0.));
#11452 = IFCCARTESIANPOINT((1218.0751205928038,1982.1055545192312,0.));
#11453 = IFCCARTESIANPOINT((1218.4293712600972,1983.4004537669125,0.));
#11454 = IFCCARTESIANPOINT((1218.8017113231672,1984.6863083167057,0.));
#11455 = IFCCARTESIANPOINT((1219.1921407820146,1985.9631181686111,0.));
#11456 = IFCCARTESIANPOINT((1219.600659636638,1987.2308833226275,0.));
#11457 = IFCCARTESIANPOINT((1220.0272678870385,1988.4896037787562,0.));
#11458 = IFCCARTESIANPOINT((1220.4719655332156,1989.739279536996,0.));
#11459 = IFCCARTESIANPOINT((1217.7389593212865,1980.8016105736606,0.));
#11460 = IFCPOLYLINE((#11461,#11462,#11463,#11464,#11465,#11466));
#11461 = IFCCARTESIANPOINT((1220.4719655332156,1989.739279536996,0.));
#11462 = IFCCARTESIANPOINT((1228.8556467508897,2012.6005071746185,0.));
#11463 = IFCCARTESIANPOINT((1235.5034996988252,2012.6005071746185,0.));
#11464 = IFCCARTESIANPOINT((1220.5827630823478,1972.7133894870058,0.));
#11465 = IFCCARTESIANPOINT((1220.5827630823478,1972.7133894870058,0.));
#11466 = IFCCARTESIANPOINT((1220.4719655332156,1989.739279536996,0.));
#11467 = IFCPOLYLINE((#11468,#11469,#11470,#11471,#11472,#11473,#11474,#11475,#11476));
#11468 = IFCCARTESIANPOINT((1220.5827630823478,1972.7133894870058,0.));
#11469 = IFCCARTESIANPOINT((1219.9187315123784,1970.9489196739544,0.));
#11470 = IFCCARTESIANPOINT((1219.2984159822024,1969.3487618725408,0.));
#11471 = IFCCARTESIANPOINT((1218.7218164918202,1967.912916082765,0.));
#11472 = IFCCARTESIANPOINT((1218.1889330412318,1966.6413823046287,0.));
#11473 = IFCCARTESIANPOINT((1217.699765630437,1965.53416053813,0.));
#11474 = IFCCARTESIANPOINT((1217.254314259436,1964.5912507832697,0.));
#11475 = IFCCARTESIANPOINT((1216.8525789282285,1963.8126530400477,0.));
#11476 = IFCCARTESIANPOINT((1220.5827630823478,1972.7133894870058,0.));
#11477 = IFCPOLYLINE((#11478,#11479));
#11478 = IFCCARTESIANPOINT((1216.8525789282285,1963.8126530400477,0.));
#11479 = IFCCARTESIANPOINT((1216.8525789282285,1963.8126530400477,0.));
#11480 = IFCPOLYLINE((#11481,#11482,#11483,#11484,#11485,#11486,#11487,#11488,#11489));
#11481 = IFCCARTESIANPOINT((1216.8525789282285,1963.8126530400477,0.));
#11482 = IFCCARTESIANPOINT((1216.335523698945,1962.9093138384496,0.));
#11483 = IFCCARTESIANPOINT((1215.7973641745878,1962.0775784951334,0.));
#11484 = IFCCARTESIANPOINT((1215.2381003551584,1961.3174470100998,0.));
#11485 = IFCCARTESIANPOINT((1214.657732240656,1960.6289193833497,0.));
#11486 = IFCCARTESIANPOINT((1214.0562598310812,1960.0119956148817,0.));
#11487 = IFCCARTESIANPOINT((1213.4336831264332,1959.4666757046969,0.));
#11488 = IFCCARTESIANPOINT((1212.7900021267124,1958.9929596527945,0.));
#11489 = IFCCARTESIANPOINT((1216.8525789282285,1963.8126530400477,0.));
#11490 = IFCPOLYLINE((#11491,#11492));
#11491 = IFCCARTESIANPOINT((1212.7900021267124,1958.9929596527945,0.));
#11492 = IFCCARTESIANPOINT((1212.7900021267124,1958.9929596527945,0.));
#11493 = IFCPOLYLINE((#11494,#11495,#11496,#11497,#11498,#11499,#11500,#11501,#11502));
#11494 = IFCCARTESIANPOINT((1212.7900021267124,1958.9929596527945,0.));
#11495 = IFCCARTESIANPOINT((1212.1176795836789,1958.5863251102314,0.));
#11496 = IFCCARTESIANPOINT((1211.4091782490914,1958.2422497280618,0.));
#11497 = IFCCARTESIANPOINT((1210.6644981229506,1957.960733506287,0.));
#11498 = IFCCARTESIANPOINT((1209.8836392052567,1957.7417764449067,0.));
#11499 = IFCCARTESIANPOINT((1209.0666014960093,1957.5853785439203,0.));
#11500 = IFCCARTESIANPOINT((1208.2133849952086,1957.491539803329,0.));
#11501 = IFCCARTESIANPOINT((1207.3239897028543,1957.4602602231316,0.));
#11502 = IFCCARTESIANPOINT((1212.7900021267124,1958.9929596527945,0.));
#11503 = IFCPOLYLINE((#11504,#11505));
#11504 = IFCCARTESIANPOINT((1207.3239897028543,1957.4602602231316,0.));
#11505 = IFCCARTESIANPOINT((1207.3239897028543,1957.4602602231316,0.));
#11506 = IFCPOLYLINE((#11507,#11508,#11509,#11510,#11511,#11512,#11513,#11514,#11515));
#11507 = IFCCARTESIANPOINT((1207.3239897028543,1957.4602602231316,0.));
#11508 = IFCCARTESIANPOINT((1206.7662333330732,1957.476842169261,0.));
#11509 = IFCCARTESIANPOINT((1206.1903875675148,1957.526588007646,0.));
#11510 = IFCCARTESIANPOINT((1205.5964524061799,1957.609497738289,0.));
#11511 = IFCCARTESIANPOINT((1204.9844278490687,1957.7255713611898,0.));
#11512 = IFCCARTESIANPOINT((1204.3543138961802,1957.8748088763477,0.));
#11513 = IFCCARTESIANPOINT((1203.7061105475154,1958.0572102837627,0.));
#11514 = IFCCARTESIANPOINT((1203.0398178030737,1958.2727755834348,0.));
#11515 = IFCCARTESIANPOINT((1207.3239897028543,1957.4602602231316,0.));
#11516 = IFCPOLYLINE((#11517,#11518,#11519,#11520,#11521,#11522,#11523));
#11517 = IFCCARTESIANPOINT((1262.7227642689832,1973.3781747817993,0.));
#11518 = IFCCARTESIANPOINT((1262.7227642689832,2027.521243791096,0.));
#11519 = IFCCARTESIANPOINT((1269.8876724462025,2027.521243791096,0.));
#11520 = IFCCARTESIANPOINT((1269.8876724462025,1979.7675001150928,0.));
#11521 = IFCCARTESIANPOINT((1296.5529492706992,1979.7675001150928,0.));
#11522 = IFCCARTESIANPOINT((1296.5529492706992,1973.3781747817993,0.));
#11523 = IFCCARTESIANPOINT((1262.7227642689832,1973.3781747817993,0.));
#11524 = IFCPOLYLINE((#11525,#11526,#11527,#11528));
#11525 = IFCCARTESIANPOINT((1318.7493916135281,1979.3243099185638,0.));
#11526 = IFCCARTESIANPOINT((1319.709637039341,1973.4520398145542,0.));
#11527 = IFCCARTESIANPOINT((1319.709637039341,1973.4520398145542,0.));
#11528 = IFCCARTESIANPOINT((1318.7493916135281,1979.3243099185638,0.));
#11529 = IFCPOLYLINE((#11530,#11531,#11532,#11533,#11534,#11535,#11536,#11537,#11538));
#11530 = IFCCARTESIANPOINT((1319.709637039341,1973.4520398145542,0.));
#11531 = IFCCARTESIANPOINT((1318.919733423759,1973.2952650511568,0.));
#11532 = IFCCARTESIANPOINT((1318.1539490025455,1973.1626094821272,0.));
#11533 = IFCCARTESIANPOINT((1317.4122837757006,1973.0540731074666,0.));
#11534 = IFCCARTESIANPOINT((1316.6947377432252,1972.9696559271756,0.));
#11535 = IFCCARTESIANPOINT((1316.0013109051185,1972.9093579412533,0.));
#11536 = IFCCARTESIANPOINT((1315.3320032613808,1972.8731791497,0.));
#11537 = IFCCARTESIANPOINT((1314.686814812012,1972.8611195525154,0.));
#11538 = IFCCARTESIANPOINT((1319.709637039341,1973.4520398145542,0.));
#11539 = IFCPOLYLINE((#11540,#11541));
#11540 = IFCCARTESIANPOINT((1314.686814812012,1972.8611195525154,0.));
#11541 = IFCCARTESIANPOINT((1314.686814812012,1972.8611195525154,0.));
#11542 = IFCPOLYLINE((#11543,#11544,#11545,#11546,#11547,#11548,#11549,#11550,#11551));
#11543 = IFCCARTESIANPOINT((1314.686814812012,1972.8611195525154,0.));
#11544 = IFCCARTESIANPOINT((1313.685868245702,1972.8844850220607,0.));
#11545 = IFCCARTESIANPOINT((1312.7512494639057,1972.954581430695,0.));
#11546 = IFCCARTESIANPOINT((1311.8829584666241,1973.071408778419,0.));
#11547 = IFCCARTESIANPOINT((1311.0809952538575,1973.234967065234,0.));
#11548 = IFCCARTESIANPOINT((1310.345359825605,1973.4452562911379,0.));
#11549 = IFCCARTESIANPOINT((1309.6760521818676,1973.702276456132,0.));
#11550 = IFCCARTESIANPOINT((1309.0730723226443,1974.0060275602154,0.));
#11551 = IFCCARTESIANPOINT((1314.686814812012,1972.8611195525154,0.));
#11552 = IFCPOLYLINE((#11553,#11554));
#11553 = IFCCARTESIANPOINT((1309.0730723226443,1974.0060275602154,0.));
#11554 = IFCCARTESIANPOINT((1309.0730723226443,1974.0060275602154,0.));
#11555 = IFCPOLYLINE((#11556,#11557,#11558,#11559,#11560,#11561,#11562,#11563,#11564));
#11556 = IFCCARTESIANPOINT((1309.0730723226443,1974.0060275602154,0.));
#11557 = IFCCARTESIANPOINT((1308.5273755500475,1974.347841767913,0.));
#11558 = IFCCARTESIANPOINT((1308.0299171661882,1974.719051243747,0.));
#11559 = IFCCARTESIANPOINT((1307.5806971710667,1975.119655987718,0.));
#11560 = IFCCARTESIANPOINT((1307.1797155646834,1975.5496559998269,0.));
#11561 = IFCCARTESIANPOINT((1306.826972347038,1976.0090512800725,0.));
#11562 = IFCCARTESIANPOINT((1306.5224675181303,1976.4978418284552,0.));
#11563 = IFCCARTESIANPOINT((1306.2662010779604,1977.016027644975,0.));
#11564 = IFCCARTESIANPOINT((1309.0730723226443,1974.0060275602154,0.));
#11565 = IFCPOLYLINE((#11566,#11567));
#11566 = IFCCARTESIANPOINT((1306.2662010779604,1977.016027644975,0.));
#11567 = IFCCARTESIANPOINT((1306.2662010779604,1977.016027644975,0.));
#11568 = IFCPOLYLINE((#11569,#11570,#11571,#11572,#11573,#11574,#11575,#11576,#11577));
#11569 = IFCCARTESIANPOINT((1306.2662010779604,1977.016027644975,0.));
#11570 = IFCCARTESIANPOINT((1306.0506357782883,1977.6329514134434,0.));
#11571 = IFCCARTESIANPOINT((1305.868234370873,1978.4179558176688,0.));
#11572 = IFCCARTESIANPOINT((1305.7189968557152,1979.3710408576533,0.));
#11573 = IFCCARTESIANPOINT((1305.6029232328153,1980.492206533397,0.));
#11574 = IFCCARTESIANPOINT((1305.5200135021719,1981.7814528448985,0.));
#11575 = IFCCARTESIANPOINT((1305.470267663786,1983.2387797921583,0.));
#11576 = IFCCARTESIANPOINT((1305.4536857176572,1984.8641873751767,0.));
#11577 = IFCCARTESIANPOINT((1306.2662010779604,1977.016027644975,0.));
#11578 = IFCPOLYLINE((#11579,#11580,#11581,#11582,#11583,#11584,#11585,#11586,#11587,#11588,#11589,#11590,#11591,#11592));
#11579 = IFCCARTESIANPOINT((1305.4536857176572,1984.8641873751767,0.));
#11580 = IFCCARTESIANPOINT((1305.4536857176572,2007.4299548817798,0.));
#11581 = IFCCARTESIANPOINT((1300.5785935558379,2007.4299548817798,0.));
#11582 = IFCCARTESIANPOINT((1300.5785935558379,2012.6005071746185,0.));
#11583 = IFCCARTESIANPOINT((1305.4536857176572,2012.6005071746185,0.));
#11584 = IFCCARTESIANPOINT((1305.4536857176572,2022.3137589818798,0.));
#11585 = IFCCARTESIANPOINT((1312.0646061492153,2026.302470750641,0.));
#11586 = IFCCARTESIANPOINT((1312.0646061492153,2012.6005071746185,0.));
#11587 = IFCCARTESIANPOINT((1318.7493916135281,2012.6005071746185,0.));
#11588 = IFCCARTESIANPOINT((1318.7493916135281,2007.4299548817798,0.));
#11589 = IFCCARTESIANPOINT((1312.0646061492153,2007.4299548817798,0.));
#11590 = IFCCARTESIANPOINT((1312.0646061492153,1984.4948622114025,0.));
#11591 = IFCCARTESIANPOINT((1312.0646061492153,1984.4948622114025,0.));
#11592 = IFCCARTESIANPOINT((1305.4536857176572,1984.8641873751767,0.));
#11593 = IFCPOLYLINE((#11594,#11595,#11596,#11597,#11598,#11599,#11600,#11601,#11602));
#11594 = IFCCARTESIANPOINT((1312.0646061492153,1984.4948622114025,0.));
#11595 = IFCCARTESIANPOINT((1312.0717665350437,1983.7238017164216,0.));
#11596 = IFCCARTESIANPOINT((1312.0932476925284,1983.0356509520823,0.));
#11597 = IFCCARTESIANPOINT((1312.1290496216695,1982.430409918387,0.));
#11598 = IFCCARTESIANPOINT((1312.1791723224678,1981.9080786153354,0.));
#11599 = IFCCARTESIANPOINT((1312.243615794922,1981.4686570429262,0.));
#11600 = IFCCARTESIANPOINT((1312.3223800390333,1981.1121452011607,0.));
#11601 = IFCCARTESIANPOINT((1312.4154650548007,1980.838543090038,0.));
#11602 = IFCCARTESIANPOINT((1312.0646061492153,1984.4948622114025,0.));
#11603 = IFCPOLYLINE((#11604,#11605));
#11604 = IFCCARTESIANPOINT((1312.4154650548007,1980.838543090038,0.));
#11605 = IFCCARTESIANPOINT((1312.4154650548007,1980.838543090038,0.));
#11606 = IFCPOLYLINE((#11607,#11608,#11609,#11610,#11611,#11612,#11613,#11614,#11615));
#11607 = IFCCARTESIANPOINT((1312.4154650548007,1980.838543090038,0.));
#11608 = IFCCARTESIANPOINT((1312.524755154285,1980.6131793676536,0.));
#11609 = IFCCARTESIANPOINT((1312.6521346495456,1980.4013826921012,0.));
#11610 = IFCCARTESIANPOINT((1312.7976035405834,1980.2031530633815,0.));
#11611 = IFCCARTESIANPOINT((1312.961161827398,1980.0184904814948,0.));
#11612 = IFCCARTESIANPOINT((1313.1428095099886,1979.8473949464399,0.));
#11613 = IFCCARTESIANPOINT((1313.3425465883563,1979.689866458218,0.));
#11614 = IFCCARTESIANPOINT((1313.5603730625007,1979.5459050168283,0.));
#11615 = IFCCARTESIANPOINT((1312.4154650548007,1980.838543090038,0.));
#11616 = IFCPOLYLINE((#11617,#11618));
#11617 = IFCCARTESIANPOINT((1313.5603730625007,1979.5459050168283,0.));
#11618 = IFCCARTESIANPOINT((1313.5603730625007,1979.5459050168283,0.));
#11619 = IFCPOLYLINE((#11620,#11621,#11622,#11623,#11624,#11625,#11626,#11627,#11628));
#11620 = IFCCARTESIANPOINT((1313.5603730625007,1979.5459050168283,0.));
#11621 = IFCCARTESIANPOINT((1313.8011881437783,1979.418525521568,0.));
#11622 = IFCCARTESIANPOINT((1314.0698910435442,1979.3107428717312,0.));
#11623 = IFCCARTESIANPOINT((1314.3664817617996,1979.2225570673197,0.));
#11624 = IFCCARTESIANPOINT((1314.6909602985443,1979.1539681083336,0.));
#11625 = IFCCARTESIANPOINT((1315.0433266537777,1979.1049759947714,0.));
#11626 = IFCCARTESIANPOINT((1315.4235808275002,1979.0755807266346,0.));
#11627 = IFCCARTESIANPOINT((1315.831722819712,1979.0657823039219,0.));
#11628 = IFCCARTESIANPOINT((1313.5603730625007,1979.5459050168283,0.));
#11629 = IFCPOLYLINE((#11630,#11631));
#11630 = IFCCARTESIANPOINT((1315.831722819712,1979.0657823039219,0.));
#11631 = IFCCARTESIANPOINT((1315.831722819712,1979.0657823039219,0.));
#11632 = IFCPOLYLINE((#11633,#11634,#11635,#11636,#11637,#11638,#11639,#11640,#11641));
#11633 = IFCCARTESIANPOINT((1315.831722819712,1979.0657823039219,0.));
#11634 = IFCCARTESIANPOINT((1316.162608017461,1979.0710583776906,0.));
#11635 = IFCCARTESIANPOINT((1316.5221347585227,1979.0868865989946,0.));
#11636 = IFCCARTESIANPOINT((1316.9103030428973,1979.1132669678352,0.));
#11637 = IFCCARTESIANPOINT((1317.3271128705856,1979.1501994842133,0.));
#11638 = IFCCARTESIANPOINT((1317.7725642415867,1979.1976841481269,0.));
#11639 = IFCCARTESIANPOINT((1318.2466571559007,1979.2557209595775,0.));
#11640 = IFCCARTESIANPOINT((1318.7493916135281,1979.3243099185638,0.));
#11641 = IFCCARTESIANPOINT((1315.831722819712,1979.0657823039219,0.));
#11642 = IFCPOLYLINE((#11643,#11644,#11645,#11646));
#11643 = IFCCARTESIANPOINT((1350.6960182799958,1973.3781747817993,0.));
#11644 = IFCCARTESIANPOINT((1350.6960182799958,1978.3271319763735,0.));
#11645 = IFCCARTESIANPOINT((1350.6960182799958,1978.3271319763735,0.));
#11646 = IFCCARTESIANPOINT((1350.6960182799958,1973.3781747817993,0.));
#11647 = IFCPOLYLINE((#11648,#11649,#11650,#11651,#11652,#11653,#11654,#11655,#11656));
#11648 = IFCCARTESIANPOINT((1350.6960182799958,1978.3271319763735,0.));
#11649 = IFCCARTESIANPOINT((1349.5586475205366,1976.7789811878185,0.));
#11650 = IFCCARTESIANPOINT((1348.2780690445106,1975.4690074436558,0.));
#11651 = IFCCARTESIANPOINT((1346.8542828519198,1974.3972107438863,0.));
#11652 = IFCCARTESIANPOINT((1345.287288942764,1973.5635910885107,0.));
#11653 = IFCCARTESIANPOINT((1343.5770873170422,1972.9681484775278,0.));
#11654 = IFCCARTESIANPOINT((1341.723677974755,1972.610882910938,0.));
#11655 = IFCCARTESIANPOINT((1339.7270609159023,1972.4917943887413,0.));
#11656 = IFCCARTESIANPOINT((1350.6960182799958,1978.3271319763735,0.));
#11657 = IFCPOLYLINE((#11658,#11659));
#11658 = IFCCARTESIANPOINT((1339.7270609159023,1972.4917943887413,0.));
#11659 = IFCCARTESIANPOINT((1339.7270609159023,1972.4917943887413,0.));
#11660 = IFCPOLYLINE((#11661,#11662,#11663,#11664,#11665,#11666,#11667,#11668,#11669));
#11661 = IFCCARTESIANPOINT((1339.7270609159023,1972.4917943887413,0.));
#11662 = IFCCARTESIANPOINT((1338.4023895376718,1972.5445551264236,0.));
#11663 = IFCCARTESIANPOINT((1337.1086208772256,1972.7028373394694,0.));
#11664 = IFCCARTESIANPOINT((1335.8457549345649,1972.9666410278792,0.));
#11665 = IFCCARTESIANPOINT((1334.6137917096898,1973.3359661916538,0.));
#11666 = IFCCARTESIANPOINT((1333.4127312025996,1973.8108128307922,0.));
#11667 = IFCCARTESIANPOINT((1332.2425734132946,1974.3911809452943,0.));
#11668 = IFCCARTESIANPOINT((1331.1033183417749,1975.0770705351606,0.));
#11669 = IFCCARTESIANPOINT((1339.7270609159023,1972.4917943887413,0.));
#11670 = IFCPOLYLINE((#11671,#11672));
#11671 = IFCCARTESIANPOINT((1331.1033183417749,1975.0770705351606,0.));
#11672 = IFCCARTESIANPOINT((1331.1033183417749,1975.0770705351606,0.));
#11673 = IFCPOLYLINE((#11674,#11675,#11676,#11677,#11678,#11679,#11680,#11681,#11682));
#11674 = IFCCARTESIANPOINT((1331.1033183417749,1975.0770705351606,0.));
#11675 = IFCCARTESIANPOINT((1330.0156934207014,1975.857552590443,0.));
#11676 = IFCCARTESIANPOINT((1329.000426082734,1976.7216981011918,0.));
#11677 = IFCCARTESIANPOINT((1328.0575163278738,1977.669507067408,0.));
#11678 = IFCCARTESIANPOINT((1327.1869641561207,1978.7009794890919,0.));
#11679 = IFCCARTESIANPOINT((1326.3887695674737,1979.8161153662427,0.));
#11680 = IFCCARTESIANPOINT((1325.6629325619338,1981.014914698861,0.));
#11681 = IFCCARTESIANPOINT((1325.0094531395007,1982.297377486946,0.));
#11682 = IFCCARTESIANPOINT((1331.1033183417749,1975.0770705351606,0.));
#11683 = IFCPOLYLINE((#11684,#11685));
#11684 = IFCCARTESIANPOINT((1325.0094531395007,1982.297377486946,0.));
#11685 = IFCCARTESIANPOINT((1325.0094531395007,1982.297377486946,0.));
#11686 = IFCPOLYLINE((#11687,#11688,#11689,#11690,#11691,#11692,#11693,#11694,#11695));
#11687 = IFCCARTESIANPOINT((1325.0094531395007,1982.297377486946,0.));
#11688 = IFCCARTESIANPOINT((1324.4362454108268,1983.6499366836665,0.));
#11689 = IFCCARTESIANPOINT((1323.951223486564,1985.0590252421882,0.));
#11690 = IFCCARTESIANPOINT((1323.5543873667127,1986.5246431625123,0.));
#11691 = IFCCARTESIANPOINT((1323.245737051273,1988.0467904446393,0.));
#11692 = IFCCARTESIANPOINT((1323.0252725402445,1989.6254670885678,0.));
#11693 = IFCCARTESIANPOINT((1322.8929938336273,1991.2606730942985,0.));
#11694 = IFCCARTESIANPOINT((1322.8489009314217,1992.9524084618315,0.));
#11695 = IFCCARTESIANPOINT((1325.0094531395007,1982.297377486946,0.));
#11696 = IFCPOLYLINE((#11697,#11698));
#11697 = IFCCARTESIANPOINT((1322.8489009314217,1992.9524084618315,0.));
#11698 = IFCCARTESIANPOINT((1322.8489009314217,1992.9524084618315,0.));
#11699 = IFCPOLYLINE((#11700,#11701,#11702,#11703,#11704,#11705,#11706,#11707,#11708));
#11700 = IFCCARTESIANPOINT((1322.8489009314217,1992.9524084618315,0.));
#11701 = IFCCARTESIANPOINT((1322.8888483470955,1994.6079650378115,0.));
#11702 = IFCCARTESIANPOINT((1323.008690594116,1996.219051849173,0.));
#11703 = IFCCARTESIANPOINT((1323.2084276724834,1997.7856688959168,0.));
#11704 = IFCCARTESIANPOINT((1323.4880595821983,1999.307816178044,0.));
#11705 = IFCCARTESIANPOINT((1323.84758632326,2000.7854936955525,0.));
#11706 = IFCCARTESIANPOINT((1324.287007895669,2002.2187014484437,0.));
#11707 = IFCCARTESIANPOINT((1324.806324299425,2003.607439436717,0.));
#11708 = IFCCARTESIANPOINT((1322.8489009314217,1992.9524084618315,0.));
#11709 = IFCPOLYLINE((#11710,#11711));
#11710 = IFCCARTESIANPOINT((1324.806324299425,2003.607439436717,0.));
#11711 = IFCCARTESIANPOINT((1324.806324299425,2003.607439436717,0.));
#11712 = IFCPOLYLINE((#11713,#11714,#11715,#11716,#11717,#11718,#11719,#11720,#11721));
#11713 = IFCCARTESIANPOINT((1324.806324299425,2003.607439436717,0.));
#11714 = IFCCARTESIANPOINT((1325.4055355345283,2004.9283421908283,0.));
#11715 = IFCCARTESIANPOINT((1326.084641600978,2006.158044241231,0.));
#11716 = IFCCARTESIANPOINT((1326.8436424987751,2007.2965455879264,0.));
#11717 = IFCCARTESIANPOINT((1327.6825382279194,2008.3438462309152,0.));
#11718 = IFCCARTESIANPOINT((1328.6013287884107,2009.2999461701957,0.));
#11719 = IFCCARTESIANPOINT((1329.6000141802492,2010.164845405769,0.));
#11720 = IFCCARTESIANPOINT((1330.6785944034345,2010.9385439376347,0.));
#11721 = IFCCARTESIANPOINT((1324.806324299425,2003.607439436717,0.));
#11722 = IFCPOLYLINE((#11723,#11724));
#11723 = IFCCARTESIANPOINT((1330.6785944034345,2010.9385439376347,0.));
#11724 = IFCCARTESIANPOINT((1330.6785944034345,2010.9385439376347,0.));
#11725 = IFCPOLYLINE((#11726,#11727,#11728,#11729,#11730,#11731,#11732,#11733,#11734));
#11726 = IFCCARTESIANPOINT((1330.6785944034345,2010.9385439376347,0.));
#11727 = IFCCARTESIANPOINT((1331.8159651628948,2011.6146351047892,0.));
#11728 = IFCCARTESIANPOINT((1332.9910221635555,2012.1867122462268,0.));
#11729 = IFCCARTESIANPOINT((1334.203765405418,2012.6547753619484,0.));
#11730 = IFCCARTESIANPOINT((1335.454194888482,2013.018824451955,0.));
#11731 = IFCCARTESIANPOINT((1336.7423106127476,2013.2788595162447,0.));
#11732 = IFCCARTESIANPOINT((1338.0681125782146,2013.4348805548184,0.));
#11733 = IFCCARTESIANPOINT((1339.431600784883,2013.4868875676766,0.));
#11734 = IFCCARTESIANPOINT((1330.6785944034345,2010.9385439376347,0.));
#11735 = IFCPOLYLINE((#11736,#11737));
#11736 = IFCCARTESIANPOINT((1339.431600784883,2013.4868875676766,0.));
#11737 = IFCCARTESIANPOINT((1339.431600784883,2013.4868875676766,0.));
#11738 = IFCPOLYLINE((#11739,#11740,#11741,#11742,#11743,#11744,#11745,#11746,#11747));
#11739 = IFCCARTESIANPOINT((1339.431600784883,2013.4868875676766,0.));
#11740 = IFCCARTESIANPOINT((1340.4287787270737,2013.4563617123038,0.));
#11741 = IFCCARTESIANPOINT((1341.3943002266544,2013.3647841461839,0.));
#11742 = IFCCARTESIANPOINT((1342.328165283626,2013.2121548693178,0.));
#11743 = IFCCARTESIANPOINT((1343.2303738979888,2012.9984738817059,0.));
#11744 = IFCCARTESIANPOINT((1344.1009260697424,2012.7237411833473,0.));
#11745 = IFCCARTESIANPOINT((1344.9398217988867,2012.3879567742424,0.));
#11746 = IFCCARTESIANPOINT((1345.7470610854216,2011.9911206543911,0.));
#11747 = IFCCARTESIANPOINT((1339.431600784883,2013.4868875676766,0.));
#11748 = IFCPOLYLINE((#11749,#11750));
#11749 = IFCCARTESIANPOINT((1345.7470610854216,2011.9911206543911,0.));
#11750 = IFCCARTESIANPOINT((1345.7470610854216,2011.9911206543911,0.));
#11751 = IFCPOLYLINE((#11752,#11753,#11754,#11755,#11756,#11757,#11758,#11759,#11760));
#11752 = IFCCARTESIANPOINT((1345.7470610854216,2011.9911206543911,0.));
#11753 = IFCCARTESIANPOINT((1346.5173678555793,2011.5452924209785,0.));
#11754 = IFCCARTESIANPOINT((1347.2454660355913,2011.0625316711873,0.));
#11755 = IFCCARTESIANPOINT((1347.9313556254574,2010.5428384050194,0.));
#11756 = IFCCARTESIANPOINT((1348.5750366251782,2009.9862126224743,0.));
#11757 = IFCCARTESIANPOINT((1349.1765090347535,2009.3926543235511,0.));
#11758 = IFCCARTESIANPOINT((1349.7357728541829,2008.7621635082512,0.));
#11759 = IFCCARTESIANPOINT((1350.2528280834667,2008.0947401765734,0.));
#11760 = IFCCARTESIANPOINT((1345.7470610854216,2011.9911206543911,0.));
#11761 = IFCPOLYLINE((#11762,#11763,#11764,#11765,#11766,#11767));
#11762 = IFCCARTESIANPOINT((1350.2528280834667,2008.0947401765734,0.));
#11763 = IFCCARTESIANPOINT((1350.2528280834667,2027.521243791096,0.));
#11764 = IFCCARTESIANPOINT((1356.8637485150248,2027.521243791096,0.));
#11765 = IFCCARTESIANPOINT((1356.8637485150248,1973.3781747817993,0.));
#11766 = IFCCARTESIANPOINT((1350.6960182799958,1973.3781747817993,0.));
#11767 = IFCCARTESIANPOINT((1350.2528280834667,2008.0947401765734,0.));
#11768 = IFCPOLYLINE((#11769,#11770,#11771,#11772,#11773,#11774,#11775,#11776,#11777));
#11769 = IFCCARTESIANPOINT((1329.6814164612442,1992.9524084618315,0.));
#11770 = IFCCARTESIANPOINT((1329.746236796111,1990.8774040212804,0.));
#11771 = IFCCARTESIANPOINT((1329.9406978007103,1988.957666894478,0.));
#11772 = IFCCARTESIANPOINT((1330.2647994750423,1987.193197081426,0.));
#11773 = IFCCARTESIANPOINT((1330.7185418191082,1985.5839945821247,0.));
#11774 = IFCCARTESIANPOINT((1331.3019248329067,1984.1300593965725,0.));
#11775 = IFCCARTESIANPOINT((1332.014948516438,1982.8313915247707,0.));
#11776 = IFCCARTESIANPOINT((1332.8576128697023,1981.6879909667186,0.));
#11777 = IFCCARTESIANPOINT((1329.6814164612442,1992.9524084618315,0.));
#11778 = IFCPOLYLINE((#11779,#11780));
#11779 = IFCCARTESIANPOINT((1332.8576128697023,1981.6879909667186,0.));
#11780 = IFCCARTESIANPOINT((1332.8576128697023,1981.6879909667186,0.));
#11781 = IFCPOLYLINE((#11782,#11783,#11784,#11785,#11786,#11787,#11788,#11789,#11790));
#11782 = IFCCARTESIANPOINT((1332.8576128697023,1981.6879909667186,0.));
#11783 = IFCCARTESIANPOINT((1333.7884630273784,1980.6983502727692,0.));
#11784 = IFCCARTESIANPOINT((1334.7660441241437,1979.8609619932727,0.));
#11785 = IFCCARTESIANPOINT((1335.790356159999,1979.1758261282298,0.));
#11786 = IFCCARTESIANPOINT((1336.8613991349441,1978.6429426776417,0.));
#11787 = IFCCARTESIANPOINT((1337.9791730489792,1978.262311641507,0.));
#11788 = IFCCARTESIANPOINT((1339.1436779021037,1978.0339330198262,0.));
#11789 = IFCCARTESIANPOINT((1340.3549136943184,1977.9578068125993,0.));
#11790 = IFCCARTESIANPOINT((1332.8576128697023,1981.6879909667186,0.));
#11791 = IFCPOLYLINE((#11792,#11793));
#11792 = IFCCARTESIANPOINT((1340.3549136943184,1977.9578068125993,0.));
#11793 = IFCCARTESIANPOINT((1340.3549136943184,1977.9578068125993,0.));
#11794 = IFCPOLYLINE((#11795,#11796,#11797,#11798,#11799,#11800,#11801,#11802,#11803));
#11795 = IFCCARTESIANPOINT((1340.3549136943184,1977.9578068125993,0.));
#11796 = IFCCARTESIANPOINT((1341.5733098723617,1978.0305412581188,0.));
#11797 = IFCCARTESIANPOINT((1342.7381915878977,1978.2487445946745,0.));
#11798 = IFCCARTESIANPOINT((1343.8495588409285,1978.6124168222682,0.));
#11799 = IFCCARTESIANPOINT((1344.9074116314537,1979.1215579409,0.));
#11800 = IFCCARTESIANPOINT((1345.911749959472,1979.7761679505693,0.));
#11801 = IFCCARTESIANPOINT((1346.8625738249843,1980.5762468512762,0.));
#11802 = IFCCARTESIANPOINT((1347.759883227991,1981.5217946430203,0.));
#11803 = IFCCARTESIANPOINT((1340.3549136943184,1977.9578068125993,0.));
#11804 = IFCPOLYLINE((#11805,#11806));
#11805 = IFCCARTESIANPOINT((1347.759883227991,1981.5217946430203,0.));
#11806 = IFCCARTESIANPOINT((1347.759883227991,1981.5217946430203,0.));
#11807 = IFCPOLYLINE((#11808,#11809,#11810,#11811,#11812,#11813,#11814,#11815,#11816));
#11808 = IFCCARTESIANPOINT((1347.759883227991,1981.5217946430203,0.));
#11809 = IFCCARTESIANPOINT((1348.5682531017621,1982.6165799499229,0.));
#11810 = IFCCARTESIANPOINT((1349.2522583795683,1983.8643713961023,0.));
#11811 = IFCCARTESIANPOINT((1349.8118990614096,1985.26516898156,0.));
#11812 = IFCCARTESIANPOINT((1350.2471751472865,1986.818972706296,0.));
#11813 = IFCCARTESIANPOINT((1350.5580866371986,1988.5257825703093,0.));
#11814 = IFCCARTESIANPOINT((1350.7446335311456,1990.385598573601,0.));
#11815 = IFCCARTESIANPOINT((1350.806815829128,1992.3984207161702,0.));
#11816 = IFCCARTESIANPOINT((1347.759883227991,1981.5217946430203,0.));
#11817 = IFCPOLYLINE((#11818,#11819));
#11818 = IFCCARTESIANPOINT((1350.806815829128,1992.3984207161702,0.));
#11819 = IFCCARTESIANPOINT((1350.806815829128,1992.3984207161702,0.));
#11820 = IFCPOLYLINE((#11821,#11822,#11823,#11824,#11825,#11826,#11827,#11828,#11829));
#11821 = IFCCARTESIANPOINT((1350.806815829128,1992.3984207161702,0.));
#11822 = IFCCARTESIANPOINT((1350.7435029439098,1994.6113567995196,0.));
#11823 = IFCCARTESIANPOINT((1350.5535642882544,1996.6494287236937,0.));
#11824 = IFCCARTESIANPOINT((1350.2369998621618,1998.5126364886928,0.));
#11825 = IFCCARTESIANPOINT((1349.7938096656335,2000.200980094518,0.));
#11826 = IFCCARTESIANPOINT((1349.223993698667,2001.7144595411683,0.));
#11827 = IFCCARTESIANPOINT((1348.5275519612646,2003.0530748286437,0.));
#11828 = IFCCARTESIANPOINT((1347.7044844534248,2004.2168259569444,0.));
#11829 = IFCCARTESIANPOINT((1350.806815829128,1992.3984207161702,0.));
#11830 = IFCPOLYLINE((#11831,#11832));
#11831 = IFCCARTESIANPOINT((1347.7044844534248,2004.2168259569444,0.));
#11832 = IFCCARTESIANPOINT((1347.7044844534248,2004.2168259569444,0.));
#11833 = IFCPOLYLINE((#11834,#11835,#11836,#11837,#11838,#11839,#11840,#11841,#11842));
#11834 = IFCCARTESIANPOINT((1347.7044844534248,2004.2168259569444,0.));
#11835 = IFCCARTESIANPOINT((1346.78870879223,2005.216265073607,0.));
#11836 = IFCCARTESIANPOINT((1345.8141425947601,2006.0619443261671,0.));
#11837 = IFCCARTESIANPOINT((1344.7807858610163,2006.7538637146258,0.));
#11838 = IFCCARTESIANPOINT((1343.6886385909988,2007.2920232389827,0.));
#11839 = IFCCARTESIANPOINT((1342.5377007847062,2007.6764228992374,0.));
#11840 = IFCCARTESIANPOINT((1341.32797244214,2007.9070626953903,0.));
#11841 = IFCCARTESIANPOINT((1340.059453563299,2007.9839426274411,0.));
#11842 = IFCCARTESIANPOINT((1347.7044844534248,2004.2168259569444,0.));
#11843 = IFCPOLYLINE((#11844,#11845));
#11844 = IFCCARTESIANPOINT((1340.059453563299,2007.9839426274411,0.));
#11845 = IFCCARTESIANPOINT((1340.059453563299,2007.9839426274411,0.));
#11846 = IFCPOLYLINE((#11847,#11848,#11849,#11850,#11851,#11852,#11853,#11854,#11855));
#11847 = IFCCARTESIANPOINT((1340.059453563299,2007.9839426274411,0.));
#11848 = IFCCARTESIANPOINT((1338.8229679894796,2007.9100775946868,0.));
#11849 = IFCCARTESIANPOINT((1337.6460266767583,2007.688482496422,0.));
#11850 = IFCCARTESIANPOINT((1336.5286296251352,2007.3191573326474,0.));
#11851 = IFCCARTESIANPOINT((1335.470776834611,2006.802102103364,0.));
#11852 = IFCCARTESIANPOINT((1334.4724683051845,2006.1373168085702,0.));
#11853 = IFCCARTESIANPOINT((1333.5337040368563,2005.324801448267,0.));
#11854 = IFCCARTESIANPOINT((1332.6544840296265,2004.364556022454,0.));
#11855 = IFCCARTESIANPOINT((1340.059453563299,2007.9839426274411,0.));
#11856 = IFCPOLYLINE((#11857,#11858));
#11857 = IFCCARTESIANPOINT((1332.6544840296265,2004.364556022454,0.));
#11858 = IFCCARTESIANPOINT((1332.6544840296265,2004.364556022454,0.));
#11859 = IFCPOLYLINE((#11860,#11861,#11862,#11863,#11864,#11865,#11866,#11867,#11868));
#11860 = IFCCARTESIANPOINT((1332.6544840296265,2004.364556022454,0.));
#11861 = IFCCARTESIANPOINT((1331.8657110012805,2003.2452746587717,0.));
#11862 = IFCCARTESIANPOINT((1331.1982876696025,2001.9556514848575,0.));
#11863 = IFCCARTESIANPOINT((1330.6522140345935,2000.4956865007132,0.));
#11864 = IFCCARTESIANPOINT((1330.2274900962534,1998.865379706339,0.));
#11865 = IFCCARTESIANPOINT((1329.9241158545815,1997.0647311017333,0.));
#11866 = IFCCARTESIANPOINT((1329.7420913095784,1995.093740686898,0.));
#11867 = IFCCARTESIANPOINT((1329.6814164612442,1992.9524084618315,0.));
#11868 = IFCCARTESIANPOINT((1332.6544840296265,2004.364556022454,0.));
#11869 = IFCPOLYLINE((#11870,#11871,#11872,#11873,#11874));
#11870 = IFCCARTESIANPOINT((1369.1992089850828,1973.3781747817993,0.));
#11871 = IFCCARTESIANPOINT((1369.1992089850828,1980.9493406391703,0.));
#11872 = IFCCARTESIANPOINT((1376.7703748424537,1980.9493406391703,0.));
#11873 = IFCCARTESIANPOINT((1376.7703748424537,1973.3781747817993,0.));
#11874 = IFCCARTESIANPOINT((1369.1992089850828,1973.3781747817993,0.));
ENDSEC;
END-ISO-10303-21;
